acceptor	enzyme	reaction
()- cis, trans Abscisic acid	At_73C4	0
()- cis, trans Abscisic acid	At_78D1	0
()- cis, trans Abscisic acid	At_76E5	0
()- cis, trans Abscisic acid	At_73C7	0
()- cis, trans Abscisic acid	At_73B2	0
()- cis, trans Abscisic acid	At_76C4	0
()- cis, trans Abscisic acid	At_72E1	0
()- cis, trans Abscisic acid	At_89C1	0
()- cis, trans Abscisic acid	At_85A5	0
()- cis, trans Abscisic acid	At_85A4	0
()- cis, trans Abscisic acid	At_71B8	0
()- cis, trans Abscisic acid	At_76E4	0
()- cis, trans Abscisic acid	At_76E2	0
()- cis, trans Abscisic acid	At_76E1	0
()- cis, trans Abscisic acid	At_71C5	0
()- cis, trans Abscisic acid	At_72B3	0
()- cis, trans Abscisic acid	At_76E11	0
()- cis, trans Abscisic acid	At_75D1	0
()- cis, trans Abscisic acid	At_72C1	0
()- cis, trans Abscisic acid	At_72B1	0
()- cis, trans Abscisic acid	At_84B2	1
()- cis, trans Abscisic acid	At_71C1	0
()- cis, trans Abscisic acid	At_71C2	0
()- cis, trans Abscisic acid	At_89B1	0
()- cis, trans Abscisic acid	At_74F1	0
()- cis, trans Abscisic acid	At_72E2	0
()- cis, trans Abscisic acid	At_72E3	0
()- cis, trans Abscisic acid	At_71C3	0
()- cis, trans Abscisic acid	At_71C4	0
()- cis, trans Abscisic acid	At_71B1	0
()- cis, trans Abscisic acid	At_73B3	0
()- cis, trans Abscisic acid	At_78D2	0
()- cis, trans Abscisic acid	At_71B6	1
()- cis, trans Abscisic acid	At_73B1	1
()- cis, trans Abscisic acid	At_71B5	0
()- cis, trans Abscisic acid	At_88A1	0
()- cis, trans Abscisic acid	At_73C3	0
()- cis, trans Abscisic acid	At_73B5	0
()- cis, trans Abscisic acid	At_76E12	0
()- cis, trans Abscisic acid	VVGT1	0
()- cis, trans Abscisic acid	At_72D1	0
()- cis, trans Abscisic acid	At_74B1	0
()- cis, trans Abscisic acid	At_73C5	0
()- cis, trans Abscisic acid	At_73C6	0
()- cis, trans Abscisic acid	At_73C1	0
()- cis, trans Abscisic acid	At_73B4	0
()- cis, trans Abscisic acid	At_74F2	0
()- cis, trans Abscisic acid	At_84A3	0
()- cis, trans Abscisic acid	At_84A4	0
()- cis, trans Abscisic acid	At_84B1	1
()- cis, trans Abscisic acid	At_84A2	1
()- cis, trans Abscisic acid	At_84A1	1
()- cis, trans Abscisic acid	At_75B1	1
()-Jasmonic acid	At_73C4	0
()-Jasmonic acid	At_78D1	0
()-Jasmonic acid	At_76E5	0
()-Jasmonic acid	At_73C7	0
()-Jasmonic acid	At_73B2	0
()-Jasmonic acid	At_76C4	0
()-Jasmonic acid	At_72E1	0
()-Jasmonic acid	At_89C1	0
()-Jasmonic acid	At_85A5	0
()-Jasmonic acid	At_85A4	0
()-Jasmonic acid	At_71B8	0
()-Jasmonic acid	At_76E4	0
()-Jasmonic acid	At_76E2	0
()-Jasmonic acid	At_76E1	0
()-Jasmonic acid	At_71C5	0
()-Jasmonic acid	At_72B3	0
()-Jasmonic acid	At_76E11	0
()-Jasmonic acid	At_75D1	0
()-Jasmonic acid	At_72C1	0
()-Jasmonic acid	At_72B1	0
()-Jasmonic acid	At_84B2	0
()-Jasmonic acid	At_71C1	0
()-Jasmonic acid	At_71C2	0
()-Jasmonic acid	At_89B1	0
()-Jasmonic acid	At_74F1	0
()-Jasmonic acid	At_72E2	0
()-Jasmonic acid	At_72E3	0
()-Jasmonic acid	At_71C3	0
()-Jasmonic acid	At_71C4	0
()-Jasmonic acid	At_71B1	0
()-Jasmonic acid	At_73B3	0
()-Jasmonic acid	At_78D2	0
()-Jasmonic acid	At_71B6	0
()-Jasmonic acid	At_73B1	0
()-Jasmonic acid	At_71B5	0
()-Jasmonic acid	At_88A1	0
()-Jasmonic acid	At_73C3	0
()-Jasmonic acid	At_73B5	0
()-Jasmonic acid	At_76E12	0
()-Jasmonic acid	VVGT1	0
()-Jasmonic acid	At_72D1	0
()-Jasmonic acid	At_74B1	0
()-Jasmonic acid	At_73C5	0
()-Jasmonic acid	At_73C6	0
()-Jasmonic acid	At_73C1	0
()-Jasmonic acid	At_73B4	0
()-Jasmonic acid	At_74F2	0
()-Jasmonic acid	At_84A3	0
()-Jasmonic acid	At_84A4	0
()-Jasmonic acid	At_84B1	0
()-Jasmonic acid	At_84A2	1
()-Jasmonic acid	At_84A1	1
()-Jasmonic acid	At_75B1	1
1-Thio-S-cyanomethyl-N-acetyl-D-glucosamine	At_73C4	0
1-Thio-S-cyanomethyl-N-acetyl-D-glucosamine	At_78D1	0
1-Thio-S-cyanomethyl-N-acetyl-D-glucosamine	At_73B2	0
1-Thio-S-cyanomethyl-N-acetyl-D-glucosamine	At_72E1	0
1-Thio-S-cyanomethyl-N-acetyl-D-glucosamine	At_89C1	0
1-Thio-S-cyanomethyl-N-acetyl-D-glucosamine	At_85A5	0
1-Thio-S-cyanomethyl-N-acetyl-D-glucosamine	At_85A4	0
1-Thio-S-cyanomethyl-N-acetyl-D-glucosamine	At_71B8	0
1-Thio-S-cyanomethyl-N-acetyl-D-glucosamine	At_76E4	0
1-Thio-S-cyanomethyl-N-acetyl-D-glucosamine	At_76E2	0
1-Thio-S-cyanomethyl-N-acetyl-D-glucosamine	At_76E1	0
1-Thio-S-cyanomethyl-N-acetyl-D-glucosamine	At_71C5	0
1-Thio-S-cyanomethyl-N-acetyl-D-glucosamine	At_72B3	0
1-Thio-S-cyanomethyl-N-acetyl-D-glucosamine	At_76E11	0
1-Thio-S-cyanomethyl-N-acetyl-D-glucosamine	At_75D1	0
1-Thio-S-cyanomethyl-N-acetyl-D-glucosamine	At_72C1	0
1-Thio-S-cyanomethyl-N-acetyl-D-glucosamine	At_84B2	0
1-Thio-S-cyanomethyl-N-acetyl-D-glucosamine	At_71C1	0
1-Thio-S-cyanomethyl-N-acetyl-D-glucosamine	At_71C2	0
1-Thio-S-cyanomethyl-N-acetyl-D-glucosamine	At_89B1	0
1-Thio-S-cyanomethyl-N-acetyl-D-glucosamine	At_74F1	0
1-Thio-S-cyanomethyl-N-acetyl-D-glucosamine	At_72E2	0
1-Thio-S-cyanomethyl-N-acetyl-D-glucosamine	At_72E3	0
1-Thio-S-cyanomethyl-N-acetyl-D-glucosamine	At_71C3	0
1-Thio-S-cyanomethyl-N-acetyl-D-glucosamine	At_71C4	0
1-Thio-S-cyanomethyl-N-acetyl-D-glucosamine	At_71B1	0
1-Thio-S-cyanomethyl-N-acetyl-D-glucosamine	At_73B3	0
1-Thio-S-cyanomethyl-N-acetyl-D-glucosamine	At_78D2	0
1-Thio-S-cyanomethyl-N-acetyl-D-glucosamine	At_71B6	0
1-Thio-S-cyanomethyl-N-acetyl-D-glucosamine	At_73B1	0
1-Thio-S-cyanomethyl-N-acetyl-D-glucosamine	At_71B5	0
1-Thio-S-cyanomethyl-N-acetyl-D-glucosamine	At_88A1	0
1-Thio-S-cyanomethyl-N-acetyl-D-glucosamine	At_73C3	0
1-Thio-S-cyanomethyl-N-acetyl-D-glucosamine	At_73B5	0
1-Thio-S-cyanomethyl-N-acetyl-D-glucosamine	At_76E12	0
1-Thio-S-cyanomethyl-N-acetyl-D-glucosamine	VVGT1	0
1-Thio-S-cyanomethyl-N-acetyl-D-glucosamine	At_72D1	0
1-Thio-S-cyanomethyl-N-acetyl-D-glucosamine	At_74B1	0
1-Thio-S-cyanomethyl-N-acetyl-D-glucosamine	At_73C5	0
1-Thio-S-cyanomethyl-N-acetyl-D-glucosamine	At_73C6	0
1-Thio-S-cyanomethyl-N-acetyl-D-glucosamine	At_73C1	0
1-Thio-S-cyanomethyl-N-acetyl-D-glucosamine	At_73B4	0
1-Thio-S-cyanomethyl-N-acetyl-D-glucosamine	At_74F2	0
1-Thio-S-cyanomethyl-N-acetyl-D-glucosamine	At_84A3	0
1-Thio-S-cyanomethyl-N-acetyl-D-glucosamine	At_84A4	0
1-Thio-S-cyanomethyl-N-acetyl-D-glucosamine	At_84B1	0
1-Thio-S-cyanomethyl-N-acetyl-D-glucosamine	At_84A2	0
1-Thio-S-cyanomethyl-N-acetyl-D-glucosamine	At_84A1	0
1-Thio-S-cyanomethyl-N-acetyl-D-glucosamine	At_75B1	0
2,5-dihydroxylbenzoic acid	At_73C4	0
2,5-dihydroxylbenzoic acid	At_78D1	0
2,5-dihydroxylbenzoic acid	At_76E5	0
2,5-dihydroxylbenzoic acid	At_73C7	0
2,5-dihydroxylbenzoic acid	At_73B2	0
2,5-dihydroxylbenzoic acid	At_76C4	0
2,5-dihydroxylbenzoic acid	At_72E1	0
2,5-dihydroxylbenzoic acid	At_89C1	0
2,5-dihydroxylbenzoic acid	At_85A5	0.5
2,5-dihydroxylbenzoic acid	At_85A4	0
2,5-dihydroxylbenzoic acid	At_71B8	0
2,5-dihydroxylbenzoic acid	At_76E4	0.5
2,5-dihydroxylbenzoic acid	At_76E2	0
2,5-dihydroxylbenzoic acid	At_76E1	0
2,5-dihydroxylbenzoic acid	At_71C5	0.5
2,5-dihydroxylbenzoic acid	At_72B3	0.5
2,5-dihydroxylbenzoic acid	At_76E11	0
2,5-dihydroxylbenzoic acid	At_75D1	0
2,5-dihydroxylbenzoic acid	At_72C1	0
2,5-dihydroxylbenzoic acid	At_72B1	1
2,5-dihydroxylbenzoic acid	At_84B2	0
2,5-dihydroxylbenzoic acid	At_71C1	0.5
2,5-dihydroxylbenzoic acid	At_71C2	0.5
2,5-dihydroxylbenzoic acid	At_89B1	1
2,5-dihydroxylbenzoic acid	At_74F1	0.5
2,5-dihydroxylbenzoic acid	At_72E2	0.5
2,5-dihydroxylbenzoic acid	At_72E3	0.5
2,5-dihydroxylbenzoic acid	At_71C3	1
2,5-dihydroxylbenzoic acid	At_71C4	1
2,5-dihydroxylbenzoic acid	At_71B1	1
2,5-dihydroxylbenzoic acid	At_73B3	1
2,5-dihydroxylbenzoic acid	At_78D2	0
2,5-dihydroxylbenzoic acid	At_71B6	0
2,5-dihydroxylbenzoic acid	At_73B1	0
2,5-dihydroxylbenzoic acid	At_71B5	0
2,5-dihydroxylbenzoic acid	At_88A1	0
2,5-dihydroxylbenzoic acid	At_73C3	0
2,5-dihydroxylbenzoic acid	At_73B5	0
2,5-dihydroxylbenzoic acid	At_76E12	0
2,5-dihydroxylbenzoic acid	VVGT1	0
2,5-dihydroxylbenzoic acid	At_72D1	1
2,5-dihydroxylbenzoic acid	At_74B1	0
2,5-dihydroxylbenzoic acid	At_73C5	0
2,5-dihydroxylbenzoic acid	At_73C6	0
2,5-dihydroxylbenzoic acid	At_73C1	0.5
2,5-dihydroxylbenzoic acid	At_73B4	1
2,5-dihydroxylbenzoic acid	At_74F2	0
2,5-dihydroxylbenzoic acid	At_84A3	0
2,5-dihydroxylbenzoic acid	At_84A4	0
2,5-dihydroxylbenzoic acid	At_84B1	0
2,5-dihydroxylbenzoic acid	At_84A2	0
2,5-dihydroxylbenzoic acid	At_84A1	0.5
2,5-dihydroxylbenzoic acid	At_75B1	1
2-Methyl-umbelliferone	At_73C4	0
2-Methyl-umbelliferone	At_78D1	0
2-Methyl-umbelliferone	At_76E5	0
2-Methyl-umbelliferone	At_73C7	0
2-Methyl-umbelliferone	At_73B2	0
2-Methyl-umbelliferone	At_76C4	0
2-Methyl-umbelliferone	At_72E1	0
2-Methyl-umbelliferone	At_89C1	0
2-Methyl-umbelliferone	At_85A5	0
2-Methyl-umbelliferone	At_85A4	0
2-Methyl-umbelliferone	At_71B8	0
2-Methyl-umbelliferone	At_76E4	0
2-Methyl-umbelliferone	At_76E2	0.5
2-Methyl-umbelliferone	At_76E1	0
2-Methyl-umbelliferone	At_71C5	1
2-Methyl-umbelliferone	At_72B3	1
2-Methyl-umbelliferone	At_76E11	1
2-Methyl-umbelliferone	At_75D1	0
2-Methyl-umbelliferone	At_72C1	0
2-Methyl-umbelliferone	At_72B1	1
2-Methyl-umbelliferone	At_84B2	0
2-Methyl-umbelliferone	At_71C1	0
2-Methyl-umbelliferone	At_71C2	0.5
2-Methyl-umbelliferone	At_89B1	0
2-Methyl-umbelliferone	At_74F1	0
2-Methyl-umbelliferone	At_72E2	0
2-Methyl-umbelliferone	At_72E3	0
2-Methyl-umbelliferone	At_71C3	0
2-Methyl-umbelliferone	At_71C4	0
2-Methyl-umbelliferone	At_71B1	1
2-Methyl-umbelliferone	At_73B3	1
2-Methyl-umbelliferone	At_78D2	1
2-Methyl-umbelliferone	At_71B6	0.5
2-Methyl-umbelliferone	At_73B1	1
2-Methyl-umbelliferone	At_71B5	0
2-Methyl-umbelliferone	At_88A1	1
2-Methyl-umbelliferone	At_73C3	1
2-Methyl-umbelliferone	At_73B5	0
2-Methyl-umbelliferone	At_76E12	1
2-Methyl-umbelliferone	VVGT1	1
2-Methyl-umbelliferone	At_72D1	1
2-Methyl-umbelliferone	At_74B1	0.5
2-Methyl-umbelliferone	At_73C5	1
2-Methyl-umbelliferone	At_73C6	1
2-Methyl-umbelliferone	At_73C1	1
2-Methyl-umbelliferone	At_73B4	1
2-Methyl-umbelliferone	At_74F2	1
2-Methyl-umbelliferone	At_84A3	1
2-Methyl-umbelliferone	At_84A4	0
2-Methyl-umbelliferone	At_84B1	1
2-Methyl-umbelliferone	At_84A2	1
2-Methyl-umbelliferone	At_84A1	1
2-Methyl-umbelliferone	At_75B1	1
2-hydroxy cinnamic acid	At_73C4	0
2-hydroxy cinnamic acid	At_78D1	0
2-hydroxy cinnamic acid	At_76E5	0
2-hydroxy cinnamic acid	At_73C7	0
2-hydroxy cinnamic acid	At_73B2	0
2-hydroxy cinnamic acid	At_76C4	0
2-hydroxy cinnamic acid	At_72E1	0.5
2-hydroxy cinnamic acid	At_89C1	0
2-hydroxy cinnamic acid	At_85A5	0
2-hydroxy cinnamic acid	At_85A4	0
2-hydroxy cinnamic acid	At_71B8	1
2-hydroxy cinnamic acid	At_76E4	0.5
2-hydroxy cinnamic acid	At_76E2	0
2-hydroxy cinnamic acid	At_76E1	0.5
2-hydroxy cinnamic acid	At_71C5	0
2-hydroxy cinnamic acid	At_72B3	0
2-hydroxy cinnamic acid	At_76E11	0
2-hydroxy cinnamic acid	At_75D1	0.5
2-hydroxy cinnamic acid	At_72C1	0
2-hydroxy cinnamic acid	At_72B1	0
2-hydroxy cinnamic acid	At_84B2	0
2-hydroxy cinnamic acid	At_71C1	1
2-hydroxy cinnamic acid	At_71C2	1
2-hydroxy cinnamic acid	At_89B1	0.5
2-hydroxy cinnamic acid	At_74F1	0.5
2-hydroxy cinnamic acid	At_72E2	1
2-hydroxy cinnamic acid	At_72E3	0.5
2-hydroxy cinnamic acid	At_71C3	1
2-hydroxy cinnamic acid	At_71C4	1
2-hydroxy cinnamic acid	At_71B1	1
2-hydroxy cinnamic acid	At_73B3	0
2-hydroxy cinnamic acid	At_78D2	0
2-hydroxy cinnamic acid	At_71B6	0
2-hydroxy cinnamic acid	At_73B1	0
2-hydroxy cinnamic acid	At_71B5	0
2-hydroxy cinnamic acid	At_88A1	0
2-hydroxy cinnamic acid	At_73C3	0
2-hydroxy cinnamic acid	At_73B5	0
2-hydroxy cinnamic acid	At_76E12	0
2-hydroxy cinnamic acid	VVGT1	0
2-hydroxy cinnamic acid	At_72D1	0.5
2-hydroxy cinnamic acid	At_74B1	0.5
2-hydroxy cinnamic acid	At_73C5	0
2-hydroxy cinnamic acid	At_73C6	0
2-hydroxy cinnamic acid	At_73C1	0
2-hydroxy cinnamic acid	At_73B4	0
2-hydroxy cinnamic acid	At_74F2	0.5
2-hydroxy cinnamic acid	At_84A3	0
2-hydroxy cinnamic acid	At_84A4	0.5
2-hydroxy cinnamic acid	At_84B1	0
2-hydroxy cinnamic acid	At_84A2	1
2-hydroxy cinnamic acid	At_84A1	1
2-hydroxy cinnamic acid	At_75B1	1
3,4-dichloroaniline	At_73C4	0
3,4-dichloroaniline	At_78D1	0
3,4-dichloroaniline	At_76E5	0
3,4-dichloroaniline	At_73C7	0
3,4-dichloroaniline	At_73B2	0
3,4-dichloroaniline	At_76C4	0
3,4-dichloroaniline	At_72E1	0
3,4-dichloroaniline	At_89C1	0
3,4-dichloroaniline	At_85A5	0
3,4-dichloroaniline	At_85A4	1
3,4-dichloroaniline	At_71B8	0
3,4-dichloroaniline	At_76E4	0
3,4-dichloroaniline	At_76E2	0
3,4-dichloroaniline	At_76E1	0
3,4-dichloroaniline	At_71C5	0
3,4-dichloroaniline	At_72B3	1
3,4-dichloroaniline	At_76E11	0
3,4-dichloroaniline	At_75D1	0
3,4-dichloroaniline	At_72C1	0
3,4-dichloroaniline	At_72B1	1
3,4-dichloroaniline	At_84B2	0
3,4-dichloroaniline	At_71C1	0
3,4-dichloroaniline	At_71C2	0
3,4-dichloroaniline	At_89B1	0
3,4-dichloroaniline	At_74F1	0
3,4-dichloroaniline	At_72E2	1
3,4-dichloroaniline	At_72E3	0
3,4-dichloroaniline	At_71C3	0
3,4-dichloroaniline	At_71C4	0
3,4-dichloroaniline	At_71B1	0
3,4-dichloroaniline	At_73B3	0
3,4-dichloroaniline	At_78D2	0
3,4-dichloroaniline	At_71B6	0.5
3,4-dichloroaniline	At_73B1	0
3,4-dichloroaniline	At_71B5	0
3,4-dichloroaniline	At_88A1	0
3,4-dichloroaniline	At_73C3	0
3,4-dichloroaniline	At_73B5	0
3,4-dichloroaniline	At_76E12	0
3,4-dichloroaniline	VVGT1	0
3,4-dichloroaniline	At_72D1	0
3,4-dichloroaniline	At_74B1	0
3,4-dichloroaniline	At_73C5	0
3,4-dichloroaniline	At_73C6	0
3,4-dichloroaniline	At_73C1	0
3,4-dichloroaniline	At_73B4	0
3,4-dichloroaniline	At_74F2	0
3,4-dichloroaniline	At_84A3	0
3,4-dichloroaniline	At_84A4	0
3,4-dichloroaniline	At_84B1	0
3,4-dichloroaniline	At_84A2	0
3,4-dichloroaniline	At_84A1	0
3,4-dichloroaniline	At_75B1	0
3,4-dihydroxylbenzoic acid	At_73C4	0
3,4-dihydroxylbenzoic acid	At_78D1	0
3,4-dihydroxylbenzoic acid	At_76E5	0
3,4-dihydroxylbenzoic acid	At_73C7	0
3,4-dihydroxylbenzoic acid	At_73B2	0
3,4-dihydroxylbenzoic acid	At_76C4	0
3,4-dihydroxylbenzoic acid	At_72E1	0.5
3,4-dihydroxylbenzoic acid	At_89C1	0
3,4-dihydroxylbenzoic acid	At_85A5	0.5
3,4-dihydroxylbenzoic acid	At_85A4	0
3,4-dihydroxylbenzoic acid	At_71B8	0
3,4-dihydroxylbenzoic acid	At_76E4	0
3,4-dihydroxylbenzoic acid	At_76E2	0
3,4-dihydroxylbenzoic acid	At_76E1	0.5
3,4-dihydroxylbenzoic acid	At_71C5	0.5
3,4-dihydroxylbenzoic acid	At_72B3	0.5
3,4-dihydroxylbenzoic acid	At_76E11	0
3,4-dihydroxylbenzoic acid	At_75D1	0
3,4-dihydroxylbenzoic acid	At_72C1	0
3,4-dihydroxylbenzoic acid	At_72B1	1
3,4-dihydroxylbenzoic acid	At_84B2	0.5
3,4-dihydroxylbenzoic acid	At_71C1	1
3,4-dihydroxylbenzoic acid	At_71C2	0.5
3,4-dihydroxylbenzoic acid	At_89B1	1
3,4-dihydroxylbenzoic acid	At_74F1	0.5
3,4-dihydroxylbenzoic acid	At_72E2	0.5
3,4-dihydroxylbenzoic acid	At_72E3	0.5
3,4-dihydroxylbenzoic acid	At_71C3	1
3,4-dihydroxylbenzoic acid	At_71C4	1
3,4-dihydroxylbenzoic acid	At_71B1	1
3,4-dihydroxylbenzoic acid	At_73B3	1
3,4-dihydroxylbenzoic acid	At_78D2	1
3,4-dihydroxylbenzoic acid	At_71B6	0
3,4-dihydroxylbenzoic acid	At_73B1	0
3,4-dihydroxylbenzoic acid	At_71B5	0
3,4-dihydroxylbenzoic acid	At_88A1	0
3,4-dihydroxylbenzoic acid	At_73C3	0
3,4-dihydroxylbenzoic acid	At_73B5	0
3,4-dihydroxylbenzoic acid	At_76E12	0
3,4-dihydroxylbenzoic acid	VVGT1	0.5
3,4-dihydroxylbenzoic acid	At_72D1	1
3,4-dihydroxylbenzoic acid	At_74B1	0
3,4-dihydroxylbenzoic acid	At_73C5	0
3,4-dihydroxylbenzoic acid	At_73C6	0
3,4-dihydroxylbenzoic acid	At_73C1	0.5
3,4-dihydroxylbenzoic acid	At_73B4	1
3,4-dihydroxylbenzoic acid	At_74F2	1
3,4-dihydroxylbenzoic acid	At_84A3	0
3,4-dihydroxylbenzoic acid	At_84A4	0
3,4-dihydroxylbenzoic acid	At_84B1	0
3,4-dihydroxylbenzoic acid	At_84A2	0
3,4-dihydroxylbenzoic acid	At_84A1	1
3,4-dihydroxylbenzoic acid	At_75B1	1
3,4-dihyroxy cinnamic acid	At_73C4	0
3,4-dihyroxy cinnamic acid	At_78D1	0
3,4-dihyroxy cinnamic acid	At_76E5	0
3,4-dihyroxy cinnamic acid	At_73C7	0
3,4-dihyroxy cinnamic acid	At_73B2	0
3,4-dihyroxy cinnamic acid	At_76C4	0
3,4-dihyroxy cinnamic acid	At_72E1	0
3,4-dihyroxy cinnamic acid	At_89C1	0
3,4-dihyroxy cinnamic acid	At_85A5	0
3,4-dihyroxy cinnamic acid	At_85A4	0
3,4-dihyroxy cinnamic acid	At_71B8	1
3,4-dihyroxy cinnamic acid	At_76E4	0
3,4-dihyroxy cinnamic acid	At_76E2	0
3,4-dihyroxy cinnamic acid	At_76E1	0
3,4-dihyroxy cinnamic acid	At_71C5	0
3,4-dihyroxy cinnamic acid	At_72B3	0
3,4-dihyroxy cinnamic acid	At_76E11	0
3,4-dihyroxy cinnamic acid	At_75D1	0
3,4-dihyroxy cinnamic acid	At_72C1	0
3,4-dihyroxy cinnamic acid	At_72B1	0
3,4-dihyroxy cinnamic acid	At_84B2	0
3,4-dihyroxy cinnamic acid	At_71C1	1
3,4-dihyroxy cinnamic acid	At_71C2	1
3,4-dihyroxy cinnamic acid	At_89B1	1
3,4-dihyroxy cinnamic acid	At_74F1	0.5
3,4-dihyroxy cinnamic acid	At_72E2	1
3,4-dihyroxy cinnamic acid	At_72E3	1
3,4-dihyroxy cinnamic acid	At_71C3	1
3,4-dihyroxy cinnamic acid	At_71C4	1
3,4-dihyroxy cinnamic acid	At_71B1	1
3,4-dihyroxy cinnamic acid	At_73B3	1
3,4-dihyroxy cinnamic acid	At_78D2	1
3,4-dihyroxy cinnamic acid	At_71B6	0
3,4-dihyroxy cinnamic acid	At_73B1	0
3,4-dihyroxy cinnamic acid	At_71B5	0
3,4-dihyroxy cinnamic acid	At_88A1	0
3,4-dihyroxy cinnamic acid	At_73C3	0
3,4-dihyroxy cinnamic acid	At_73B5	1
3,4-dihyroxy cinnamic acid	At_76E12	1
3,4-dihyroxy cinnamic acid	VVGT1	1
3,4-dihyroxy cinnamic acid	At_72D1	0
3,4-dihyroxy cinnamic acid	At_74B1	0
3,4-dihyroxy cinnamic acid	At_73C5	0
3,4-dihyroxy cinnamic acid	At_73C6	0
3,4-dihyroxy cinnamic acid	At_73C1	0.5
3,4-dihyroxy cinnamic acid	At_73B4	0
3,4-dihyroxy cinnamic acid	At_74F2	0
3,4-dihyroxy cinnamic acid	At_84A3	1
3,4-dihyroxy cinnamic acid	At_84A4	1
3,4-dihyroxy cinnamic acid	At_84B1	1
3,4-dihyroxy cinnamic acid	At_84A2	1
3,4-dihyroxy cinnamic acid	At_84A1	1
3,4-dihyroxy cinnamic acid	At_75B1	1
3-hydroxy cinnamic acid	At_73C4	0
3-hydroxy cinnamic acid	At_78D1	0
3-hydroxy cinnamic acid	At_76E5	0
3-hydroxy cinnamic acid	At_73C7	0
3-hydroxy cinnamic acid	At_73B2	0
3-hydroxy cinnamic acid	At_76C4	0
3-hydroxy cinnamic acid	At_72E1	0.5
3-hydroxy cinnamic acid	At_89C1	0
3-hydroxy cinnamic acid	At_85A5	0
3-hydroxy cinnamic acid	At_85A4	0
3-hydroxy cinnamic acid	At_71B8	0.5
3-hydroxy cinnamic acid	At_76E4	0.5
3-hydroxy cinnamic acid	At_76E2	0
3-hydroxy cinnamic acid	At_76E1	0.5
3-hydroxy cinnamic acid	At_71C5	0
3-hydroxy cinnamic acid	At_72B3	0
3-hydroxy cinnamic acid	At_76E11	0
3-hydroxy cinnamic acid	At_75D1	0.5
3-hydroxy cinnamic acid	At_72C1	0
3-hydroxy cinnamic acid	At_72B1	0
3-hydroxy cinnamic acid	At_84B2	0
3-hydroxy cinnamic acid	At_71C1	0
3-hydroxy cinnamic acid	At_71C2	0
3-hydroxy cinnamic acid	At_89B1	0.5
3-hydroxy cinnamic acid	At_74F1	0.5
3-hydroxy cinnamic acid	At_72E2	1
3-hydroxy cinnamic acid	At_72E3	0.5
3-hydroxy cinnamic acid	At_71C3	0
3-hydroxy cinnamic acid	At_71C4	0.5
3-hydroxy cinnamic acid	At_71B1	0
3-hydroxy cinnamic acid	At_73B3	0
3-hydroxy cinnamic acid	At_78D2	0
3-hydroxy cinnamic acid	At_71B6	0
3-hydroxy cinnamic acid	At_73B1	0
3-hydroxy cinnamic acid	At_71B5	0
3-hydroxy cinnamic acid	At_88A1	0
3-hydroxy cinnamic acid	At_73C3	0
3-hydroxy cinnamic acid	At_73B5	0
3-hydroxy cinnamic acid	At_76E12	0
3-hydroxy cinnamic acid	VVGT1	0
3-hydroxy cinnamic acid	At_72D1	0.5
3-hydroxy cinnamic acid	At_74B1	0
3-hydroxy cinnamic acid	At_73C5	0
3-hydroxy cinnamic acid	At_73C6	0
3-hydroxy cinnamic acid	At_73C1	0
3-hydroxy cinnamic acid	At_73B4	0
3-hydroxy cinnamic acid	At_74F2	0
3-hydroxy cinnamic acid	At_84A3	0
3-hydroxy cinnamic acid	At_84A4	0
3-hydroxy cinnamic acid	At_84B1	0
3-hydroxy cinnamic acid	At_84A2	0
3-hydroxy cinnamic acid	At_84A1	0
3-hydroxy cinnamic acid	At_75B1	1
4-hydroxy 3-methoxy cinnamic acid	At_73C4	0
4-hydroxy 3-methoxy cinnamic acid	At_78D1	0
4-hydroxy 3-methoxy cinnamic acid	At_76E5	0
4-hydroxy 3-methoxy cinnamic acid	At_73C7	0
4-hydroxy 3-methoxy cinnamic acid	At_73B2	0
4-hydroxy 3-methoxy cinnamic acid	At_76C4	0
4-hydroxy 3-methoxy cinnamic acid	At_72E1	0
4-hydroxy 3-methoxy cinnamic acid	At_89C1	0.5
4-hydroxy 3-methoxy cinnamic acid	At_85A5	0
4-hydroxy 3-methoxy cinnamic acid	At_85A4	0
4-hydroxy 3-methoxy cinnamic acid	At_71B8	0
4-hydroxy 3-methoxy cinnamic acid	At_76E4	0
4-hydroxy 3-methoxy cinnamic acid	At_76E2	0
4-hydroxy 3-methoxy cinnamic acid	At_76E1	0
4-hydroxy 3-methoxy cinnamic acid	At_71C5	0
4-hydroxy 3-methoxy cinnamic acid	At_72B3	0
4-hydroxy 3-methoxy cinnamic acid	At_76E11	0
4-hydroxy 3-methoxy cinnamic acid	At_75D1	0.5
4-hydroxy 3-methoxy cinnamic acid	At_72C1	0
4-hydroxy 3-methoxy cinnamic acid	At_72B1	0
4-hydroxy 3-methoxy cinnamic acid	At_84B2	0
4-hydroxy 3-methoxy cinnamic acid	At_71C1	0
4-hydroxy 3-methoxy cinnamic acid	At_71C2	0
4-hydroxy 3-methoxy cinnamic acid	At_89B1	0
4-hydroxy 3-methoxy cinnamic acid	At_74F1	0
4-hydroxy 3-methoxy cinnamic acid	At_72E2	1
4-hydroxy 3-methoxy cinnamic acid	At_72E3	1
4-hydroxy 3-methoxy cinnamic acid	At_71C3	0
4-hydroxy 3-methoxy cinnamic acid	At_71C4	0
4-hydroxy 3-methoxy cinnamic acid	At_71B1	0
4-hydroxy 3-methoxy cinnamic acid	At_73B3	1
4-hydroxy 3-methoxy cinnamic acid	At_78D2	0
4-hydroxy 3-methoxy cinnamic acid	At_71B6	0
4-hydroxy 3-methoxy cinnamic acid	At_73B1	0
4-hydroxy 3-methoxy cinnamic acid	At_71B5	0
4-hydroxy 3-methoxy cinnamic acid	At_88A1	0
4-hydroxy 3-methoxy cinnamic acid	At_73C3	0
4-hydroxy 3-methoxy cinnamic acid	At_73B5	0.5
4-hydroxy 3-methoxy cinnamic acid	At_76E12	0
4-hydroxy 3-methoxy cinnamic acid	VVGT1	0
4-hydroxy 3-methoxy cinnamic acid	At_72D1	0
4-hydroxy 3-methoxy cinnamic acid	At_74B1	0
4-hydroxy 3-methoxy cinnamic acid	At_73C5	0
4-hydroxy 3-methoxy cinnamic acid	At_73C6	0
4-hydroxy 3-methoxy cinnamic acid	At_73C1	0
4-hydroxy 3-methoxy cinnamic acid	At_73B4	0
4-hydroxy 3-methoxy cinnamic acid	At_74F2	0
4-hydroxy 3-methoxy cinnamic acid	At_84A3	1
4-hydroxy 3-methoxy cinnamic acid	At_84A4	1
4-hydroxy 3-methoxy cinnamic acid	At_84B1	1
4-hydroxy 3-methoxy cinnamic acid	At_84A2	1
4-hydroxy 3-methoxy cinnamic acid	At_84A1	1
4-hydroxy 3-methoxy cinnamic acid	At_75B1	1
4-hydroxy cinnamic acid	At_73C4	0
4-hydroxy cinnamic acid	At_78D1	0
4-hydroxy cinnamic acid	At_76E5	0
4-hydroxy cinnamic acid	At_73C7	0
4-hydroxy cinnamic acid	At_73B2	0
4-hydroxy cinnamic acid	At_76C4	0
4-hydroxy cinnamic acid	At_72E1	0
4-hydroxy cinnamic acid	At_89C1	0
4-hydroxy cinnamic acid	At_85A5	0
4-hydroxy cinnamic acid	At_85A4	0
4-hydroxy cinnamic acid	At_71B8	0
4-hydroxy cinnamic acid	At_76E4	0.5
4-hydroxy cinnamic acid	At_76E2	0
4-hydroxy cinnamic acid	At_76E1	0.5
4-hydroxy cinnamic acid	At_71C5	0
4-hydroxy cinnamic acid	At_72B3	0
4-hydroxy cinnamic acid	At_76E11	0
4-hydroxy cinnamic acid	At_75D1	0.5
4-hydroxy cinnamic acid	At_72C1	0
4-hydroxy cinnamic acid	At_72B1	0
4-hydroxy cinnamic acid	At_84B2	0
4-hydroxy cinnamic acid	At_71C1	1
4-hydroxy cinnamic acid	At_71C2	1
4-hydroxy cinnamic acid	At_89B1	0.5
4-hydroxy cinnamic acid	At_74F1	0.5
4-hydroxy cinnamic acid	At_72E2	1
4-hydroxy cinnamic acid	At_72E3	0.5
4-hydroxy cinnamic acid	At_71C3	0
4-hydroxy cinnamic acid	At_71C4	0
4-hydroxy cinnamic acid	At_71B1	0
4-hydroxy cinnamic acid	At_73B3	1
4-hydroxy cinnamic acid	At_78D2	0
4-hydroxy cinnamic acid	At_71B6	0
4-hydroxy cinnamic acid	At_73B1	0
4-hydroxy cinnamic acid	At_71B5	0
4-hydroxy cinnamic acid	At_88A1	0
4-hydroxy cinnamic acid	At_73C3	0
4-hydroxy cinnamic acid	At_73B5	0
4-hydroxy cinnamic acid	At_76E12	0
4-hydroxy cinnamic acid	VVGT1	0
4-hydroxy cinnamic acid	At_72D1	0.5
4-hydroxy cinnamic acid	At_74B1	0.5
4-hydroxy cinnamic acid	At_73C5	0
4-hydroxy cinnamic acid	At_73C6	0
4-hydroxy cinnamic acid	At_73C1	0
4-hydroxy cinnamic acid	At_73B4	0
4-hydroxy cinnamic acid	At_74F2	0
4-hydroxy cinnamic acid	At_84A3	1
4-hydroxy cinnamic acid	At_84A4	1
4-hydroxy cinnamic acid	At_84B1	1
4-hydroxy cinnamic acid	At_84A2	1
4-hydroxy cinnamic acid	At_84A1	1
4-hydroxy cinnamic acid	At_75B1	1
4-hydroxyl-benzoic acid	At_73C4	0
4-hydroxyl-benzoic acid	At_78D1	0
4-hydroxyl-benzoic acid	At_76E5	0
4-hydroxyl-benzoic acid	At_73C7	0
4-hydroxyl-benzoic acid	At_73B2	0
4-hydroxyl-benzoic acid	At_76C4	0
4-hydroxyl-benzoic acid	At_72E1	0
4-hydroxyl-benzoic acid	At_89C1	0
4-hydroxyl-benzoic acid	At_85A5	0
4-hydroxyl-benzoic acid	At_85A4	0
4-hydroxyl-benzoic acid	At_71B8	0
4-hydroxyl-benzoic acid	At_76E4	0
4-hydroxyl-benzoic acid	At_76E2	0
4-hydroxyl-benzoic acid	At_76E1	0
4-hydroxyl-benzoic acid	At_71C5	0
4-hydroxyl-benzoic acid	At_72B3	0
4-hydroxyl-benzoic acid	At_76E11	0
4-hydroxyl-benzoic acid	At_75D1	0
4-hydroxyl-benzoic acid	At_72C1	0
4-hydroxyl-benzoic acid	At_72B1	0
4-hydroxyl-benzoic acid	At_84B2	0
4-hydroxyl-benzoic acid	At_71C1	0
4-hydroxyl-benzoic acid	At_71C2	0
4-hydroxyl-benzoic acid	At_89B1	1
4-hydroxyl-benzoic acid	At_74F1	0.5
4-hydroxyl-benzoic acid	At_72E2	0
4-hydroxyl-benzoic acid	At_72E3	0
4-hydroxyl-benzoic acid	At_71C3	1
4-hydroxyl-benzoic acid	At_71C4	1
4-hydroxyl-benzoic acid	At_71B1	1
4-hydroxyl-benzoic acid	At_73B3	1
4-hydroxyl-benzoic acid	At_78D2	1
4-hydroxyl-benzoic acid	At_71B6	0.5
4-hydroxyl-benzoic acid	At_73B1	0
4-hydroxyl-benzoic acid	At_71B5	0
4-hydroxyl-benzoic acid	At_88A1	0.5
4-hydroxyl-benzoic acid	At_73C3	0
4-hydroxyl-benzoic acid	At_73B5	0
4-hydroxyl-benzoic acid	At_76E12	0
4-hydroxyl-benzoic acid	VVGT1	0
4-hydroxyl-benzoic acid	At_72D1	0.5
4-hydroxyl-benzoic acid	At_74B1	0
4-hydroxyl-benzoic acid	At_73C5	0
4-hydroxyl-benzoic acid	At_73C6	0
4-hydroxyl-benzoic acid	At_73C1	0
4-hydroxyl-benzoic acid	At_73B4	1
4-hydroxyl-benzoic acid	At_74F2	1
4-hydroxyl-benzoic acid	At_84A3	0
4-hydroxyl-benzoic acid	At_84A4	1
4-hydroxyl-benzoic acid	At_84B1	0
4-hydroxyl-benzoic acid	At_84A2	1
4-hydroxyl-benzoic acid	At_84A1	1
4-hydroxyl-benzoic acid	At_75B1	1
6,7-dihydroxy coumarin (Esculetin)	At_73C4	0
6,7-dihydroxy coumarin (Esculetin)	At_78D1	0
6,7-dihydroxy coumarin (Esculetin)	At_76E5	0
6,7-dihydroxy coumarin (Esculetin)	At_73C7	1
6,7-dihydroxy coumarin (Esculetin)	At_73B2	0.5
6,7-dihydroxy coumarin (Esculetin)	At_76C4	1
6,7-dihydroxy coumarin (Esculetin)	At_72E1	0.5
6,7-dihydroxy coumarin (Esculetin)	At_89C1	0.5
6,7-dihydroxy coumarin (Esculetin)	At_85A5	0
6,7-dihydroxy coumarin (Esculetin)	At_85A4	0
6,7-dihydroxy coumarin (Esculetin)	At_71B8	1
6,7-dihydroxy coumarin (Esculetin)	At_76E4	0.5
6,7-dihydroxy coumarin (Esculetin)	At_76E2	0.5
6,7-dihydroxy coumarin (Esculetin)	At_76E1	1
6,7-dihydroxy coumarin (Esculetin)	At_71C5	1
6,7-dihydroxy coumarin (Esculetin)	At_72B3	1
6,7-dihydroxy coumarin (Esculetin)	At_76E11	1
6,7-dihydroxy coumarin (Esculetin)	At_75D1	0.5
6,7-dihydroxy coumarin (Esculetin)	At_72C1	1
6,7-dihydroxy coumarin (Esculetin)	At_72B1	1
6,7-dihydroxy coumarin (Esculetin)	At_84B2	0.5
6,7-dihydroxy coumarin (Esculetin)	At_71C1	0.5
6,7-dihydroxy coumarin (Esculetin)	At_71C2	1
6,7-dihydroxy coumarin (Esculetin)	At_89B1	1
6,7-dihydroxy coumarin (Esculetin)	At_74F1	1
6,7-dihydroxy coumarin (Esculetin)	At_72E2	1
6,7-dihydroxy coumarin (Esculetin)	At_72E3	1
6,7-dihydroxy coumarin (Esculetin)	At_71C3	1
6,7-dihydroxy coumarin (Esculetin)	At_71C4	1
6,7-dihydroxy coumarin (Esculetin)	At_71B1	1
6,7-dihydroxy coumarin (Esculetin)	At_73B3	1
6,7-dihydroxy coumarin (Esculetin)	At_78D2	1
6,7-dihydroxy coumarin (Esculetin)	At_71B6	0.5
6,7-dihydroxy coumarin (Esculetin)	At_73B1	1
6,7-dihydroxy coumarin (Esculetin)	At_71B5	0.5
6,7-dihydroxy coumarin (Esculetin)	At_88A1	1
6,7-dihydroxy coumarin (Esculetin)	At_73C3	1
6,7-dihydroxy coumarin (Esculetin)	At_73B5	1
6,7-dihydroxy coumarin (Esculetin)	At_76E12	1
6,7-dihydroxy coumarin (Esculetin)	VVGT1	1
6,7-dihydroxy coumarin (Esculetin)	At_72D1	1
6,7-dihydroxy coumarin (Esculetin)	At_74B1	1
6,7-dihydroxy coumarin (Esculetin)	At_73C5	1
6,7-dihydroxy coumarin (Esculetin)	At_73C6	1
6,7-dihydroxy coumarin (Esculetin)	At_73C1	1
6,7-dihydroxy coumarin (Esculetin)	At_73B4	1
6,7-dihydroxy coumarin (Esculetin)	At_74F2	1
6,7-dihydroxy coumarin (Esculetin)	At_84A3	0.5
6,7-dihydroxy coumarin (Esculetin)	At_84A4	0.5
6,7-dihydroxy coumarin (Esculetin)	At_84B1	0.5
6,7-dihydroxy coumarin (Esculetin)	At_84A2	1
6,7-dihydroxy coumarin (Esculetin)	At_84A1	1
6,7-dihydroxy coumarin (Esculetin)	At_75B1	1
7-hydroxy 6-methoxy coumarin (Scopoletin)	At_73C4	0
7-hydroxy 6-methoxy coumarin (Scopoletin)	At_76E5	0
7-hydroxy 6-methoxy coumarin (Scopoletin)	At_73C7	1
7-hydroxy 6-methoxy coumarin (Scopoletin)	At_76C4	0
7-hydroxy 6-methoxy coumarin (Scopoletin)	At_72E1	0.5
7-hydroxy 6-methoxy coumarin (Scopoletin)	At_89C1	0
7-hydroxy 6-methoxy coumarin (Scopoletin)	At_85A5	0
7-hydroxy 6-methoxy coumarin (Scopoletin)	At_85A4	0
7-hydroxy 6-methoxy coumarin (Scopoletin)	At_71B8	1
7-hydroxy 6-methoxy coumarin (Scopoletin)	At_76E4	1
7-hydroxy 6-methoxy coumarin (Scopoletin)	At_76E2	0.5
7-hydroxy 6-methoxy coumarin (Scopoletin)	At_76E1	1
7-hydroxy 6-methoxy coumarin (Scopoletin)	At_71C5	1
7-hydroxy 6-methoxy coumarin (Scopoletin)	At_72B3	1
7-hydroxy 6-methoxy coumarin (Scopoletin)	At_76E11	1
7-hydroxy 6-methoxy coumarin (Scopoletin)	At_75D1	0.5
7-hydroxy 6-methoxy coumarin (Scopoletin)	At_72C1	1
7-hydroxy 6-methoxy coumarin (Scopoletin)	At_72B1	1
7-hydroxy 6-methoxy coumarin (Scopoletin)	At_84B2	1
7-hydroxy 6-methoxy coumarin (Scopoletin)	At_71C1	1
7-hydroxy 6-methoxy coumarin (Scopoletin)	At_71C2	1
7-hydroxy 6-methoxy coumarin (Scopoletin)	At_89B1	1
7-hydroxy 6-methoxy coumarin (Scopoletin)	At_74F1	1
7-hydroxy 6-methoxy coumarin (Scopoletin)	At_72E2	1
7-hydroxy 6-methoxy coumarin (Scopoletin)	At_72E3	1
7-hydroxy 6-methoxy coumarin (Scopoletin)	At_71C3	1
7-hydroxy 6-methoxy coumarin (Scopoletin)	At_71C4	1
7-hydroxy 6-methoxy coumarin (Scopoletin)	At_71B1	1
7-hydroxy 6-methoxy coumarin (Scopoletin)	At_73B3	1
7-hydroxy 6-methoxy coumarin (Scopoletin)	At_78D2	1
7-hydroxy 6-methoxy coumarin (Scopoletin)	At_71B6	0.5
7-hydroxy 6-methoxy coumarin (Scopoletin)	At_73B1	1
7-hydroxy 6-methoxy coumarin (Scopoletin)	At_71B5	1
7-hydroxy 6-methoxy coumarin (Scopoletin)	At_88A1	1
7-hydroxy 6-methoxy coumarin (Scopoletin)	At_73C3	1
7-hydroxy 6-methoxy coumarin (Scopoletin)	At_73B5	1
7-hydroxy 6-methoxy coumarin (Scopoletin)	At_76E12	1
7-hydroxy 6-methoxy coumarin (Scopoletin)	VVGT1	1
7-hydroxy 6-methoxy coumarin (Scopoletin)	At_72D1	1
7-hydroxy 6-methoxy coumarin (Scopoletin)	At_74B1	0.5
7-hydroxy 6-methoxy coumarin (Scopoletin)	At_73C5	1
7-hydroxy 6-methoxy coumarin (Scopoletin)	At_73C6	1
7-hydroxy 6-methoxy coumarin (Scopoletin)	At_73C1	1
7-hydroxy 6-methoxy coumarin (Scopoletin)	At_73B4	1
7-hydroxy 6-methoxy coumarin (Scopoletin)	At_74F2	1
7-hydroxy 6-methoxy coumarin (Scopoletin)	At_84A3	1
7-hydroxy 6-methoxy coumarin (Scopoletin)	At_84A4	0.5
7-hydroxy 6-methoxy coumarin (Scopoletin)	At_84B1	0
7-hydroxy 6-methoxy coumarin (Scopoletin)	At_84A2	1
7-hydroxy 6-methoxy coumarin (Scopoletin)	At_84A1	1
7-hydroxy 6-methoxy coumarin (Scopoletin)	At_75B1	0.5
7-hydroxycoumerin 3-carboxylic acid	At_73C4	0
7-hydroxycoumerin 3-carboxylic acid	At_78D1	0
7-hydroxycoumerin 3-carboxylic acid	At_76E5	0
7-hydroxycoumerin 3-carboxylic acid	At_73C7	0
7-hydroxycoumerin 3-carboxylic acid	At_73B2	0.5
7-hydroxycoumerin 3-carboxylic acid	At_76C4	0
7-hydroxycoumerin 3-carboxylic acid	At_72E1	0
7-hydroxycoumerin 3-carboxylic acid	At_89C1	0
7-hydroxycoumerin 3-carboxylic acid	At_85A5	0
7-hydroxycoumerin 3-carboxylic acid	At_85A4	0
7-hydroxycoumerin 3-carboxylic acid	At_71B8	0
7-hydroxycoumerin 3-carboxylic acid	At_76E4	0
7-hydroxycoumerin 3-carboxylic acid	At_76E2	0
7-hydroxycoumerin 3-carboxylic acid	At_76E1	0
7-hydroxycoumerin 3-carboxylic acid	At_71C5	0
7-hydroxycoumerin 3-carboxylic acid	At_72B3	0
7-hydroxycoumerin 3-carboxylic acid	At_76E11	0
7-hydroxycoumerin 3-carboxylic acid	At_75D1	0
7-hydroxycoumerin 3-carboxylic acid	At_72C1	0
7-hydroxycoumerin 3-carboxylic acid	At_84B2	0
7-hydroxycoumerin 3-carboxylic acid	At_71C1	0
7-hydroxycoumerin 3-carboxylic acid	At_71C2	0
7-hydroxycoumerin 3-carboxylic acid	At_89B1	0
7-hydroxycoumerin 3-carboxylic acid	At_74F1	0
7-hydroxycoumerin 3-carboxylic acid	At_72E2	0
7-hydroxycoumerin 3-carboxylic acid	At_72E3	0
7-hydroxycoumerin 3-carboxylic acid	At_71C3	0
7-hydroxycoumerin 3-carboxylic acid	At_71C4	0
7-hydroxycoumerin 3-carboxylic acid	At_71B1	0
7-hydroxycoumerin 3-carboxylic acid	At_73B3	0
7-hydroxycoumerin 3-carboxylic acid	At_78D2	0
7-hydroxycoumerin 3-carboxylic acid	At_71B6	0
7-hydroxycoumerin 3-carboxylic acid	At_73B1	0
7-hydroxycoumerin 3-carboxylic acid	At_71B5	0
7-hydroxycoumerin 3-carboxylic acid	At_88A1	0
7-hydroxycoumerin 3-carboxylic acid	At_73C3	0
7-hydroxycoumerin 3-carboxylic acid	At_73B5	0
7-hydroxycoumerin 3-carboxylic acid	At_76E12	0
7-hydroxycoumerin 3-carboxylic acid	VVGT1	0.5
7-hydroxycoumerin 3-carboxylic acid	At_72D1	0
7-hydroxycoumerin 3-carboxylic acid	At_74B1	0
7-hydroxycoumerin 3-carboxylic acid	At_73C5	0
7-hydroxycoumerin 3-carboxylic acid	At_73C6	0
7-hydroxycoumerin 3-carboxylic acid	At_73C1	0
7-hydroxycoumerin 3-carboxylic acid	At_73B4	1
7-hydroxycoumerin 3-carboxylic acid	At_74F2	1
7-hydroxycoumerin 3-carboxylic acid	At_84A3	0
7-hydroxycoumerin 3-carboxylic acid	At_84A4	1
7-hydroxycoumerin 3-carboxylic acid	At_84B1	0
7-hydroxycoumerin 3-carboxylic acid	At_84A2	1
7-hydroxycoumerin 3-carboxylic acid	At_84A1	1
7-hydroxycoumerin 3-carboxylic acid	At_75B1	1
7-hydroxycoumerin 4-acetic acid	At_73C4	0
7-hydroxycoumerin 4-acetic acid	At_78D1	0
7-hydroxycoumerin 4-acetic acid	At_76E5	0
7-hydroxycoumerin 4-acetic acid	At_73C7	0
7-hydroxycoumerin 4-acetic acid	At_73B2	0.5
7-hydroxycoumerin 4-acetic acid	At_76C4	0
7-hydroxycoumerin 4-acetic acid	At_72E1	0
7-hydroxycoumerin 4-acetic acid	At_89C1	0
7-hydroxycoumerin 4-acetic acid	At_85A5	0
7-hydroxycoumerin 4-acetic acid	At_85A4	0
7-hydroxycoumerin 4-acetic acid	At_71B8	0
7-hydroxycoumerin 4-acetic acid	At_76E4	0
7-hydroxycoumerin 4-acetic acid	At_76E2	0
7-hydroxycoumerin 4-acetic acid	At_76E1	0
7-hydroxycoumerin 4-acetic acid	At_71C5	0.5
7-hydroxycoumerin 4-acetic acid	At_72B3	1
7-hydroxycoumerin 4-acetic acid	At_76E11	0
7-hydroxycoumerin 4-acetic acid	At_75D1	0.5
7-hydroxycoumerin 4-acetic acid	At_72C1	0
7-hydroxycoumerin 4-acetic acid	At_84B2	0
7-hydroxycoumerin 4-acetic acid	At_71C1	0
7-hydroxycoumerin 4-acetic acid	At_71C2	0.5
7-hydroxycoumerin 4-acetic acid	At_89B1	0
7-hydroxycoumerin 4-acetic acid	At_74F1	0
7-hydroxycoumerin 4-acetic acid	At_72E2	0
7-hydroxycoumerin 4-acetic acid	At_72E3	0
7-hydroxycoumerin 4-acetic acid	At_71C3	0
7-hydroxycoumerin 4-acetic acid	At_71C4	0
7-hydroxycoumerin 4-acetic acid	At_71B1	1
7-hydroxycoumerin 4-acetic acid	At_73B3	0
7-hydroxycoumerin 4-acetic acid	At_78D2	0
7-hydroxycoumerin 4-acetic acid	At_71B6	0
7-hydroxycoumerin 4-acetic acid	At_73B1	0
7-hydroxycoumerin 4-acetic acid	At_71B5	0
7-hydroxycoumerin 4-acetic acid	At_88A1	0
7-hydroxycoumerin 4-acetic acid	At_73C3	0
7-hydroxycoumerin 4-acetic acid	At_73B5	1
7-hydroxycoumerin 4-acetic acid	At_76E12	1
7-hydroxycoumerin 4-acetic acid	VVGT1	0.5
7-hydroxycoumerin 4-acetic acid	At_72D1	0
7-hydroxycoumerin 4-acetic acid	At_74B1	0.5
7-hydroxycoumerin 4-acetic acid	At_73C5	0
7-hydroxycoumerin 4-acetic acid	At_73C6	0
7-hydroxycoumerin 4-acetic acid	At_73C1	1
7-hydroxycoumerin 4-acetic acid	At_73B4	0
7-hydroxycoumerin 4-acetic acid	At_74F2	0
7-hydroxycoumerin 4-acetic acid	At_84A3	0
7-hydroxycoumerin 4-acetic acid	At_84A4	0
7-hydroxycoumerin 4-acetic acid	At_84B1	0
7-hydroxycoumerin 4-acetic acid	At_84A2	0
7-hydroxycoumerin 4-acetic acid	At_84A1	0
7-hydroxycoumerin 4-acetic acid	At_75B1	0
?-GlcOBn	At_73C4	0
?-GlcOBn	At_78D1	0
?-GlcOBn	At_73B2	0
?-GlcOBn	At_72E1	0
?-GlcOBn	At_89C1	0
?-GlcOBn	At_85A5	0
?-GlcOBn	At_85A4	0
?-GlcOBn	At_71B8	0
?-GlcOBn	At_76E4	0
?-GlcOBn	At_76E2	0
?-GlcOBn	At_76E1	0
?-GlcOBn	At_71C5	0
?-GlcOBn	At_72B3	0
?-GlcOBn	At_76E11	0
?-GlcOBn	At_75D1	0
?-GlcOBn	At_72C1	0
?-GlcOBn	At_84B2	0
?-GlcOBn	At_71C1	0
?-GlcOBn	At_71C2	0
?-GlcOBn	At_89B1	0
?-GlcOBn	At_74F1	0
?-GlcOBn	At_72E2	0
?-GlcOBn	At_72E3	0
?-GlcOBn	At_71C3	0
?-GlcOBn	At_71C4	0
?-GlcOBn	At_71B1	0
?-GlcOBn	At_73B3	0
?-GlcOBn	At_78D2	0
?-GlcOBn	At_71B6	0
?-GlcOBn	At_73B1	0
?-GlcOBn	At_71B5	0
?-GlcOBn	At_88A1	0
?-GlcOBn	At_73C3	0
?-GlcOBn	At_73B5	0
?-GlcOBn	At_76E12	0
?-GlcOBn	VVGT1	0
?-GlcOBn	At_72D1	0
?-GlcOBn	At_74B1	0
?-GlcOBn	At_73C5	0
?-GlcOBn	At_73C6	0
?-GlcOBn	At_73C1	0
?-GlcOBn	At_73B4	0
?-GlcOBn	At_74F2	0
?-GlcOBn	At_84A3	0
?-GlcOBn	At_84A4	0
?-GlcOBn	At_84B1	0
?-GlcOBn	At_84A2	0
?-GlcOBn	At_84A1	0
?-GlcOBn	At_75B1	0
Baicalein	At_73C4	0
Baicalein	At_78D1	0
Baicalein	At_76E5	0
Baicalein	At_73C7	0
Baicalein	At_73B2	0.5
Baicalein	At_76C4	1
Baicalein	At_72E1	0
Baicalein	At_89C1	0
Baicalein	At_85A5	1
Baicalein	At_85A4	1
Baicalein	At_71B8	1
Baicalein	At_76E4	1
Baicalein	At_76E2	1
Baicalein	At_76E1	1
Baicalein	At_71C5	0.5
Baicalein	At_72B3	0
Baicalein	At_76E11	0
Baicalein	At_75D1	0
Baicalein	At_72C1	0
Baicalein	At_72B1	0
Baicalein	At_84B2	0
Baicalein	At_71C1	0
Baicalein	At_71C2	0
Baicalein	At_89B1	0
Baicalein	At_74F1	0
Baicalein	At_72E2	0
Baicalein	At_72E3	0
Baicalein	At_71C3	1
Baicalein	At_71C4	0.5
Baicalein	At_71B1	1
Baicalein	At_73B3	1
Baicalein	At_78D2	1
Baicalein	At_71B6	1
Baicalein	At_73B1	1
Baicalein	At_71B5	1
Baicalein	At_88A1	1
Baicalein	At_73C3	1
Baicalein	At_73B5	1
Baicalein	At_76E12	1
Baicalein	VVGT1	1
Baicalein	At_72D1	0
Baicalein	At_74B1	0
Baicalein	At_73C5	1
Baicalein	At_73C6	1
Baicalein	At_73C1	1
Baicalein	At_73B4	1
Baicalein	At_74F2	1
Baicalein	At_84A3	1
Baicalein	At_84A4	1
Baicalein	At_84B1	0
Baicalein	At_84A2	1
Baicalein	At_84A1	1
Baicalein	At_75B1	1
BocCysThrOMe	At_73C4	0
BocCysThrOMe	At_78D1	0
BocCysThrOMe	At_73B2	0
BocCysThrOMe	At_72E1	0
BocCysThrOMe	At_89C1	0
BocCysThrOMe	At_85A5	0
BocCysThrOMe	At_85A4	0
BocCysThrOMe	At_71B8	0
BocCysThrOMe	At_76E4	0
BocCysThrOMe	At_76E2	0
BocCysThrOMe	At_76E1	0
BocCysThrOMe	At_71C5	0
BocCysThrOMe	At_72B3	0
BocCysThrOMe	At_76E11	0
BocCysThrOMe	At_75D1	0
BocCysThrOMe	At_72C1	0
BocCysThrOMe	At_84B2	0
BocCysThrOMe	At_71C1	0
BocCysThrOMe	At_71C2	0
BocCysThrOMe	At_89B1	0
BocCysThrOMe	At_74F1	0
BocCysThrOMe	At_72E2	0
BocCysThrOMe	At_72E3	0
BocCysThrOMe	At_71C3	0
BocCysThrOMe	At_71C4	0
BocCysThrOMe	At_71B1	0
BocCysThrOMe	At_73B3	0
BocCysThrOMe	At_78D2	0
BocCysThrOMe	At_71B6	0
BocCysThrOMe	At_73B1	0
BocCysThrOMe	At_71B5	0
BocCysThrOMe	At_88A1	0
BocCysThrOMe	At_73C3	0
BocCysThrOMe	At_73B5	0
BocCysThrOMe	At_76E12	0
BocCysThrOMe	VVGT1	0
BocCysThrOMe	At_72D1	0
BocCysThrOMe	At_74B1	0
BocCysThrOMe	At_73C5	0
BocCysThrOMe	At_73C6	0
BocCysThrOMe	At_73C1	0
BocCysThrOMe	At_73B4	0
BocCysThrOMe	At_74F2	0
BocCysThrOMe	At_84A3	0
BocCysThrOMe	At_84A4	0
BocCysThrOMe	At_84B1	0
BocCysThrOMe	At_84A2	0
BocCysThrOMe	At_84A1	0
BocCysThrOMe	At_75B1	0
Catechin	At_73C4	0
Catechin	At_78D1	0
Catechin	At_76E5	0
Catechin	At_73C7	0
Catechin	At_73B2	0
Catechin	At_76C4	0
Catechin	At_72E1	0.5
Catechin	At_89C1	1
Catechin	At_85A5	0
Catechin	At_85A4	0
Catechin	At_71B8	0
Catechin	At_76E4	0
Catechin	At_76E2	0
Catechin	At_76E1	0
Catechin	At_71C5	0.5
Catechin	At_72B3	0
Catechin	At_76E11	0
Catechin	At_75D1	0
Catechin	At_72C1	0
Catechin	At_84B2	0.5
Catechin	At_71C1	0.5
Catechin	At_71C2	0
Catechin	At_89B1	0
Catechin	At_74F1	0.5
Catechin	At_72E2	0
Catechin	At_72E3	0.5
Catechin	At_71C3	0
Catechin	At_71C4	0
Catechin	At_71B1	0.5
Catechin	At_73B3	1
Catechin	At_78D2	1
Catechin	At_71B6	0
Catechin	At_73B1	0.5
Catechin	At_71B5	0.5
Catechin	At_88A1	1
Catechin	At_73C3	1
Catechin	At_73B5	1
Catechin	At_76E12	0
Catechin	VVGT1	1
Catechin	At_72D1	1
Catechin	At_74B1	1
Catechin	At_73C5	1
Catechin	At_73C6	1
Catechin	At_73C1	0
Catechin	At_73B4	0
Catechin	At_74F2	1
Catechin	At_84A3	0
Catechin	At_84A4	0
Catechin	At_84B1	1
Catechin	At_84A2	1
Catechin	At_84A1	1
Catechin	At_75B1	0
Chloramphenicol	At_73C4	0
Chloramphenicol	At_78D1	0
Chloramphenicol	At_73B2	0
Chloramphenicol	At_72E1	0
Chloramphenicol	At_89C1	0
Chloramphenicol	At_85A5	0
Chloramphenicol	At_85A4	0
Chloramphenicol	At_71B8	0
Chloramphenicol	At_76E4	0
Chloramphenicol	At_76E2	0
Chloramphenicol	At_76E1	0
Chloramphenicol	At_71C5	0
Chloramphenicol	At_72B3	0
Chloramphenicol	At_76E11	0
Chloramphenicol	At_75D1	0
Chloramphenicol	At_72C1	0
Chloramphenicol	At_84B2	0
Chloramphenicol	At_71C1	0
Chloramphenicol	At_71C2	0
Chloramphenicol	At_89B1	0
Chloramphenicol	At_74F1	0
Chloramphenicol	At_72E2	0
Chloramphenicol	At_72E3	0
Chloramphenicol	At_71C3	0
Chloramphenicol	At_71C4	0
Chloramphenicol	At_71B1	0
Chloramphenicol	At_73B3	0
Chloramphenicol	At_78D2	0
Chloramphenicol	At_71B6	0
Chloramphenicol	At_73B1	0
Chloramphenicol	At_71B5	0
Chloramphenicol	At_88A1	0
Chloramphenicol	At_73C3	0
Chloramphenicol	At_73B5	0
Chloramphenicol	At_76E12	0
Chloramphenicol	VVGT1	0
Chloramphenicol	At_72D1	0
Chloramphenicol	At_74B1	0
Chloramphenicol	At_73C5	0.5
Chloramphenicol	At_73C6	0.5
Chloramphenicol	At_73C1	0
Chloramphenicol	At_73B4	0
Chloramphenicol	At_74F2	0
Chloramphenicol	At_84A3	0
Chloramphenicol	At_84A4	0
Chloramphenicol	At_84B1	0
Chloramphenicol	At_84A2	0
Chloramphenicol	At_84A1	0
Chloramphenicol	At_75B1	0
Cinnamic acid	At_73C4	0
Cinnamic acid	At_78D1	0
Cinnamic acid	At_76E5	0
Cinnamic acid	At_73C7	0
Cinnamic acid	At_73B2	0
Cinnamic acid	At_76C4	0
Cinnamic acid	At_72E1	0
Cinnamic acid	At_89C1	0.5
Cinnamic acid	At_85A5	0
Cinnamic acid	At_85A4	0
Cinnamic acid	At_71B8	0
Cinnamic acid	At_76E4	0
Cinnamic acid	At_76E2	0
Cinnamic acid	At_76E1	0
Cinnamic acid	At_71C5	0
Cinnamic acid	At_72B3	0
Cinnamic acid	At_76E11	0
Cinnamic acid	At_75D1	0
Cinnamic acid	At_72C1	0
Cinnamic acid	At_72B1	0
Cinnamic acid	At_84B2	0
Cinnamic acid	At_71C1	0
Cinnamic acid	At_71C2	0
Cinnamic acid	At_89B1	0
Cinnamic acid	At_74F1	0
Cinnamic acid	At_72E2	0
Cinnamic acid	At_72E3	0
Cinnamic acid	At_71C3	0
Cinnamic acid	At_71C4	0
Cinnamic acid	At_71B1	0
Cinnamic acid	At_73B3	0
Cinnamic acid	At_78D2	0
Cinnamic acid	At_71B6	0
Cinnamic acid	At_73B1	0
Cinnamic acid	At_71B5	0
Cinnamic acid	At_88A1	0
Cinnamic acid	At_73C3	0
Cinnamic acid	At_73B5	0
Cinnamic acid	At_76E12	0
Cinnamic acid	VVGT1	0
Cinnamic acid	At_72D1	0
Cinnamic acid	At_74B1	0
Cinnamic acid	At_73C5	0
Cinnamic acid	At_73C6	0
Cinnamic acid	At_73C1	0
Cinnamic acid	At_73B4	0
Cinnamic acid	At_74F2	0
Cinnamic acid	At_84A3	1
Cinnamic acid	At_84A4	1
Cinnamic acid	At_84B1	1
Cinnamic acid	At_84A2	1
Cinnamic acid	At_84A1	1
Cinnamic acid	At_75B1	1
D-glycerate	At_73C4	0
D-glycerate	At_78D1	0
D-glycerate	At_73B2	0
D-glycerate	At_72E1	0
D-glycerate	At_89C1	0
D-glycerate	At_85A5	0
D-glycerate	At_85A4	0
D-glycerate	At_71B8	0
D-glycerate	At_76E4	0
D-glycerate	At_76E2	0
D-glycerate	At_76E1	0
D-glycerate	At_71C5	0
D-glycerate	At_72B3	0
D-glycerate	At_76E11	0
D-glycerate	At_75D1	0
D-glycerate	At_72C1	0
D-glycerate	At_72B1	0
D-glycerate	At_84B2	0
D-glycerate	At_71C1	0
D-glycerate	At_71C2	0
D-glycerate	At_89B1	0
D-glycerate	At_74F1	0
D-glycerate	At_72E2	0
D-glycerate	At_72E3	0
D-glycerate	At_71C3	0
D-glycerate	At_71C4	0
D-glycerate	At_71B1	0
D-glycerate	At_73B3	0
D-glycerate	At_78D2	0
D-glycerate	At_71B6	0
D-glycerate	At_73B1	0
D-glycerate	At_71B5	0
D-glycerate	At_88A1	0
D-glycerate	At_73C3	0
D-glycerate	At_73B5	0
D-glycerate	At_76E12	0
D-glycerate	VVGT1	0
D-glycerate	At_72D1	0
D-glycerate	At_74B1	0
D-glycerate	At_73C5	0
D-glycerate	At_73C6	0
D-glycerate	At_73C1	0
D-glycerate	At_73B4	0
D-glycerate	At_74F2	0
D-glycerate	At_84A3	0
D-glycerate	At_84A4	0
D-glycerate	At_84B1	0
D-glycerate	At_84A2	0
D-glycerate	At_84A1	0
D-glycerate	At_75B1	0
DihydroZeatin	At_73C4	0
DihydroZeatin	At_78D1	0
DihydroZeatin	At_76E5	0
DihydroZeatin	At_73C7	0
DihydroZeatin	At_73B2	0
DihydroZeatin	At_76C4	0
DihydroZeatin	At_72E1	0
DihydroZeatin	At_89C1	0
DihydroZeatin	At_85A5	0
DihydroZeatin	At_85A4	0
DihydroZeatin	At_71B8	0
DihydroZeatin	At_76E4	0
DihydroZeatin	At_76E2	0
DihydroZeatin	At_76E1	0
DihydroZeatin	At_71C5	0
DihydroZeatin	At_72B3	0
DihydroZeatin	At_76E11	0
DihydroZeatin	At_75D1	0
DihydroZeatin	At_72C1	0
DihydroZeatin	At_84B2	0
DihydroZeatin	At_71C1	0
DihydroZeatin	At_71C2	0
DihydroZeatin	At_89B1	0
DihydroZeatin	At_74F1	0
DihydroZeatin	At_72E2	0
DihydroZeatin	At_72E3	0
DihydroZeatin	At_71C3	0
DihydroZeatin	At_71C4	0
DihydroZeatin	At_71B1	0
DihydroZeatin	At_73B3	0
DihydroZeatin	At_78D2	0
DihydroZeatin	At_71B6	0
DihydroZeatin	At_73B1	0
DihydroZeatin	At_71B5	0
DihydroZeatin	At_88A1	0
DihydroZeatin	At_73C3	0
DihydroZeatin	At_73B5	0
DihydroZeatin	At_76E12	0
DihydroZeatin	VVGT1	0
DihydroZeatin	At_72D1	0
DihydroZeatin	At_74B1	0
DihydroZeatin	At_73C5	1
DihydroZeatin	At_73C6	1
DihydroZeatin	At_73C1	1
DihydroZeatin	At_73B4	1
DihydroZeatin	At_84A3	0
DihydroZeatin	At_84B1	0
DihydroZeatin	At_84A2	0
DihydroZeatin	At_84A1	0
DihydroZeatin	At_75B1	0
Dihydrojasmonic acid	At_73C4	0
Dihydrojasmonic acid	At_78D1	0
Dihydrojasmonic acid	At_76E5	0
Dihydrojasmonic acid	At_73C7	0
Dihydrojasmonic acid	At_73B2	0
Dihydrojasmonic acid	At_76C4	0
Dihydrojasmonic acid	At_72E1	0
Dihydrojasmonic acid	At_89C1	0.5
Dihydrojasmonic acid	At_85A5	0
Dihydrojasmonic acid	At_85A4	0
Dihydrojasmonic acid	At_71B8	0
Dihydrojasmonic acid	At_76E4	0
Dihydrojasmonic acid	At_76E2	0
Dihydrojasmonic acid	At_76E1	0
Dihydrojasmonic acid	At_71C5	0
Dihydrojasmonic acid	At_72B3	0
Dihydrojasmonic acid	At_76E11	0
Dihydrojasmonic acid	At_75D1	0
Dihydrojasmonic acid	At_72C1	0
Dihydrojasmonic acid	At_72B1	0.5
Dihydrojasmonic acid	At_84B2	0
Dihydrojasmonic acid	At_71C1	0
Dihydrojasmonic acid	At_71C2	0
Dihydrojasmonic acid	At_89B1	0
Dihydrojasmonic acid	At_74F1	0.5
Dihydrojasmonic acid	At_72E2	0
Dihydrojasmonic acid	At_72E3	0
Dihydrojasmonic acid	At_71C3	0
Dihydrojasmonic acid	At_71C4	0
Dihydrojasmonic acid	At_71B1	0
Dihydrojasmonic acid	At_73B3	0
Dihydrojasmonic acid	At_78D2	0
Dihydrojasmonic acid	At_71B6	0.5
Dihydrojasmonic acid	At_73B1	0
Dihydrojasmonic acid	At_71B5	0
Dihydrojasmonic acid	At_88A1	0
Dihydrojasmonic acid	At_73C3	0
Dihydrojasmonic acid	At_73B5	0
Dihydrojasmonic acid	At_76E12	0
Dihydrojasmonic acid	VVGT1	0
Dihydrojasmonic acid	At_72D1	0
Dihydrojasmonic acid	At_74B1	0
Dihydrojasmonic acid	At_73C5	0
Dihydrojasmonic acid	At_73C6	0
Dihydrojasmonic acid	At_73C1	0
Dihydrojasmonic acid	At_73B4	0
Dihydrojasmonic acid	At_74F2	0
Dihydrojasmonic acid	At_84A3	0
Dihydrojasmonic acid	At_84A4	0
Dihydrojasmonic acid	At_84B1	0
Dihydrojasmonic acid	At_84A2	1
Dihydrojasmonic acid	At_84A1	1
Dihydrojasmonic acid	At_75B1	1
Fisetin	At_73C4	1
Fisetin	At_78D1	1
Fisetin	At_76E5	0
Fisetin	At_73C7	1
Fisetin	At_73B2	1
Fisetin	At_76C4	1
Fisetin	At_72E1	1
Fisetin	At_89C1	1
Fisetin	At_85A5	1
Fisetin	At_85A4	1
Fisetin	At_71B8	1
Fisetin	At_76E4	1
Fisetin	At_76E2	1
Fisetin	At_76E1	1
Fisetin	At_71C5	1
Fisetin	At_72B3	1
Fisetin	At_76E11	1
Fisetin	At_75D1	0
Fisetin	At_72C1	0
Fisetin	At_72B1	0
Fisetin	At_84B2	0
Fisetin	At_71C1	1
Fisetin	At_71C2	1
Fisetin	At_89B1	1
Fisetin	At_74F1	1
Fisetin	At_72E2	0
Fisetin	At_72E3	0
Fisetin	At_71C3	1
Fisetin	At_71C4	1
Fisetin	At_71B1	1
Fisetin	At_73B3	1
Fisetin	At_78D2	1
Fisetin	At_71B6	1
Fisetin	At_73B1	1
Fisetin	At_71B5	1
Fisetin	At_88A1	1
Fisetin	At_73C3	1
Fisetin	At_73B5	1
Fisetin	At_76E12	1
Fisetin	VVGT1	1
Fisetin	At_72D1	1
Fisetin	At_74B1	1
Fisetin	At_73C5	1
Fisetin	At_73C6	1
Fisetin	At_73C1	1
Fisetin	At_73B4	1
Fisetin	At_74F2	1
Fisetin	At_84A3	1
Fisetin	At_84A4	0
Fisetin	At_84B1	1
Fisetin	At_84A2	1
Fisetin	At_84A1	1
Fisetin	At_75B1	1
GDPFuc	At_78D1	0
GDPFuc	At_76E5	0
GDPFuc	At_73C7	0
GDPFuc	At_73B2	0
GDPFuc	At_72E1	0
GDPFuc	At_89C1	0
GDPFuc	At_85A5	0
GDPFuc	At_85A4	0
GDPFuc	At_71B8	0
GDPFuc	At_76E4	0
GDPFuc	At_76E2	0
GDPFuc	At_76E1	0
GDPFuc	At_71C5	0
GDPFuc	At_72B3	0
GDPFuc	At_76E11	0
GDPFuc	At_75D1	0
GDPFuc	At_72C1	0
GDPFuc	At_72B1	0
GDPFuc	At_84B2	0
GDPFuc	At_71C1	0
GDPFuc	At_71C2	0
GDPFuc	At_89B1	0
GDPFuc	At_74F1	0
GDPFuc	At_72E2	0
GDPFuc	At_72E3	0
GDPFuc	At_71C3	0
GDPFuc	At_71C4	0
GDPFuc	At_71B1	0
GDPFuc	At_73B3	0
GDPFuc	At_78D2	0
GDPFuc	At_71B6	0
GDPFuc	At_73B1	0
GDPFuc	At_88A1	0
GDPFuc	At_73C3	0
GDPFuc	At_73B5	0
GDPFuc	At_76E12	0
GDPFuc	VVGT1	0
GDPFuc	At_72D1	0
GDPFuc	At_74B1	0
GDPFuc	At_73C5	0
GDPFuc	At_73C6	0
GDPFuc	At_73C1	0
GDPFuc	At_73B4	0
GDPFuc	At_74F2	0
GDPFuc	At_84A3	0
GDPFuc	At_84A4	0
GDPFuc	At_84B1	0
GDPFuc	At_84A2	0
GDPFuc	At_84A1	0
GDPFuc	At_75B1	0
GDPGlc	At_78D1	0
GDPGlc	At_76E5	0
GDPGlc	At_73C7	0
GDPGlc	At_73B2	0
GDPGlc	At_72E1	0
GDPGlc	At_89C1	0
GDPGlc	At_85A5	0
GDPGlc	At_85A4	0
GDPGlc	At_71B8	0
GDPGlc	At_76E4	0
GDPGlc	At_76E2	0
GDPGlc	At_76E1	0
GDPGlc	At_71C5	0
GDPGlc	At_72B3	0
GDPGlc	At_76E11	0
GDPGlc	At_75D1	0
GDPGlc	At_72C1	0
GDPGlc	At_72B1	0
GDPGlc	At_84B2	0
GDPGlc	At_71C1	0
GDPGlc	At_71C2	0
GDPGlc	At_89B1	0
GDPGlc	At_74F1	0
GDPGlc	At_72E2	0
GDPGlc	At_72E3	0
GDPGlc	At_71C3	0
GDPGlc	At_71C4	0
GDPGlc	At_71B1	0
GDPGlc	At_73B3	1
GDPGlc	At_78D2	1
GDPGlc	At_71B6	0
GDPGlc	At_73B1	0
GDPGlc	At_88A1	0
GDPGlc	At_73C3	0
GDPGlc	At_73B5	0
GDPGlc	At_76E12	0
GDPGlc	VVGT1	1
GDPGlc	At_72D1	0
GDPGlc	At_74B1	0
GDPGlc	At_73C5	0
GDPGlc	At_73C6	0
GDPGlc	At_73C1	0
GDPGlc	At_73B4	0
GDPGlc	At_74F2	0
GDPGlc	At_84A3	0
GDPGlc	At_84A4	0
GDPGlc	At_84B1	0
GDPGlc	At_84A2	0
GDPGlc	At_84A1	1
GDPGlc	At_75B1	0
GDPMan	At_78D1	0
GDPMan	At_76E5	0
GDPMan	At_73C7	0
GDPMan	At_73B2	0
GDPMan	At_72E1	0
GDPMan	At_89C1	0
GDPMan	At_85A5	0
GDPMan	At_85A4	0
GDPMan	At_71B8	0
GDPMan	At_76E4	0
GDPMan	At_76E2	0
GDPMan	At_76E1	0
GDPMan	At_71C5	0
GDPMan	At_72B3	0
GDPMan	At_76E11	0
GDPMan	At_75D1	0
GDPMan	At_72C1	0
GDPMan	At_72B1	0
GDPMan	At_84B2	0
GDPMan	At_71C1	0
GDPMan	At_71C2	0
GDPMan	At_89B1	0
GDPMan	At_74F1	0
GDPMan	At_72E2	0
GDPMan	At_72E3	0
GDPMan	At_71C3	0
GDPMan	At_71C4	0
GDPMan	At_71B1	0
GDPMan	At_73B3	0.5
GDPMan	At_78D2	0
GDPMan	At_71B6	0
GDPMan	At_73B1	0
GDPMan	At_88A1	0
GDPMan	At_73C3	0
GDPMan	At_73B5	0
GDPMan	At_76E12	0
GDPMan	VVGT1	0
GDPMan	At_72D1	0
GDPMan	At_74B1	0
GDPMan	At_73C5	0
GDPMan	At_73C6	0
GDPMan	At_73C1	0
GDPMan	At_73B4	0
GDPMan	At_74F2	0
GDPMan	At_84A3	0
GDPMan	At_84A4	0
GDPMan	At_84B1	0
GDPMan	At_84A2	0
GDPMan	At_84A1	0
GDPMan	At_75B1	0
Genistein	At_73C4	0
Genistein	At_78D1	0.5
Genistein	At_76E5	0
Genistein	At_73C7	0
Genistein	At_73B2	1
Genistein	At_76C4	0.5
Genistein	At_72E1	0
Genistein	At_89C1	0
Genistein	At_85A5	0.5
Genistein	At_85A4	0
Genistein	At_71B8	0
Genistein	At_76E4	0
Genistein	At_76E2	0
Genistein	At_76E1	0.5
Genistein	At_71C5	0
Genistein	At_72B3	0
Genistein	At_76E11	0
Genistein	At_75D1	0
Genistein	At_72C1	0
Genistein	At_84B2	0
Genistein	At_71C1	1
Genistein	At_71C2	0
Genistein	At_89B1	0
Genistein	At_74F1	0
Genistein	At_72E2	0
Genistein	At_72E3	0
Genistein	At_71C3	1
Genistein	At_71C4	0
Genistein	At_71B1	0.5
Genistein	At_73B3	0
Genistein	At_78D2	0
Genistein	At_71B6	0
Genistein	At_73B1	0
Genistein	At_71B5	1
Genistein	At_88A1	1
Genistein	At_73C3	0.5
Genistein	At_73B5	1
Genistein	At_76E12	1
Genistein	VVGT1	1
Genistein	At_72D1	1
Genistein	At_74B1	1
Genistein	At_73C5	1
Genistein	At_73C6	1
Genistein	At_73C1	1
Genistein	At_73B4	1
Genistein	At_74F2	1
Genistein	At_84A3	1
Genistein	At_84A4	1
Genistein	At_84B1	0
Genistein	At_84A2	1
Genistein	At_84A1	1
Genistein	At_75B1	1
Gibberellin A3	At_73C4	0
Gibberellin A3	At_78D1	0
Gibberellin A3	At_76E5	0
Gibberellin A3	At_73C7	0
Gibberellin A3	At_73B2	0
Gibberellin A3	At_76C4	0
Gibberellin A3	At_72E1	0
Gibberellin A3	At_89C1	0
Gibberellin A3	At_85A5	0
Gibberellin A3	At_85A4	0
Gibberellin A3	At_71B8	0
Gibberellin A3	At_76E4	0
Gibberellin A3	At_76E2	0
Gibberellin A3	At_76E1	0
Gibberellin A3	At_71C5	0
Gibberellin A3	At_72B3	0
Gibberellin A3	At_76E11	0
Gibberellin A3	At_75D1	0
Gibberellin A3	At_72C1	0
Gibberellin A3	At_72B1	0
Gibberellin A3	At_84B2	0
Gibberellin A3	At_71C1	0
Gibberellin A3	At_71C2	0
Gibberellin A3	At_89B1	0
Gibberellin A3	At_74F1	0
Gibberellin A3	At_72E2	0
Gibberellin A3	At_72E3	0
Gibberellin A3	At_71C3	0
Gibberellin A3	At_71C4	0
Gibberellin A3	At_71B1	0
Gibberellin A3	At_73B3	0
Gibberellin A3	At_78D2	0
Gibberellin A3	At_71B6	0
Gibberellin A3	At_73B1	0
Gibberellin A3	At_71B5	0
Gibberellin A3	At_88A1	0
Gibberellin A3	At_73C3	0
Gibberellin A3	At_73B5	0
Gibberellin A3	At_76E12	0
Gibberellin A3	VVGT1	0
Gibberellin A3	At_72D1	0
Gibberellin A3	At_74B1	0
Gibberellin A3	At_73C5	0
Gibberellin A3	At_73C6	0
Gibberellin A3	At_73C1	0
Gibberellin A3	At_73B4	0
Gibberellin A3	At_74F2	0
Gibberellin A3	At_84A3	0
Gibberellin A3	At_84A4	0
Gibberellin A3	At_84B1	0
Gibberellin A3	At_84A2	0
Gibberellin A3	At_84A1	0
Gibberellin A3	At_75B1	0
Gibberellin A4	At_73C4	0
Gibberellin A4	At_78D1	0
Gibberellin A4	At_76E5	0
Gibberellin A4	At_73C7	0
Gibberellin A4	At_73B2	0
Gibberellin A4	At_76C4	0
Gibberellin A4	At_72E1	0
Gibberellin A4	At_89C1	0
Gibberellin A4	At_85A5	0
Gibberellin A4	At_85A4	0
Gibberellin A4	At_71B8	0
Gibberellin A4	At_76E4	0
Gibberellin A4	At_76E2	0
Gibberellin A4	At_76E1	0
Gibberellin A4	At_71C5	0
Gibberellin A4	At_72B3	0
Gibberellin A4	At_76E11	0
Gibberellin A4	At_75D1	0
Gibberellin A4	At_72C1	0
Gibberellin A4	At_72B1	0
Gibberellin A4	At_84B2	0
Gibberellin A4	At_71C1	0
Gibberellin A4	At_71C2	0
Gibberellin A4	At_89B1	0
Gibberellin A4	At_74F1	0
Gibberellin A4	At_72E2	0
Gibberellin A4	At_72E3	0
Gibberellin A4	At_71C3	0
Gibberellin A4	At_71C4	0
Gibberellin A4	At_71B1	0
Gibberellin A4	At_73B3	0
Gibberellin A4	At_78D2	0
Gibberellin A4	At_71B6	0
Gibberellin A4	At_73B1	0
Gibberellin A4	At_71B5	0
Gibberellin A4	At_88A1	0
Gibberellin A4	At_73C3	0
Gibberellin A4	At_73B5	0.5
Gibberellin A4	At_76E12	0
Gibberellin A4	VVGT1	0
Gibberellin A4	At_72D1	0
Gibberellin A4	At_74B1	0
Gibberellin A4	At_73C5	0
Gibberellin A4	At_73C6	0
Gibberellin A4	At_73C1	0
Gibberellin A4	At_73B4	0
Gibberellin A4	At_74F2	0
Gibberellin A4	At_84A3	0
Gibberellin A4	At_84A4	0
Gibberellin A4	At_84B1	0
Gibberellin A4	At_84A2	0
Gibberellin A4	At_84A1	0
Gibberellin A4	At_75B1	0
GlcNAc	At_73C4	0
GlcNAc	At_78D1	0
GlcNAc	At_73B2	0
GlcNAc	At_72E1	0
GlcNAc	At_89C1	0
GlcNAc	At_85A5	0
GlcNAc	At_85A4	0
GlcNAc	At_71B8	0
GlcNAc	At_76E4	0
GlcNAc	At_76E2	0
GlcNAc	At_76E1	0
GlcNAc	At_71C5	0
GlcNAc	At_72B3	0
GlcNAc	At_76E11	0
GlcNAc	At_75D1	0
GlcNAc	At_72C1	0
GlcNAc	At_72B1	0
GlcNAc	At_84B2	0
GlcNAc	At_71C1	0
GlcNAc	At_71C2	0
GlcNAc	At_89B1	0
GlcNAc	At_74F1	0
GlcNAc	At_72E2	0
GlcNAc	At_72E3	0
GlcNAc	At_71C3	0
GlcNAc	At_71C4	0
GlcNAc	At_71B1	0
GlcNAc	At_73B3	0
GlcNAc	At_78D2	0
GlcNAc	At_71B6	0
GlcNAc	At_73B1	0
GlcNAc	At_71B5	0
GlcNAc	At_88A1	0
GlcNAc	At_73C3	0
GlcNAc	At_73B5	0
GlcNAc	At_76E12	0
GlcNAc	VVGT1	0
GlcNAc	At_72D1	0
GlcNAc	At_74B1	0
GlcNAc	At_73C5	0
GlcNAc	At_73C6	0
GlcNAc	At_73C1	0
GlcNAc	At_73B4	0
GlcNAc	At_74F2	0
GlcNAc	At_84A3	0
GlcNAc	At_84A4	0
GlcNAc	At_84B1	0
GlcNAc	At_84A2	0
GlcNAc	At_84A1	0
GlcNAc	At_75B1	0
Glucose	At_73C4	0
Glucose	At_78D1	0
Glucose	At_73B2	0
Glucose	At_72E1	0
Glucose	At_89C1	0
Glucose	At_85A5	0
Glucose	At_85A4	0
Glucose	At_71B8	0
Glucose	At_76E4	0
Glucose	At_76E2	0
Glucose	At_76E1	0
Glucose	At_71C5	0
Glucose	At_72B3	0
Glucose	At_76E11	0
Glucose	At_75D1	0
Glucose	At_72C1	0
Glucose	At_72B1	0
Glucose	At_84B2	0
Glucose	At_71C1	0
Glucose	At_71C2	0
Glucose	At_89B1	0
Glucose	At_74F1	0
Glucose	At_72E2	0
Glucose	At_72E3	0
Glucose	At_71C3	0
Glucose	At_71C4	0
Glucose	At_71B1	0
Glucose	At_73B3	0
Glucose	At_78D2	0
Glucose	At_71B6	0
Glucose	At_73B1	0
Glucose	At_71B5	0
Glucose	At_88A1	0
Glucose	At_73C3	0
Glucose	At_73B5	0
Glucose	At_76E12	0
Glucose	VVGT1	0
Glucose	At_72D1	0
Glucose	At_74B1	0
Glucose	At_73C5	0
Glucose	At_73C6	0
Glucose	At_73C1	0
Glucose	At_73B4	0
Glucose	At_74F2	0
Glucose	At_84A3	0
Glucose	At_84A4	0
Glucose	At_84B1	0
Glucose	At_84A2	0
Glucose	At_84A1	0
Glucose	At_75B1	0
Indole 3-acetate	At_73C4	0
Indole 3-acetate	At_78D1	0
Indole 3-acetate	At_76E5	0
Indole 3-acetate	At_73C7	0
Indole 3-acetate	At_73B2	0
Indole 3-acetate	At_76C4	0
Indole 3-acetate	At_72E1	0
Indole 3-acetate	At_89C1	0
Indole 3-acetate	At_85A5	0
Indole 3-acetate	At_85A4	0
Indole 3-acetate	At_71B8	0
Indole 3-acetate	At_76E4	0
Indole 3-acetate	At_76E2	0
Indole 3-acetate	At_76E1	0.5
Indole 3-acetate	At_71C5	0
Indole 3-acetate	At_72B3	0
Indole 3-acetate	At_76E11	0
Indole 3-acetate	At_75D1	0
Indole 3-acetate	At_72C1	0
Indole 3-acetate	At_72B1	0
Indole 3-acetate	At_84B2	1
Indole 3-acetate	At_71C1	0
Indole 3-acetate	At_71C2	0
Indole 3-acetate	At_89B1	0.5
Indole 3-acetate	At_74F1	0
Indole 3-acetate	At_72E2	0
Indole 3-acetate	At_72E3	0
Indole 3-acetate	At_71C3	0
Indole 3-acetate	At_71C4	0
Indole 3-acetate	At_71B1	0
Indole 3-acetate	At_73B3	0
Indole 3-acetate	At_78D2	0
Indole 3-acetate	At_71B6	0
Indole 3-acetate	At_73B1	0
Indole 3-acetate	At_71B5	0
Indole 3-acetate	At_88A1	0
Indole 3-acetate	At_73C3	0
Indole 3-acetate	At_73B5	0
Indole 3-acetate	At_76E12	0
Indole 3-acetate	VVGT1	0
Indole 3-acetate	At_72D1	0
Indole 3-acetate	At_74B1	0
Indole 3-acetate	At_73C5	0
Indole 3-acetate	At_73C6	0
Indole 3-acetate	At_73C1	0
Indole 3-acetate	At_73B4	0
Indole 3-acetate	At_74F2	1
Indole 3-acetate	At_84A3	0
Indole 3-acetate	At_84A4	0
Indole 3-acetate	At_84B1	1
Indole 3-acetate	At_84A2	1
Indole 3-acetate	At_84A1	1
Indole 3-acetate	At_75B1	1
Kaempferol	At_73C4	1
Kaempferol	At_78D1	1
Kaempferol	At_76E5	1
Kaempferol	At_73C7	1
Kaempferol	At_73B2	1
Kaempferol	At_76C4	1
Kaempferol	At_72E1	1
Kaempferol	At_89C1	1
Kaempferol	At_85A5	1
Kaempferol	At_85A4	1
Kaempferol	At_71B8	1
Kaempferol	At_76E4	1
Kaempferol	At_76E2	1
Kaempferol	At_76E1	1
Kaempferol	At_71C5	1
Kaempferol	At_72B3	1
Kaempferol	At_76E11	1
Kaempferol	At_75D1	1
Kaempferol	At_72C1	0
Kaempferol	At_72B1	0
Kaempferol	At_84B2	1
Kaempferol	At_71C1	1
Kaempferol	At_71C2	1
Kaempferol	At_89B1	1
Kaempferol	At_74F1	1
Kaempferol	At_72E2	0
Kaempferol	At_72E3	0
Kaempferol	At_71C3	1
Kaempferol	At_71C4	1
Kaempferol	At_71B1	1
Kaempferol	At_73B3	1
Kaempferol	At_78D2	1
Kaempferol	At_71B6	1
Kaempferol	At_73B1	1
Kaempferol	At_71B5	1
Kaempferol	At_88A1	1
Kaempferol	At_73C3	1
Kaempferol	At_73B5	1
Kaempferol	At_76E12	1
Kaempferol	VVGT1	1
Kaempferol	At_72D1	1
Kaempferol	At_74B1	1
Kaempferol	At_73C5	1
Kaempferol	At_73C6	1
Kaempferol	At_73C1	1
Kaempferol	At_73B4	1
Kaempferol	At_74F2	1
Kaempferol	At_84A3	1
Kaempferol	At_84A4	1
Kaempferol	At_84B1	1
Kaempferol	At_84A2	1
Kaempferol	At_84A1	1
Kaempferol	At_75B1	1
Kinetin	At_73C4	0
Kinetin	At_78D1	0
Kinetin	At_76E5	0
Kinetin	At_73C7	0
Kinetin	At_73B2	0
Kinetin	At_76C4	0
Kinetin	At_72E1	0
Kinetin	At_89C1	0
Kinetin	At_85A5	0
Kinetin	At_85A4	0
Kinetin	At_71B8	0
Kinetin	At_76E4	0
Kinetin	At_76E2	0
Kinetin	At_76E1	0
Kinetin	At_71C5	0
Kinetin	At_72B3	0
Kinetin	At_76E11	0
Kinetin	At_75D1	0
Kinetin	At_72C1	0
Kinetin	At_72B1	0
Kinetin	At_84B2	0
Kinetin	At_71C1	0
Kinetin	At_71C2	0
Kinetin	At_89B1	0
Kinetin	At_74F1	0
Kinetin	At_72E2	0
Kinetin	At_72E3	0
Kinetin	At_71C3	0
Kinetin	At_71C4	0
Kinetin	At_71B1	0
Kinetin	At_73B3	0
Kinetin	At_78D2	0
Kinetin	At_71B6	0
Kinetin	At_73B1	0
Kinetin	At_71B5	0
Kinetin	At_88A1	0
Kinetin	At_73C3	0
Kinetin	At_73B5	0
Kinetin	At_76E12	0
Kinetin	VVGT1	0
Kinetin	At_72D1	0
Kinetin	At_74B1	0
Kinetin	At_73C5	0
Kinetin	At_73C6	0
Kinetin	At_73C1	0
Kinetin	At_73B4	0
Kinetin	At_74F2	0
Kinetin	At_84A3	0
Kinetin	At_84A4	0
Kinetin	At_84B1	0
Kinetin	At_84A2	0
Kinetin	At_84A1	0
Kinetin	At_75B1	0
Luteolin	At_73C4	0
Luteolin	At_78D1	0
Luteolin	At_76E5	0.5
Luteolin	At_73C7	1
Luteolin	At_73B2	1
Luteolin	At_76C4	1
Luteolin	At_72E1	0.5
Luteolin	At_89C1	0
Luteolin	At_85A5	1
Luteolin	At_85A4	1
Luteolin	At_71B8	1
Luteolin	At_76E4	0
Luteolin	At_76E2	0
Luteolin	At_76E1	1
Luteolin	At_71C5	0.5
Luteolin	At_72B3	0
Luteolin	At_76E11	0
Luteolin	At_75D1	1
Luteolin	At_72C1	0
Luteolin	At_72B1	0
Luteolin	At_84B2	1
Luteolin	At_71C1	1
Luteolin	At_71C2	1
Luteolin	At_89B1	0.5
Luteolin	At_74F1	1
Luteolin	At_72E2	0
Luteolin	At_72E3	0
Luteolin	At_71C3	1
Luteolin	At_71C4	1
Luteolin	At_71B1	1
Luteolin	At_73B3	1
Luteolin	At_78D2	1
Luteolin	At_71B6	1
Luteolin	At_73B1	1
Luteolin	At_71B5	1
Luteolin	At_88A1	1
Luteolin	At_73C3	1
Luteolin	At_73B5	1
Luteolin	At_76E12	1
Luteolin	VVGT1	1
Luteolin	At_72D1	1
Luteolin	At_74B1	1
Luteolin	At_73C5	1
Luteolin	At_73C6	1
Luteolin	At_73C1	1
Luteolin	At_73B4	1
Luteolin	At_74F2	1
Luteolin	At_84A3	1
Luteolin	At_84A4	1
Luteolin	At_84B1	1
Luteolin	At_84A2	1
Luteolin	At_84A1	1
Luteolin	At_75B1	1
MUGlcNAc	At_73C4	0
MUGlcNAc	At_78D1	0
MUGlcNAc	At_73B2	0.5
MUGlcNAc	At_72E1	0
MUGlcNAc	At_89C1	0
MUGlcNAc	At_85A5	0
MUGlcNAc	At_85A4	0
MUGlcNAc	At_71B8	0
MUGlcNAc	At_76E4	0
MUGlcNAc	At_76E2	0
MUGlcNAc	At_76E1	0
MUGlcNAc	At_71C5	0
MUGlcNAc	At_72B3	0
MUGlcNAc	At_76E11	0
MUGlcNAc	At_75D1	0
MUGlcNAc	At_72C1	0
MUGlcNAc	At_84B2	0
MUGlcNAc	At_71C1	0
MUGlcNAc	At_71C2	0
MUGlcNAc	At_89B1	0
MUGlcNAc	At_74F1	0
MUGlcNAc	At_72E2	0
MUGlcNAc	At_72E3	0
MUGlcNAc	At_71C3	0
MUGlcNAc	At_71C4	0
MUGlcNAc	At_71B1	0
MUGlcNAc	At_73B3	0
MUGlcNAc	At_78D2	0
MUGlcNAc	At_71B6	0
MUGlcNAc	At_73B1	0
MUGlcNAc	At_71B5	0
MUGlcNAc	At_88A1	0
MUGlcNAc	At_73C3	0
MUGlcNAc	At_73B5	0
MUGlcNAc	At_76E12	0
MUGlcNAc	VVGT1	0
MUGlcNAc	At_72D1	0
MUGlcNAc	At_74B1	0
MUGlcNAc	At_73C5	0
MUGlcNAc	At_73C6	0
MUGlcNAc	At_73C1	0
MUGlcNAc	At_73B4	0
MUGlcNAc	At_74F2	0
MUGlcNAc	At_84A3	0
MUGlcNAc	At_84A4	0
MUGlcNAc	At_84B1	0
MUGlcNAc	At_84A2	0
MUGlcNAc	At_84A1	0
MUGlcNAc	At_75B1	0
ManSTol	At_73C4	0
ManSTol	At_78D1	0
ManSTol	At_73B2	0
ManSTol	At_72E1	0
ManSTol	At_89C1	0
ManSTol	At_85A5	0
ManSTol	At_85A4	0
ManSTol	At_71B8	0
ManSTol	At_76E4	0
ManSTol	At_76E2	0
ManSTol	At_76E1	0
ManSTol	At_71C5	0
ManSTol	At_72B3	0
ManSTol	At_76E11	0
ManSTol	At_75D1	0
ManSTol	At_72C1	0
ManSTol	At_84B2	0
ManSTol	At_71C1	0
ManSTol	At_71C2	0
ManSTol	At_89B1	0
ManSTol	At_74F1	0
ManSTol	At_72E2	0
ManSTol	At_72E3	0
ManSTol	At_71C3	0
ManSTol	At_71C4	0
ManSTol	At_71B1	0
ManSTol	At_73B3	0
ManSTol	At_78D2	0
ManSTol	At_71B6	0
ManSTol	At_73B1	0
ManSTol	At_71B5	0
ManSTol	At_88A1	0
ManSTol	At_73C3	0
ManSTol	At_73B5	0
ManSTol	At_76E12	0
ManSTol	VVGT1	0
ManSTol	At_72D1	0
ManSTol	At_74B1	0
ManSTol	At_73C5	0
ManSTol	At_73C6	0
ManSTol	At_73C1	0
ManSTol	At_73B4	0
ManSTol	At_74F2	0
ManSTol	At_84A3	0
ManSTol	At_84A4	0
ManSTol	At_84B1	0
ManSTol	At_84A2	0
ManSTol	At_84A1	0
ManSTol	At_75B1	0
N6-Benzyladenine	At_73C4	0
N6-Benzyladenine	At_78D1	0
N6-Benzyladenine	At_76E5	0
N6-Benzyladenine	At_73C7	0
N6-Benzyladenine	At_73B2	0
N6-Benzyladenine	At_76C4	0
N6-Benzyladenine	At_72E1	0
N6-Benzyladenine	At_89C1	0
N6-Benzyladenine	At_85A5	0
N6-Benzyladenine	At_85A4	0
N6-Benzyladenine	At_71B8	0
N6-Benzyladenine	At_76E4	0
N6-Benzyladenine	At_76E2	0
N6-Benzyladenine	At_76E1	0
N6-Benzyladenine	At_71C5	0
N6-Benzyladenine	At_72B3	0
N6-Benzyladenine	At_76E11	0
N6-Benzyladenine	At_75D1	0
N6-Benzyladenine	At_72C1	0
N6-Benzyladenine	At_84B2	0
N6-Benzyladenine	At_71C1	0
N6-Benzyladenine	At_71C2	0
N6-Benzyladenine	At_89B1	0
N6-Benzyladenine	At_74F1	0
N6-Benzyladenine	At_72E2	0
N6-Benzyladenine	At_72E3	0
N6-Benzyladenine	At_71C3	0
N6-Benzyladenine	At_71C4	0
N6-Benzyladenine	At_71B1	0
N6-Benzyladenine	At_73B3	0
N6-Benzyladenine	At_78D2	0
N6-Benzyladenine	At_71B6	0
N6-Benzyladenine	At_73B1	0
N6-Benzyladenine	At_71B5	0
N6-Benzyladenine	At_88A1	0
N6-Benzyladenine	At_73C3	0
N6-Benzyladenine	At_73B5	0
N6-Benzyladenine	At_76E12	0
N6-Benzyladenine	VVGT1	0
N6-Benzyladenine	At_72D1	0
N6-Benzyladenine	At_74B1	0
N6-Benzyladenine	At_73C5	0
N6-Benzyladenine	At_73C6	0
N6-Benzyladenine	At_73C1	0
N6-Benzyladenine	At_73B4	0
N6-Benzyladenine	At_84A3	0
N6-Benzyladenine	At_84B1	0
N6-Benzyladenine	At_84A2	0
N6-Benzyladenine	At_84A1	0
N6-Benzyladenine	At_75B1	0
N6-isopentenyladenine	At_73C4	0
N6-isopentenyladenine	At_78D1	0
N6-isopentenyladenine	At_76E5	0
N6-isopentenyladenine	At_73C7	0
N6-isopentenyladenine	At_73B2	0
N6-isopentenyladenine	At_76C4	0
N6-isopentenyladenine	At_72E1	0
N6-isopentenyladenine	At_89C1	0
N6-isopentenyladenine	At_85A5	0
N6-isopentenyladenine	At_85A4	0
N6-isopentenyladenine	At_71B8	0
N6-isopentenyladenine	At_76E4	0
N6-isopentenyladenine	At_76E2	0
N6-isopentenyladenine	At_76E1	0
N6-isopentenyladenine	At_71C5	0
N6-isopentenyladenine	At_72B3	0
N6-isopentenyladenine	At_76E11	0
N6-isopentenyladenine	At_75D1	0
N6-isopentenyladenine	At_72C1	0
N6-isopentenyladenine	At_84B2	0
N6-isopentenyladenine	At_71C1	0
N6-isopentenyladenine	At_71C2	0
N6-isopentenyladenine	At_89B1	0
N6-isopentenyladenine	At_74F1	0
N6-isopentenyladenine	At_72E2	0
N6-isopentenyladenine	At_72E3	0
N6-isopentenyladenine	At_71C3	0
N6-isopentenyladenine	At_71C4	0
N6-isopentenyladenine	At_71B1	0
N6-isopentenyladenine	At_73B3	0
N6-isopentenyladenine	At_78D2	0
N6-isopentenyladenine	At_71B6	0
N6-isopentenyladenine	At_73B1	0
N6-isopentenyladenine	At_71B5	0
N6-isopentenyladenine	At_88A1	0
N6-isopentenyladenine	At_73C3	0
N6-isopentenyladenine	At_73B5	0
N6-isopentenyladenine	At_76E12	0
N6-isopentenyladenine	VVGT1	0
N6-isopentenyladenine	At_72D1	0
N6-isopentenyladenine	At_74B1	0
N6-isopentenyladenine	At_73C5	0
N6-isopentenyladenine	At_73C6	0
N6-isopentenyladenine	At_73C1	0
N6-isopentenyladenine	At_73B4	0
N6-isopentenyladenine	At_84A3	0
N6-isopentenyladenine	At_84B1	0
N6-isopentenyladenine	At_84A2	0
N6-isopentenyladenine	At_84A1	0
N6-isopentenyladenine	At_75B1	0
Olomoucine	At_73C4	0
Olomoucine	At_78D1	0
Olomoucine	At_76E5	0
Olomoucine	At_73C7	0
Olomoucine	At_73B2	0
Olomoucine	At_76C4	0
Olomoucine	At_72E1	0
Olomoucine	At_89C1	0
Olomoucine	At_85A5	0
Olomoucine	At_85A4	0
Olomoucine	At_71B8	0
Olomoucine	At_76E4	0
Olomoucine	At_76E2	0
Olomoucine	At_76E1	0
Olomoucine	At_71C5	0
Olomoucine	At_72B3	0
Olomoucine	At_76E11	0
Olomoucine	At_75D1	0
Olomoucine	At_72C1	0
Olomoucine	At_84B2	0
Olomoucine	At_71C1	0
Olomoucine	At_71C2	0
Olomoucine	At_89B1	0
Olomoucine	At_74F1	0
Olomoucine	At_72E2	0
Olomoucine	At_72E3	0
Olomoucine	At_71C3	0
Olomoucine	At_71C4	0
Olomoucine	At_71B1	0
Olomoucine	At_73B3	0
Olomoucine	At_78D2	0
Olomoucine	At_71B6	0
Olomoucine	At_73B1	0
Olomoucine	At_71B5	0
Olomoucine	At_88A1	0
Olomoucine	At_73C3	0
Olomoucine	At_73B5	0
Olomoucine	At_76E12	0
Olomoucine	VVGT1	0
Olomoucine	At_72D1	0
Olomoucine	At_74B1	0
Olomoucine	At_73C5	1
Olomoucine	At_73C6	1
Olomoucine	At_73C1	1
Olomoucine	At_73B4	0
Olomoucine	At_84A3	0
Olomoucine	At_84B1	0
Olomoucine	At_84A2	0
Olomoucine	At_84A1	0
Olomoucine	At_75B1	0
Quercetin	At_73C4	1
Quercetin	At_78D1	1
Quercetin	At_76E5	1
Quercetin	At_73C7	1
Quercetin	At_73B2	1
Quercetin	At_76C4	1
Quercetin	At_72E1	1
Quercetin	At_89C1	1
Quercetin	At_85A5	1
Quercetin	At_85A4	0
Quercetin	At_71B8	1
Quercetin	At_76E4	0
Quercetin	At_76E2	0
Quercetin	At_76E1	0
Quercetin	At_71C5	1
Quercetin	At_72B3	1
Quercetin	At_76E11	1
Quercetin	At_75D1	0
Quercetin	At_72C1	0
Quercetin	At_72B1	0
Quercetin	At_84B2	0
Quercetin	At_71C1	1
Quercetin	At_71C2	0.5
Quercetin	At_89B1	0
Quercetin	At_74F1	0
Quercetin	At_72E2	0
Quercetin	At_72E3	0
Quercetin	At_71C3	1
Quercetin	At_71C4	1
Quercetin	At_71B1	1
Quercetin	At_73B3	1
Quercetin	At_78D2	1
Quercetin	At_71B6	1
Quercetin	At_73B1	1
Quercetin	At_71B5	1
Quercetin	At_88A1	1
Quercetin	At_73C3	1
Quercetin	At_73B5	1
Quercetin	At_76E12	1
Quercetin	VVGT1	1
Quercetin	At_72D1	1
Quercetin	At_74B1	1
Quercetin	At_73C5	1
Quercetin	At_73C6	1
Quercetin	At_73C1	1
Quercetin	At_73B4	1
Quercetin	At_74F2	1
Quercetin	At_84A3	1
Quercetin	At_84A4	1
Quercetin	At_84B1	1
Quercetin	At_84A2	1
Quercetin	At_84A1	1
Quercetin	At_75B1	1
Ser-Leu	At_73C4	0
Ser-Leu	At_78D1	0
Ser-Leu	At_73B2	0
Ser-Leu	At_72E1	0
Ser-Leu	At_89C1	0
Ser-Leu	At_85A5	0
Ser-Leu	At_85A4	0
Ser-Leu	At_71B8	0
Ser-Leu	At_76E4	0
Ser-Leu	At_76E2	0
Ser-Leu	At_76E1	0
Ser-Leu	At_71C5	0
Ser-Leu	At_72B3	0
Ser-Leu	At_76E11	0
Ser-Leu	At_75D1	0
Ser-Leu	At_72C1	0
Ser-Leu	At_84B2	0
Ser-Leu	At_71C1	0
Ser-Leu	At_71C2	0
Ser-Leu	At_89B1	0
Ser-Leu	At_74F1	0
Ser-Leu	At_72E2	0
Ser-Leu	At_72E3	0
Ser-Leu	At_71C3	0
Ser-Leu	At_71C4	0
Ser-Leu	At_71B1	0
Ser-Leu	At_73B3	0
Ser-Leu	At_78D2	0
Ser-Leu	At_71B6	0
Ser-Leu	At_73B1	0
Ser-Leu	At_71B5	0
Ser-Leu	At_88A1	0
Ser-Leu	At_73C3	0
Ser-Leu	At_73B5	0
Ser-Leu	At_76E12	0
Ser-Leu	VVGT1	0
Ser-Leu	At_72D1	0
Ser-Leu	At_74B1	0
Ser-Leu	At_73C5	0
Ser-Leu	At_73C6	0
Ser-Leu	At_73C1	0
Ser-Leu	At_73B4	0
Ser-Leu	At_74F2	0
Ser-Leu	At_84A3	0
Ser-Leu	At_84A4	0
Ser-Leu	At_84B1	0
Ser-Leu	At_84A2	0
Ser-Leu	At_84A1	0
Ser-Leu	At_75B1	0
Ser-Phe	At_73C4	0
Ser-Phe	At_78D1	0
Ser-Phe	At_73B2	0
Ser-Phe	At_72E1	0
Ser-Phe	At_89C1	0
Ser-Phe	At_85A5	0
Ser-Phe	At_85A4	0
Ser-Phe	At_71B8	0
Ser-Phe	At_76E4	0
Ser-Phe	At_76E2	0
Ser-Phe	At_76E1	0
Ser-Phe	At_71C5	0
Ser-Phe	At_72B3	0
Ser-Phe	At_76E11	0
Ser-Phe	At_75D1	0
Ser-Phe	At_72C1	0
Ser-Phe	At_84B2	0
Ser-Phe	At_71C1	0
Ser-Phe	At_71C2	0
Ser-Phe	At_89B1	0
Ser-Phe	At_74F1	0
Ser-Phe	At_72E2	0
Ser-Phe	At_72E3	0
Ser-Phe	At_71C3	0
Ser-Phe	At_71C4	0
Ser-Phe	At_71B1	0
Ser-Phe	At_73B3	0
Ser-Phe	At_78D2	0
Ser-Phe	At_71B6	0
Ser-Phe	At_73B1	0
Ser-Phe	At_71B5	0
Ser-Phe	At_88A1	0
Ser-Phe	At_73C3	0
Ser-Phe	At_73B5	0
Ser-Phe	At_76E12	0
Ser-Phe	VVGT1	0
Ser-Phe	At_72D1	0
Ser-Phe	At_74B1	0
Ser-Phe	At_73C5	0
Ser-Phe	At_73C6	0.5
Ser-Phe	At_73C1	0
Ser-Phe	At_73B4	0
Ser-Phe	At_74F2	0
Ser-Phe	At_84A3	0
Ser-Phe	At_84A4	0
Ser-Phe	At_84B1	0
Ser-Phe	At_84A2	0
Ser-Phe	At_84A1	0
Ser-Phe	At_75B1	0
Sinapic acid	At_73C4	0
Sinapic acid	At_78D1	0
Sinapic acid	At_76E5	0
Sinapic acid	At_73C7	0
Sinapic acid	At_73B2	0
Sinapic acid	At_76C4	0
Sinapic acid	At_72E1	0
Sinapic acid	At_89C1	0
Sinapic acid	At_85A5	0
Sinapic acid	At_85A4	0
Sinapic acid	At_71B8	0
Sinapic acid	At_76E4	0
Sinapic acid	At_76E2	0
Sinapic acid	At_76E1	0
Sinapic acid	At_71C5	0
Sinapic acid	At_72B3	0
Sinapic acid	At_76E11	0
Sinapic acid	At_75D1	0
Sinapic acid	At_72C1	0
Sinapic acid	At_72B1	0
Sinapic acid	At_84B2	0.5
Sinapic acid	At_71C1	1
Sinapic acid	At_71C2	1
Sinapic acid	At_89B1	0
Sinapic acid	At_74F1	0
Sinapic acid	At_72E2	1
Sinapic acid	At_72E3	1
Sinapic acid	At_71C3	0
Sinapic acid	At_71C4	0
Sinapic acid	At_71B1	0
Sinapic acid	At_73B3	1
Sinapic acid	At_78D2	0.5
Sinapic acid	At_71B6	0
Sinapic acid	At_73B1	1
Sinapic acid	At_71B5	0
Sinapic acid	At_88A1	0
Sinapic acid	At_73C3	0
Sinapic acid	At_73B5	0
Sinapic acid	At_76E12	0
Sinapic acid	VVGT1	0
Sinapic acid	At_72D1	0
Sinapic acid	At_74B1	0
Sinapic acid	At_73C5	0
Sinapic acid	At_73C6	0
Sinapic acid	At_73C1	0
Sinapic acid	At_73B4	0
Sinapic acid	At_74F2	0
Sinapic acid	At_84A3	1
Sinapic acid	At_84A4	1
Sinapic acid	At_84B1	1
Sinapic acid	At_84A2	1
Sinapic acid	At_84A1	1
Sinapic acid	At_75B1	1
Spectinomycin	At_72E1	0
Spectinomycin	At_89C1	0
Spectinomycin	At_85A5	0
Spectinomycin	At_85A4	0
Spectinomycin	At_71B8	0
Spectinomycin	At_76E4	0
Spectinomycin	At_76E2	0
Spectinomycin	At_76E1	0
Spectinomycin	At_76E11	0
Spectinomycin	At_72C1	0
Spectinomycin	At_89B1	0
Spectinomycin	At_74F1	0
Spectinomycin	At_72E2	0
Spectinomycin	At_72E3	0
Spectinomycin	At_71C3	0
Spectinomycin	At_71C4	0
Spectinomycin	At_71B1	0
Spectinomycin	At_78D2	0
Spectinomycin	At_71B6	0
Spectinomycin	At_73B1	0
Spectinomycin	At_88A1	0
Spectinomycin	At_73B5	0
Spectinomycin	At_76E12	0
Spectinomycin	At_72D1	0
Spectinomycin	At_73C5	0
Spectinomycin	At_73C6	0
Spectinomycin	At_73B4	0
Threonine	At_73C4	0
Threonine	At_78D1	0
Threonine	At_73B2	0
Threonine	At_72E1	0
Threonine	At_89C1	0
Threonine	At_85A5	0
Threonine	At_85A4	0
Threonine	At_71B8	0
Threonine	At_76E4	0
Threonine	At_76E2	0
Threonine	At_76E1	0
Threonine	At_71C5	0
Threonine	At_72B3	0
Threonine	At_76E11	0
Threonine	At_75D1	0
Threonine	At_72C1	0
Threonine	At_72B1	0.5
Threonine	At_84B2	0
Threonine	At_71C1	0
Threonine	At_71C2	0
Threonine	At_89B1	0
Threonine	At_74F1	0
Threonine	At_72E2	0
Threonine	At_72E3	0
Threonine	At_71C3	0
Threonine	At_71C4	0
Threonine	At_71B1	0
Threonine	At_73B3	0
Threonine	At_78D2	0
Threonine	At_71B6	0
Threonine	At_73B1	0
Threonine	At_71B5	0
Threonine	At_88A1	0
Threonine	At_73C3	0
Threonine	At_73B5	0
Threonine	At_76E12	0
Threonine	VVGT1	0
Threonine	At_72D1	0
Threonine	At_74B1	0
Threonine	At_73C5	0
Threonine	At_73C6	0
Threonine	At_73C1	0
Threonine	At_73B4	0
Threonine	At_74F2	0
Threonine	At_84A3	0
Threonine	At_84A4	0
Threonine	At_84B1	0
Threonine	At_84A2	0
Threonine	At_84A1	0
Threonine	At_75B1	0
Trans-Zentin-Glucose	At_73C4	0
Trans-Zentin-Glucose	At_78D1	0
Trans-Zentin-Glucose	At_76E5	0
Trans-Zentin-Glucose	At_73C7	0
Trans-Zentin-Glucose	At_73B2	0
Trans-Zentin-Glucose	At_76C4	0
Trans-Zentin-Glucose	At_72E1	0
Trans-Zentin-Glucose	At_89C1	0
Trans-Zentin-Glucose	At_85A5	0
Trans-Zentin-Glucose	At_85A4	0
Trans-Zentin-Glucose	At_71B8	0
Trans-Zentin-Glucose	At_76E4	0
Trans-Zentin-Glucose	At_76E2	0
Trans-Zentin-Glucose	At_76E1	0
Trans-Zentin-Glucose	At_71C5	0
Trans-Zentin-Glucose	At_72B3	0
Trans-Zentin-Glucose	At_76E11	0
Trans-Zentin-Glucose	At_75D1	0
Trans-Zentin-Glucose	At_72C1	0
Trans-Zentin-Glucose	At_84B2	0
Trans-Zentin-Glucose	At_71C1	0
Trans-Zentin-Glucose	At_71C2	0
Trans-Zentin-Glucose	At_89B1	0
Trans-Zentin-Glucose	At_74F1	0
Trans-Zentin-Glucose	At_72E2	0
Trans-Zentin-Glucose	At_72E3	0
Trans-Zentin-Glucose	At_71C3	0
Trans-Zentin-Glucose	At_71C4	0
Trans-Zentin-Glucose	At_71B1	0
Trans-Zentin-Glucose	At_73B3	0
Trans-Zentin-Glucose	At_78D2	0
Trans-Zentin-Glucose	At_71B6	0
Trans-Zentin-Glucose	At_73B1	0.5
Trans-Zentin-Glucose	At_71B5	0
Trans-Zentin-Glucose	At_88A1	0
Trans-Zentin-Glucose	At_73C3	0
Trans-Zentin-Glucose	At_73B5	0
Trans-Zentin-Glucose	At_76E12	0
Trans-Zentin-Glucose	VVGT1	0
Trans-Zentin-Glucose	At_72D1	0
Trans-Zentin-Glucose	At_74B1	0
Trans-Zentin-Glucose	At_73C5	0
Trans-Zentin-Glucose	At_73C6	0
Trans-Zentin-Glucose	At_73C1	0
Trans-Zentin-Glucose	At_73B4	0
Trans-Zentin-Glucose	At_84A3	0
Trans-Zentin-Glucose	At_84B1	0
Trans-Zentin-Glucose	At_84A2	0
Trans-Zentin-Glucose	At_84A1	0
Trans-Zentin-Glucose	At_75B1	0
Trans-dihydroquercetin (DHQ)	At_73C4	0
Trans-dihydroquercetin (DHQ)	At_78D1	0
Trans-dihydroquercetin (DHQ)	At_76E5	0.5
Trans-dihydroquercetin (DHQ)	At_73C7	0
Trans-dihydroquercetin (DHQ)	At_73B2	0
Trans-dihydroquercetin (DHQ)	At_76C4	0
Trans-dihydroquercetin (DHQ)	At_72E1	0
Trans-dihydroquercetin (DHQ)	At_89C1	0
Trans-dihydroquercetin (DHQ)	At_85A5	0
Trans-dihydroquercetin (DHQ)	At_85A4	0
Trans-dihydroquercetin (DHQ)	At_71B8	0
Trans-dihydroquercetin (DHQ)	At_76E4	0
Trans-dihydroquercetin (DHQ)	At_76E2	0
Trans-dihydroquercetin (DHQ)	At_76E1	0
Trans-dihydroquercetin (DHQ)	At_71C5	0
Trans-dihydroquercetin (DHQ)	At_72B3	0
Trans-dihydroquercetin (DHQ)	At_76E11	0
Trans-dihydroquercetin (DHQ)	At_75D1	0
Trans-dihydroquercetin (DHQ)	At_72C1	0
Trans-dihydroquercetin (DHQ)	At_84B2	0
Trans-dihydroquercetin (DHQ)	At_71C1	1
Trans-dihydroquercetin (DHQ)	At_71C2	0
Trans-dihydroquercetin (DHQ)	At_89B1	0
Trans-dihydroquercetin (DHQ)	At_74F1	0
Trans-dihydroquercetin (DHQ)	At_72E2	0
Trans-dihydroquercetin (DHQ)	At_72E3	0
Trans-dihydroquercetin (DHQ)	At_71C3	1
Trans-dihydroquercetin (DHQ)	At_71C4	1
Trans-dihydroquercetin (DHQ)	At_71B1	1
Trans-dihydroquercetin (DHQ)	At_73B3	1
Trans-dihydroquercetin (DHQ)	At_78D2	1
Trans-dihydroquercetin (DHQ)	At_71B6	1
Trans-dihydroquercetin (DHQ)	At_73B1	1
Trans-dihydroquercetin (DHQ)	At_71B5	1
Trans-dihydroquercetin (DHQ)	At_88A1	1
Trans-dihydroquercetin (DHQ)	At_73C3	1
Trans-dihydroquercetin (DHQ)	At_73B5	1
Trans-dihydroquercetin (DHQ)	At_76E12	0.5
Trans-dihydroquercetin (DHQ)	VVGT1	1
Trans-dihydroquercetin (DHQ)	At_72D1	1
Trans-dihydroquercetin (DHQ)	At_74B1	1
Trans-dihydroquercetin (DHQ)	At_73C5	1
Trans-dihydroquercetin (DHQ)	At_73C6	1
Trans-dihydroquercetin (DHQ)	At_73C1	1
Trans-dihydroquercetin (DHQ)	At_73B4	1
Trans-dihydroquercetin (DHQ)	At_74F2	0
Trans-dihydroquercetin (DHQ)	At_84A3	0
Trans-dihydroquercetin (DHQ)	At_84A4	1
Trans-dihydroquercetin (DHQ)	At_84B1	1
Trans-dihydroquercetin (DHQ)	At_84A2	1
Trans-dihydroquercetin (DHQ)	At_84A1	1
Trans-dihydroquercetin (DHQ)	At_75B1	1
UDP5SGlc	At_78D1	0
UDP5SGlc	At_76E5	0
UDP5SGlc	At_73C7	0
UDP5SGlc	At_73B2	0
UDP5SGlc	At_72E1	0
UDP5SGlc	At_89C1	0
UDP5SGlc	At_85A5	0
UDP5SGlc	At_85A4	0
UDP5SGlc	At_71B8	1
UDP5SGlc	At_76E4	0
UDP5SGlc	At_76E2	0
UDP5SGlc	At_76E1	1
UDP5SGlc	At_71C5	1
UDP5SGlc	At_72B3	0
UDP5SGlc	At_76E11	0
UDP5SGlc	At_75D1	0
UDP5SGlc	At_72C1	0
UDP5SGlc	At_72B1	1
UDP5SGlc	At_84B2	0
UDP5SGlc	At_71C1	0
UDP5SGlc	At_71C2	1
UDP5SGlc	At_89B1	1
UDP5SGlc	At_74F1	0
UDP5SGlc	At_72E2	0
UDP5SGlc	At_72E3	0
UDP5SGlc	At_71C3	1
UDP5SGlc	At_71C4	1
UDP5SGlc	At_71B1	1
UDP5SGlc	At_73B3	1
UDP5SGlc	At_78D2	1
UDP5SGlc	At_71B6	0
UDP5SGlc	At_73B1	1
UDP5SGlc	At_88A1	1
UDP5SGlc	At_73C3	1
UDP5SGlc	At_73B5	0
UDP5SGlc	At_76E12	1
UDP5SGlc	VVGT1	1
UDP5SGlc	At_72D1	0
UDP5SGlc	At_74B1	0
UDP5SGlc	At_73C5	1
UDP5SGlc	At_73C6	1
UDP5SGlc	At_73C1	0
UDP5SGlc	At_73B4	1
UDP5SGlc	At_74F2	1
UDP5SGlc	At_84A3	0
UDP5SGlc	At_84A4	0
UDP5SGlc	At_84B1	0
UDP5SGlc	At_84A2	0
UDP5SGlc	At_84A1	0
UDP5SGlc	At_75B1	0
UDPGal	At_78D1	1
UDPGal	At_76E5	0
UDPGal	At_73C7	0
UDPGal	At_73B2	0
UDPGal	At_72E1	0
UDPGal	At_89C1	0
UDPGal	At_85A5	0
UDPGal	At_85A4	0
UDPGal	At_71B8	1
UDPGal	At_76E4	0
UDPGal	At_76E2	0
UDPGal	At_76E1	0
UDPGal	At_71C5	1
UDPGal	At_72B3	1
UDPGal	At_76E11	0
UDPGal	At_75D1	0
UDPGal	At_72C1	0
UDPGal	At_72B1	0
UDPGal	At_84B2	0
UDPGal	At_71C1	0
UDPGal	At_71C2	1
UDPGal	At_89B1	0.5
UDPGal	At_74F1	1
UDPGal	At_72E2	0
UDPGal	At_72E3	0
UDPGal	At_71C3	1
UDPGal	At_71C4	1
UDPGal	At_71B1	1
UDPGal	At_73B3	1
UDPGal	At_78D2	1
UDPGal	At_71B6	0
UDPGal	At_73B1	1
UDPGal	At_88A1	1
UDPGal	At_73C3	0
UDPGal	At_73B5	0
UDPGal	At_76E12	0
UDPGal	VVGT1	1
UDPGal	At_72D1	0
UDPGal	At_74B1	0
UDPGal	At_73C5	1
UDPGal	At_73C6	0.5
UDPGal	At_73C1	0
UDPGal	At_73B4	1
UDPGal	At_74F2	1
UDPGal	At_84A3	0
UDPGal	At_84A4	0
UDPGal	At_84B1	0
UDPGal	At_84A2	1
UDPGal	At_84A1	0
UDPGal	At_75B1	0
UDPGlc	At_73C4	1
UDPGlc	At_78D1	1
UDPGlc	At_76E5	1
UDPGlc	At_73C7	1
UDPGlc	At_73B2	1
UDPGlc	At_76C4	1
UDPGlc	At_72E1	1
UDPGlc	At_89C1	1
UDPGlc	At_85A5	1
UDPGlc	At_85A4	1
UDPGlc	At_71B8	1
UDPGlc	At_76E4	1
UDPGlc	At_76E2	1
UDPGlc	At_76E1	1
UDPGlc	At_71C5	1
UDPGlc	At_72B3	1
UDPGlc	At_76E11	1
UDPGlc	At_75D1	1
UDPGlc	At_72C1	1
UDPGlc	At_72B1	1
UDPGlc	At_84B2	1
UDPGlc	At_71C1	1
UDPGlc	At_71C2	1
UDPGlc	At_89B1	1
UDPGlc	At_74F1	1
UDPGlc	At_72E2	1
UDPGlc	At_72E3	1
UDPGlc	At_71C3	1
UDPGlc	At_71C4	1
UDPGlc	At_71B1	1
UDPGlc	At_73B3	1
UDPGlc	At_78D2	1
UDPGlc	At_71B6	1
UDPGlc	At_73B1	1
UDPGlc	At_71B5	1
UDPGlc	At_88A1	1
UDPGlc	At_73C3	1
UDPGlc	At_73B5	1
UDPGlc	At_76E12	1
UDPGlc	VVGT1	1
UDPGlc	At_72D1	1
UDPGlc	At_74B1	1
UDPGlc	At_73C5	1
UDPGlc	At_73C6	1
UDPGlc	At_73C1	1
UDPGlc	At_73B4	1
UDPGlc	At_74F2	1
UDPGlc	At_84A3	1
UDPGlc	At_84A4	1
UDPGlc	At_84B1	1
UDPGlc	At_84A2	1
UDPGlc	At_84A1	1
UDPGlc	At_75B1	1
UDPGlcNAc	At_78D1	0
UDPGlcNAc	At_76E5	0
UDPGlcNAc	At_73C7	0
UDPGlcNAc	At_73B2	0
UDPGlcNAc	At_72E1	0
UDPGlcNAc	At_89C1	0
UDPGlcNAc	At_85A5	0
UDPGlcNAc	At_85A4	0
UDPGlcNAc	At_71B8	0
UDPGlcNAc	At_76E4	0
UDPGlcNAc	At_76E2	0
UDPGlcNAc	At_76E1	1
UDPGlcNAc	At_71C5	0
UDPGlcNAc	At_72B3	0
UDPGlcNAc	At_76E11	1
UDPGlcNAc	At_75D1	0
UDPGlcNAc	At_72C1	0
UDPGlcNAc	At_72B1	0
UDPGlcNAc	At_84B2	0
UDPGlcNAc	At_71C1	0
UDPGlcNAc	At_71C2	0
UDPGlcNAc	At_89B1	1
UDPGlcNAc	At_74F1	1
UDPGlcNAc	At_72E2	0
UDPGlcNAc	At_72E3	0
UDPGlcNAc	At_71C3	0
UDPGlcNAc	At_71C4	1
UDPGlcNAc	At_71B1	0
UDPGlcNAc	At_73B3	1
UDPGlcNAc	At_78D2	0.5
UDPGlcNAc	At_71B6	0
UDPGlcNAc	At_73B1	1
UDPGlcNAc	At_88A1	0
UDPGlcNAc	At_73C3	0
UDPGlcNAc	At_73B5	0
UDPGlcNAc	At_76E12	1
UDPGlcNAc	VVGT1	1
UDPGlcNAc	At_72D1	0
UDPGlcNAc	At_74B1	0
UDPGlcNAc	At_73C5	1
UDPGlcNAc	At_73C6	1
UDPGlcNAc	At_73C1	0
UDPGlcNAc	At_73B4	1
UDPGlcNAc	At_74F2	0
UDPGlcNAc	At_84A3	0
UDPGlcNAc	At_84A4	0
UDPGlcNAc	At_84B1	1
UDPGlcNAc	At_84A2	1
UDPGlcNAc	At_84A1	0
UDPGlcNAc	At_75B1	0
UDPMan	At_78D1	0
UDPMan	At_76E5	0
UDPMan	At_73C7	0
UDPMan	At_73B2	0
UDPMan	At_72E1	0
UDPMan	At_89C1	0
UDPMan	At_85A5	0
UDPMan	At_85A4	0
UDPMan	At_71B8	0
UDPMan	At_76E4	0
UDPMan	At_76E2	0
UDPMan	At_76E1	0
UDPMan	At_71C5	0
UDPMan	At_72B3	0
UDPMan	At_76E11	0
UDPMan	At_75D1	0
UDPMan	At_72C1	0
UDPMan	At_72B1	0
UDPMan	At_84B2	0
UDPMan	At_71C1	0
UDPMan	At_71C2	0
UDPMan	At_89B1	0
UDPMan	At_74F1	0
UDPMan	At_72E2	0
UDPMan	At_72E3	0
UDPMan	At_71C3	0
UDPMan	At_71C4	0
UDPMan	At_71B1	0
UDPMan	At_73B3	1
UDPMan	At_78D2	1
UDPMan	At_71B6	0
UDPMan	At_73B1	1
UDPMan	At_88A1	0
UDPMan	At_73C3	0
UDPMan	At_73B5	0
UDPMan	At_76E12	0
UDPMan	VVGT1	1
UDPMan	At_72D1	0
UDPMan	At_74B1	0
UDPMan	At_73C5	0.5
UDPMan	At_73C6	0.5
UDPMan	At_73C1	0.5
UDPMan	At_73B4	0
UDPMan	At_74F2	0
UDPMan	At_84A3	0
UDPMan	At_84A4	0
UDPMan	At_84B1	0
UDPMan	At_84A2	0
UDPMan	At_84A1	0
UDPMan	At_75B1	0
UDPRha	At_78D1	1
UDPRha	At_76E5	0
UDPRha	At_73C7	0
UDPRha	At_73B2	0
UDPRha	At_72E1	0
UDPRha	At_89C1	1
UDPRha	At_85A5	0
UDPRha	At_85A4	0
UDPRha	At_71B8	0
UDPRha	At_76E4	0
UDPRha	At_76E2	0
UDPRha	At_76E1	0
UDPRha	At_71C5	0
UDPRha	At_72B3	0
UDPRha	At_76E11	0
UDPRha	At_75D1	0
UDPRha	At_72C1	0
UDPRha	At_72B1	0
UDPRha	At_84B2	0
UDPRha	At_71C1	0
UDPRha	At_71C2	0
UDPRha	At_89B1	0
UDPRha	At_74F1	0
UDPRha	At_72E2	0
UDPRha	At_72E3	0
UDPRha	At_71C3	0
UDPRha	At_71C4	0
UDPRha	At_71B1	0
UDPRha	At_73B3	0.5
UDPRha	At_78D2	0
UDPRha	At_71B6	0
UDPRha	At_73B1	0
UDPRha	At_88A1	0
UDPRha	At_73C3	0
UDPRha	At_73B5	0
UDPRha	At_76E12	0
UDPRha	VVGT1	0
UDPRha	At_72D1	0
UDPRha	At_74B1	0
UDPRha	At_73C5	1
UDPRha	At_73C6	1
UDPRha	At_73C1	0
UDPRha	At_73B4	0
UDPRha	At_74F2	0
UDPRha	At_84A3	0
UDPRha	At_84A4	0
UDPRha	At_84B1	0
UDPRha	At_84A2	0
UDPRha	At_84A1	0
UDPRha	At_75B1	0
UDPXyl	At_78D1	1
UDPXyl	At_76E5	0
UDPXyl	At_73C7	0
UDPXyl	At_73B2	0
UDPXyl	At_72E1	0
UDPXyl	At_89C1	1
UDPXyl	At_85A5	0
UDPXyl	At_85A4	0
UDPXyl	At_71B8	0
UDPXyl	At_76E4	0
UDPXyl	At_76E2	0
UDPXyl	At_76E1	0
UDPXyl	At_71C5	1
UDPXyl	At_72B3	1
UDPXyl	At_76E11	0
UDPXyl	At_75D1	0
UDPXyl	At_72C1	0
UDPXyl	At_72B1	0
UDPXyl	At_84B2	0
UDPXyl	At_71C1	0.5
UDPXyl	At_71C2	1
UDPXyl	At_89B1	1
UDPXyl	At_74F1	0.5
UDPXyl	At_72E2	0.5
UDPXyl	At_72E3	0
UDPXyl	At_71C3	1
UDPXyl	At_71C4	1
UDPXyl	At_71B1	1
UDPXyl	At_73B3	1
UDPXyl	At_78D2	1
UDPXyl	At_71B6	0
UDPXyl	At_73B1	1
UDPXyl	At_88A1	1
UDPXyl	At_73C3	1
UDPXyl	At_73B5	0.5
UDPXyl	At_76E12	0
UDPXyl	VVGT1	1
UDPXyl	At_72D1	0
UDPXyl	At_74B1	1
UDPXyl	At_73C5	1
UDPXyl	At_73C6	1
UDPXyl	At_73C1	1
UDPXyl	At_73B4	1
UDPXyl	At_74F2	0
UDPXyl	At_84A3	0
UDPXyl	At_84A4	0
UDPXyl	At_84B1	1
UDPXyl	At_84A2	0.5
UDPXyl	At_84A1	0
UDPXyl	At_75B1	0
Umbelliferone	At_73C4	0
Umbelliferone	At_78D1	0
Umbelliferone	At_76E5	0
Umbelliferone	At_73C7	0
Umbelliferone	At_73B2	0
Umbelliferone	At_76C4	0.5
Umbelliferone	At_72E1	0
Umbelliferone	At_89C1	0
Umbelliferone	At_85A5	0
Umbelliferone	At_85A4	0
Umbelliferone	At_71B8	0
Umbelliferone	At_76E4	0
Umbelliferone	At_76E2	0
Umbelliferone	At_76E1	0
Umbelliferone	At_71C5	0
Umbelliferone	At_72B3	0
Umbelliferone	At_76E11	1
Umbelliferone	At_75D1	0
Umbelliferone	At_72C1	0
Umbelliferone	At_72B1	1
Umbelliferone	At_84B2	0.5
Umbelliferone	At_71C1	0
Umbelliferone	At_71C2	0
Umbelliferone	At_89B1	0
Umbelliferone	At_74F1	0
Umbelliferone	At_72E2	0
Umbelliferone	At_72E3	0
Umbelliferone	At_71C3	0
Umbelliferone	At_71C4	0.5
Umbelliferone	At_71B1	1
Umbelliferone	At_73B3	0
Umbelliferone	At_78D2	0.5
Umbelliferone	At_71B6	0.5
Umbelliferone	At_73B1	1
Umbelliferone	At_71B5	0
Umbelliferone	At_88A1	0
Umbelliferone	At_73C3	0
Umbelliferone	At_73B5	0
Umbelliferone	At_76E12	0.5
Umbelliferone	VVGT1	1
Umbelliferone	At_72D1	0
Umbelliferone	At_74B1	0.5
Umbelliferone	At_73C5	0.5
Umbelliferone	At_73C6	1
Umbelliferone	At_73C1	0
Umbelliferone	At_73B4	0
Umbelliferone	At_74F2	1
Umbelliferone	At_84A3	0.5
Umbelliferone	At_84A4	0
Umbelliferone	At_84B1	0
Umbelliferone	At_84A2	1
Umbelliferone	At_84A1	1
Umbelliferone	At_75B1	1
a-ManOBn	At_73C4	0
a-ManOBn	At_78D1	0.5
a-ManOBn	At_73B2	0
a-ManOBn	At_72E1	0
a-ManOBn	At_89C1	0
a-ManOBn	At_85A5	0
a-ManOBn	At_85A4	0
a-ManOBn	At_71B8	0
a-ManOBn	At_76E4	0
a-ManOBn	At_76E2	0
a-ManOBn	At_76E1	0
a-ManOBn	At_71C5	0
a-ManOBn	At_72B3	0
a-ManOBn	At_76E11	0
a-ManOBn	At_75D1	0.5
a-ManOBn	At_72C1	0
a-ManOBn	At_84B2	0
a-ManOBn	At_71C1	0
a-ManOBn	At_71C2	0
a-ManOBn	At_89B1	0
a-ManOBn	At_74F1	0
a-ManOBn	At_72E2	0
a-ManOBn	At_72E3	0
a-ManOBn	At_71C3	0
a-ManOBn	At_71C4	0
a-ManOBn	At_71B1	0
a-ManOBn	At_73B3	0
a-ManOBn	At_78D2	0
a-ManOBn	At_71B6	0
a-ManOBn	At_73B1	0
a-ManOBn	At_71B5	0.5
a-ManOBn	At_88A1	0
a-ManOBn	At_73C3	0
a-ManOBn	At_73B5	0
a-ManOBn	At_76E12	0
a-ManOBn	VVGT1	0.5
a-ManOBn	At_72D1	0
a-ManOBn	At_74B1	0.5
a-ManOBn	At_73C5	0
a-ManOBn	At_73C6	0
a-ManOBn	At_73C1	0
a-ManOBn	At_73B4	0
a-ManOBn	At_74F2	0.5
a-ManOBn	At_84A3	0
a-ManOBn	At_84A4	0
a-ManOBn	At_84B1	0
a-ManOBn	At_84A2	0
a-ManOBn	At_84A1	0
a-ManOBn	At_75B1	0
a-ManOBn(pNO2)	At_73C4	0
a-ManOBn(pNO2)	At_78D1	0
a-ManOBn(pNO2)	At_73B2	0
a-ManOBn(pNO2)	At_72E1	0
a-ManOBn(pNO2)	At_89C1	0
a-ManOBn(pNO2)	At_85A5	0
a-ManOBn(pNO2)	At_85A4	0
a-ManOBn(pNO2)	At_71B8	0
a-ManOBn(pNO2)	At_76E4	0
a-ManOBn(pNO2)	At_76E2	0
a-ManOBn(pNO2)	At_76E1	0
a-ManOBn(pNO2)	At_71C5	0
a-ManOBn(pNO2)	At_72B3	0
a-ManOBn(pNO2)	At_76E11	0
a-ManOBn(pNO2)	At_75D1	0
a-ManOBn(pNO2)	At_72C1	0
a-ManOBn(pNO2)	At_84B2	0
a-ManOBn(pNO2)	At_71C1	0
a-ManOBn(pNO2)	At_71C2	0
a-ManOBn(pNO2)	At_89B1	0
a-ManOBn(pNO2)	At_74F1	0
a-ManOBn(pNO2)	At_72E2	0
a-ManOBn(pNO2)	At_72E3	0
a-ManOBn(pNO2)	At_71C3	0
a-ManOBn(pNO2)	At_71C4	0
a-ManOBn(pNO2)	At_71B1	0
a-ManOBn(pNO2)	At_73B3	0
a-ManOBn(pNO2)	At_78D2	0
a-ManOBn(pNO2)	At_71B6	0
a-ManOBn(pNO2)	At_73B1	0
a-ManOBn(pNO2)	At_71B5	0
a-ManOBn(pNO2)	At_88A1	0
a-ManOBn(pNO2)	At_73C3	0
a-ManOBn(pNO2)	At_73B5	0
a-ManOBn(pNO2)	At_76E12	0
a-ManOBn(pNO2)	VVGT1	0
a-ManOBn(pNO2)	At_72D1	0
a-ManOBn(pNO2)	At_74B1	0
a-ManOBn(pNO2)	At_73C5	0
a-ManOBn(pNO2)	At_73C6	0
a-ManOBn(pNO2)	At_73C1	0
a-ManOBn(pNO2)	At_73B4	0
a-ManOBn(pNO2)	At_74F2	0
a-ManOBn(pNO2)	At_84A3	0
a-ManOBn(pNO2)	At_84A4	0
a-ManOBn(pNO2)	At_84B1	0
a-ManOBn(pNO2)	At_84A2	0
a-ManOBn(pNO2)	At_84A1	0
a-ManOBn(pNO2)	At_75B1	0
a-ManOBnF5	At_73C4	0
a-ManOBnF5	At_78D1	0
a-ManOBnF5	At_73B2	0
a-ManOBnF5	At_72E1	0
a-ManOBnF5	At_89C1	0
a-ManOBnF5	At_85A5	0
a-ManOBnF5	At_85A4	0
a-ManOBnF5	At_71B8	0
a-ManOBnF5	At_76E4	0
a-ManOBnF5	At_76E2	0
a-ManOBnF5	At_76E1	0
a-ManOBnF5	At_71C5	0
a-ManOBnF5	At_72B3	0
a-ManOBnF5	At_76E11	0
a-ManOBnF5	At_75D1	0
a-ManOBnF5	At_72C1	0
a-ManOBnF5	At_84B2	0
a-ManOBnF5	At_71C1	0
a-ManOBnF5	At_71C2	0
a-ManOBnF5	At_89B1	0
a-ManOBnF5	At_74F1	0
a-ManOBnF5	At_72E2	0
a-ManOBnF5	At_72E3	0
a-ManOBnF5	At_71C3	0
a-ManOBnF5	At_71C4	0
a-ManOBnF5	At_71B1	0
a-ManOBnF5	At_73B3	0
a-ManOBnF5	At_78D2	0
a-ManOBnF5	At_71B6	0
a-ManOBnF5	At_73B1	0
a-ManOBnF5	At_71B5	0
a-ManOBnF5	At_88A1	0
a-ManOBnF5	At_73C3	0
a-ManOBnF5	At_73B5	0
a-ManOBnF5	At_76E12	0
a-ManOBnF5	VVGT1	0
a-ManOBnF5	At_72D1	0
a-ManOBnF5	At_74B1	0
a-ManOBnF5	At_73C5	0
a-ManOBnF5	At_73C6	0
a-ManOBnF5	At_73C1	0
a-ManOBnF5	At_73B4	0
a-ManOBnF5	At_74F2	0
a-ManOBnF5	At_84A3	0
a-ManOBnF5	At_84A4	0
a-ManOBnF5	At_84B1	0
a-ManOBnF5	At_84A2	0
a-ManOBnF5	At_84A1	0
a-ManOBnF5	At_75B1	0
a-ManOCH2Bn	At_73C4	0
a-ManOCH2Bn	At_78D1	0
a-ManOCH2Bn	At_73B2	0
a-ManOCH2Bn	At_72E1	0
a-ManOCH2Bn	At_89C1	0
a-ManOCH2Bn	At_85A5	0
a-ManOCH2Bn	At_85A4	0
a-ManOCH2Bn	At_71B8	0
a-ManOCH2Bn	At_76E4	0
a-ManOCH2Bn	At_76E2	0
a-ManOCH2Bn	At_76E1	0
a-ManOCH2Bn	At_71C5	0
a-ManOCH2Bn	At_72B3	0
a-ManOCH2Bn	At_76E11	0
a-ManOCH2Bn	At_75D1	0
a-ManOCH2Bn	At_72C1	0
a-ManOCH2Bn	At_84B2	0
a-ManOCH2Bn	At_71C1	0
a-ManOCH2Bn	At_71C2	0
a-ManOCH2Bn	At_89B1	0
a-ManOCH2Bn	At_74F1	0
a-ManOCH2Bn	At_72E2	0
a-ManOCH2Bn	At_72E3	0
a-ManOCH2Bn	At_71C3	0
a-ManOCH2Bn	At_71C4	0
a-ManOCH2Bn	At_71B1	0.5
a-ManOCH2Bn	At_73B3	0
a-ManOCH2Bn	At_78D2	0
a-ManOCH2Bn	At_71B6	0
a-ManOCH2Bn	At_73B1	0
a-ManOCH2Bn	At_71B5	0
a-ManOCH2Bn	At_88A1	0
a-ManOCH2Bn	At_73C3	0
a-ManOCH2Bn	At_73B5	0
a-ManOCH2Bn	At_76E12	0
a-ManOCH2Bn	VVGT1	0
a-ManOCH2Bn	At_72D1	0
a-ManOCH2Bn	At_74B1	0
a-ManOCH2Bn	At_73C5	0
a-ManOCH2Bn	At_73C6	0
a-ManOCH2Bn	At_73C1	0
a-ManOCH2Bn	At_73B4	0
a-ManOCH2Bn	At_74F2	0
a-ManOCH2Bn	At_84A3	0
a-ManOCH2Bn	At_84A4	0
a-ManOCH2Bn	At_84B1	0
a-ManOCH2Bn	At_84A2	0
a-ManOCH2Bn	At_84A1	0
a-ManOCH2Bn	At_75B1	0
a-ManOPMP	At_73C4	0
a-ManOPMP	At_78D1	0
a-ManOPMP	At_73B2	0
a-ManOPMP	At_72E1	0
a-ManOPMP	At_89C1	0
a-ManOPMP	At_85A5	0
a-ManOPMP	At_85A4	0
a-ManOPMP	At_71B8	0
a-ManOPMP	At_76E4	0
a-ManOPMP	At_76E2	0
a-ManOPMP	At_76E1	0
a-ManOPMP	At_71C5	0
a-ManOPMP	At_72B3	0
a-ManOPMP	At_76E11	0
a-ManOPMP	At_75D1	0
a-ManOPMP	At_72C1	0
a-ManOPMP	At_84B2	0
a-ManOPMP	At_71C1	0
a-ManOPMP	At_71C2	0
a-ManOPMP	At_89B1	0
a-ManOPMP	At_74F1	0
a-ManOPMP	At_72E2	0
a-ManOPMP	At_72E3	0
a-ManOPMP	At_71C3	0
a-ManOPMP	At_71C4	0
a-ManOPMP	At_71B1	0
a-ManOPMP	At_73B3	0
a-ManOPMP	At_78D2	0
a-ManOPMP	At_71B6	0
a-ManOPMP	At_73B1	0
a-ManOPMP	At_71B5	0
a-ManOPMP	At_88A1	0
a-ManOPMP	At_73C3	0
a-ManOPMP	At_73B5	0
a-ManOPMP	At_76E12	0
a-ManOPMP	VVGT1	0
a-ManOPMP	At_72D1	0
a-ManOPMP	At_74B1	0
a-ManOPMP	At_73C5	0
a-ManOPMP	At_73C6	0
a-ManOPMP	At_73C1	0
a-ManOPMP	At_73B4	0
a-ManOPMP	At_74F2	0
a-ManOPMP	At_84A3	0
a-ManOPMP	At_84A4	0
a-ManOPMP	At_84B1	0
a-ManOPMP	At_84A2	0
a-ManOPMP	At_84A1	0
a-ManOPMP	At_75B1	0
a-ManOPh	At_73C4	0
a-ManOPh	At_78D1	0
a-ManOPh	At_73B2	0
a-ManOPh	At_72E1	0
a-ManOPh	At_89C1	0
a-ManOPh	At_85A5	0
a-ManOPh	At_85A4	0
a-ManOPh	At_71B8	0
a-ManOPh	At_76E4	0
a-ManOPh	At_76E2	0
a-ManOPh	At_76E1	0
a-ManOPh	At_71C5	0
a-ManOPh	At_72B3	0
a-ManOPh	At_76E11	0
a-ManOPh	At_75D1	0
a-ManOPh	At_72C1	0
a-ManOPh	At_84B2	0
a-ManOPh	At_71C1	0
a-ManOPh	At_71C2	0
a-ManOPh	At_89B1	0
a-ManOPh	At_74F1	0
a-ManOPh	At_72E2	0
a-ManOPh	At_72E3	0
a-ManOPh	At_71C3	0
a-ManOPh	At_71C4	0
a-ManOPh	At_71B1	0.5
a-ManOPh	At_73B3	0
a-ManOPh	At_78D2	0
a-ManOPh	At_71B6	0
a-ManOPh	At_73B1	0
a-ManOPh	At_71B5	0
a-ManOPh	At_88A1	0
a-ManOPh	At_73C3	0
a-ManOPh	At_73B5	0
a-ManOPh	At_76E12	0
a-ManOPh	VVGT1	0
a-ManOPh	At_72D1	0
a-ManOPh	At_74B1	0
a-ManOPh	At_73C5	0
a-ManOPh	At_73C6	0
a-ManOPh	At_73C1	0
a-ManOPh	At_73B4	0
a-ManOPh	At_74F2	0
a-ManOPh	At_84A3	0
a-ManOPh	At_84A4	0
a-ManOPh	At_84B1	0
a-ManOPh	At_84A2	0
a-ManOPh	At_84A1	0
a-ManOPh	At_75B1	0
a-ManOPhF5	At_73C4	0
a-ManOPhF5	At_78D1	0
a-ManOPhF5	At_73B2	0
a-ManOPhF5	At_72E1	0
a-ManOPhF5	At_89C1	0
a-ManOPhF5	At_85A5	0
a-ManOPhF5	At_85A4	0
a-ManOPhF5	At_71B8	0
a-ManOPhF5	At_76E4	0
a-ManOPhF5	At_76E2	0
a-ManOPhF5	At_76E1	0
a-ManOPhF5	At_71C5	0
a-ManOPhF5	At_72B3	0
a-ManOPhF5	At_76E11	0
a-ManOPhF5	At_75D1	0
a-ManOPhF5	At_72C1	0
a-ManOPhF5	At_84B2	0
a-ManOPhF5	At_71C1	0
a-ManOPhF5	At_71C2	0
a-ManOPhF5	At_89B1	0
a-ManOPhF5	At_74F1	0
a-ManOPhF5	At_72E2	0
a-ManOPhF5	At_72E3	0
a-ManOPhF5	At_71C3	0
a-ManOPhF5	At_71C4	0
a-ManOPhF5	At_71B1	0
a-ManOPhF5	At_73B3	0
a-ManOPhF5	At_78D2	0
a-ManOPhF5	At_71B6	0
a-ManOPhF5	At_73B1	0
a-ManOPhF5	At_71B5	0
a-ManOPhF5	At_88A1	0
a-ManOPhF5	At_73C3	0
a-ManOPhF5	At_73B5	0
a-ManOPhF5	At_76E12	0
a-ManOPhF5	VVGT1	0
a-ManOPhF5	At_72D1	0
a-ManOPhF5	At_74B1	0
a-ManOPhF5	At_73C5	0
a-ManOPhF5	At_73C6	0
a-ManOPhF5	At_73C1	0
a-ManOPhF5	At_73B4	0
a-ManOPhF5	At_74F2	0
a-ManOPhF5	At_84A3	0
a-ManOPhF5	At_84A4	0
a-ManOPhF5	At_84B1	0
a-ManOPhF5	At_84A2	0
a-ManOPhF5	At_84A1	0
a-ManOPhF5	At_75B1	0
a-cyano-4-hydroxyl-cinnamic acid	At_73C4	0
a-cyano-4-hydroxyl-cinnamic acid	At_78D1	0
a-cyano-4-hydroxyl-cinnamic acid	At_73B2	0
a-cyano-4-hydroxyl-cinnamic acid	At_72E1	0
a-cyano-4-hydroxyl-cinnamic acid	At_89C1	0
a-cyano-4-hydroxyl-cinnamic acid	At_85A5	0
a-cyano-4-hydroxyl-cinnamic acid	At_85A4	0
a-cyano-4-hydroxyl-cinnamic acid	At_71B8	0
a-cyano-4-hydroxyl-cinnamic acid	At_76E4	0
a-cyano-4-hydroxyl-cinnamic acid	At_76E2	0
a-cyano-4-hydroxyl-cinnamic acid	At_76E1	0
a-cyano-4-hydroxyl-cinnamic acid	At_71C5	0
a-cyano-4-hydroxyl-cinnamic acid	At_72B3	0
a-cyano-4-hydroxyl-cinnamic acid	At_76E11	0
a-cyano-4-hydroxyl-cinnamic acid	At_75D1	0
a-cyano-4-hydroxyl-cinnamic acid	At_72C1	0
a-cyano-4-hydroxyl-cinnamic acid	At_72B1	0
a-cyano-4-hydroxyl-cinnamic acid	At_84B2	0
a-cyano-4-hydroxyl-cinnamic acid	At_71C1	0
a-cyano-4-hydroxyl-cinnamic acid	At_71C2	0
a-cyano-4-hydroxyl-cinnamic acid	At_89B1	0
a-cyano-4-hydroxyl-cinnamic acid	At_74F1	0
a-cyano-4-hydroxyl-cinnamic acid	At_72E2	0
a-cyano-4-hydroxyl-cinnamic acid	At_72E3	0
a-cyano-4-hydroxyl-cinnamic acid	At_71C3	0
a-cyano-4-hydroxyl-cinnamic acid	At_71C4	0
a-cyano-4-hydroxyl-cinnamic acid	At_71B1	0
a-cyano-4-hydroxyl-cinnamic acid	At_73B3	0
a-cyano-4-hydroxyl-cinnamic acid	At_78D2	0
a-cyano-4-hydroxyl-cinnamic acid	At_71B6	0
a-cyano-4-hydroxyl-cinnamic acid	At_73B1	0
a-cyano-4-hydroxyl-cinnamic acid	At_71B5	0
a-cyano-4-hydroxyl-cinnamic acid	At_88A1	0
a-cyano-4-hydroxyl-cinnamic acid	At_73C3	0
a-cyano-4-hydroxyl-cinnamic acid	At_73B5	0
a-cyano-4-hydroxyl-cinnamic acid	At_76E12	0
a-cyano-4-hydroxyl-cinnamic acid	VVGT1	0
a-cyano-4-hydroxyl-cinnamic acid	At_72D1	0
a-cyano-4-hydroxyl-cinnamic acid	At_74B1	0
a-cyano-4-hydroxyl-cinnamic acid	At_73C5	0
a-cyano-4-hydroxyl-cinnamic acid	At_73C6	0
a-cyano-4-hydroxyl-cinnamic acid	At_73C1	0
a-cyano-4-hydroxyl-cinnamic acid	At_73B4	0
a-cyano-4-hydroxyl-cinnamic acid	At_74F2	0
a-cyano-4-hydroxyl-cinnamic acid	At_84A3	0
a-cyano-4-hydroxyl-cinnamic acid	At_84A4	0
a-cyano-4-hydroxyl-cinnamic acid	At_84B1	0
a-cyano-4-hydroxyl-cinnamic acid	At_84A2	0
a-cyano-4-hydroxyl-cinnamic acid	At_84A1	0.5
a-cyano-4-hydroxyl-cinnamic acid	At_75B1	0.5
dTDPGlc	At_78D1	0
dTDPGlc	At_76E5	0
dTDPGlc	At_73C7	0
dTDPGlc	At_73B2	0
dTDPGlc	At_72E1	0
dTDPGlc	At_89C1	0
dTDPGlc	At_85A5	0
dTDPGlc	At_85A4	0
dTDPGlc	At_71B8	0
dTDPGlc	At_76E4	0
dTDPGlc	At_76E2	0
dTDPGlc	At_76E1	0
dTDPGlc	At_71C5	0
dTDPGlc	At_72B3	0
dTDPGlc	At_76E11	0
dTDPGlc	At_75D1	0
dTDPGlc	At_72C1	0
dTDPGlc	At_72B1	0
dTDPGlc	At_84B2	1
dTDPGlc	At_71C1	0
dTDPGlc	At_71C2	0.5
dTDPGlc	At_89B1	0
dTDPGlc	At_74F1	0.5
dTDPGlc	At_72E2	0
dTDPGlc	At_72E3	0
dTDPGlc	At_71C3	0
dTDPGlc	At_71C4	0
dTDPGlc	At_71B1	0
dTDPGlc	At_73B3	1
dTDPGlc	At_78D2	0
dTDPGlc	At_71B6	0
dTDPGlc	At_73B1	1
dTDPGlc	At_88A1	0
dTDPGlc	At_73C3	0
dTDPGlc	At_73B5	1
dTDPGlc	At_76E12	0
dTDPGlc	VVGT1	1
dTDPGlc	At_72D1	0
dTDPGlc	At_74B1	0
dTDPGlc	At_73C5	0
dTDPGlc	At_73C6	1
dTDPGlc	At_73C1	0
dTDPGlc	At_73B4	0
dTDPGlc	At_74F2	1
dTDPGlc	At_84A3	0
dTDPGlc	At_84A4	1
dTDPGlc	At_84B1	0
dTDPGlc	At_84A2	1
dTDPGlc	At_84A1	1
dTDPGlc	At_75B1	1
dTDPRha	At_78D1	0
dTDPRha	At_76E5	0
dTDPRha	At_73C7	0
dTDPRha	At_73B2	0
dTDPRha	At_72E1	0
dTDPRha	At_89C1	1
dTDPRha	At_85A5	0
dTDPRha	At_85A4	0
dTDPRha	At_71B8	0
dTDPRha	At_76E4	0
dTDPRha	At_76E2	0
dTDPRha	At_76E1	0
dTDPRha	At_71C5	0
dTDPRha	At_72B3	0
dTDPRha	At_76E11	0
dTDPRha	At_75D1	0
dTDPRha	At_72C1	0
dTDPRha	At_72B1	0
dTDPRha	At_84B2	0
dTDPRha	At_71C1	0
dTDPRha	At_71C2	0
dTDPRha	At_89B1	0
dTDPRha	At_74F1	0
dTDPRha	At_72E2	0
dTDPRha	At_72E3	0
dTDPRha	At_71C3	0
dTDPRha	At_71C4	0
dTDPRha	At_71B1	0
dTDPRha	At_73B3	0
dTDPRha	At_78D2	0
dTDPRha	At_71B6	0
dTDPRha	At_73B1	0
dTDPRha	At_88A1	0
dTDPRha	At_73C3	0
dTDPRha	At_73B5	0
dTDPRha	At_76E12	0
dTDPRha	VVGT1	0
dTDPRha	At_72D1	0
dTDPRha	At_74B1	0
dTDPRha	At_73C5	0.5
dTDPRha	At_73C6	0
dTDPRha	At_73C1	0
dTDPRha	At_73B4	0
dTDPRha	At_74F2	0
dTDPRha	At_84A3	0
dTDPRha	At_84A4	0
dTDPRha	At_84B1	0
dTDPRha	At_84A2	0
dTDPRha	At_84A1	0
dTDPRha	At_75B1	0
dTDPXyl	At_78D1	1
dTDPXyl	At_76E5	0
dTDPXyl	At_73C7	0
dTDPXyl	At_73B2	0
dTDPXyl	At_72E1	0
dTDPXyl	At_89C1	0
dTDPXyl	At_85A5	0
dTDPXyl	At_85A4	0
dTDPXyl	At_71B8	0
dTDPXyl	At_76E4	0
dTDPXyl	At_76E2	0
dTDPXyl	At_76E1	0
dTDPXyl	At_71C5	0
dTDPXyl	At_72B3	0.5
dTDPXyl	At_76E11	0
dTDPXyl	At_75D1	0
dTDPXyl	At_72C1	0
dTDPXyl	At_72B1	0
dTDPXyl	At_84B2	0
dTDPXyl	At_71C1	0.5
dTDPXyl	At_71C2	0
dTDPXyl	At_89B1	1
dTDPXyl	At_74F1	0
dTDPXyl	At_72E2	0
dTDPXyl	At_72E3	0
dTDPXyl	At_71C3	0
dTDPXyl	At_71C4	0
dTDPXyl	At_71B1	0
dTDPXyl	At_73B3	1
dTDPXyl	At_78D2	1
dTDPXyl	At_71B6	0
dTDPXyl	At_73B1	1
dTDPXyl	At_88A1	1
dTDPXyl	At_73C3	0
dTDPXyl	At_73B5	0
dTDPXyl	At_76E12	0
dTDPXyl	VVGT1	1
dTDPXyl	At_72D1	0
dTDPXyl	At_74B1	0
dTDPXyl	At_73C5	1
dTDPXyl	At_73C6	1
dTDPXyl	At_73C1	0
dTDPXyl	At_73B4	1
dTDPXyl	At_74F2	0
dTDPXyl	At_84A3	0
dTDPXyl	At_84A4	0
dTDPXyl	At_84B1	0
dTDPXyl	At_84A2	1
dTDPXyl	At_84A1	0
dTDPXyl	At_75B1	0
trans-Zeatin	At_73C4	0
trans-Zeatin	At_78D1	0
trans-Zeatin	At_76E5	0
trans-Zeatin	At_73C7	0
trans-Zeatin	At_73B2	0
trans-Zeatin	At_76C4	0
trans-Zeatin	At_72E1	0
trans-Zeatin	At_89C1	0
trans-Zeatin	At_85A5	1
trans-Zeatin	At_85A4	0
trans-Zeatin	At_71B8	0
trans-Zeatin	At_76E4	0
trans-Zeatin	At_76E2	0
trans-Zeatin	At_76E1	0
trans-Zeatin	At_71C5	0
trans-Zeatin	At_72B3	0
trans-Zeatin	At_76E11	0
trans-Zeatin	At_75D1	0
trans-Zeatin	At_72C1	0
trans-Zeatin	At_72B1	0
trans-Zeatin	At_84B2	0
trans-Zeatin	At_71C1	0
trans-Zeatin	At_71C2	0
trans-Zeatin	At_89B1	0
trans-Zeatin	At_74F1	0
trans-Zeatin	At_72E2	0
trans-Zeatin	At_72E3	0
trans-Zeatin	At_71C3	0
trans-Zeatin	At_71C4	0
trans-Zeatin	At_71B1	0
trans-Zeatin	At_73B3	0
trans-Zeatin	At_78D2	0
trans-Zeatin	At_71B6	0
trans-Zeatin	At_73B1	0
trans-Zeatin	At_71B5	0
trans-Zeatin	At_88A1	0
trans-Zeatin	At_73C3	0
trans-Zeatin	At_73B5	0
trans-Zeatin	At_76E12	0
trans-Zeatin	VVGT1	0
trans-Zeatin	At_72D1	0
trans-Zeatin	At_74B1	0
trans-Zeatin	At_73C5	1
trans-Zeatin	At_73C6	0
trans-Zeatin	At_73C1	1
trans-Zeatin	At_73B4	0
trans-Zeatin	At_74F2	0
trans-Zeatin	At_84A3	0
trans-Zeatin	At_84A4	0
trans-Zeatin	At_84B1	0
trans-Zeatin	At_84A2	0
trans-Zeatin	At_84A1	0
trans-Zeatin	At_75B1	0
