metabolite;enzyme;valid input;metabolite in training set;#metabolite in training set;Prediction score
COC1=C(C(=CC=C1)OC)O;STELVIVPAPGMGHLVSTVQLAKVILKKYFISISIFIINLPMHSKISSYVDSQSRDNPRLLFTTLPPVTITSDPTSLGFFTDFIKLHKPLVKRAVEERVGSPKPAGFVLDMFCTTMVDVANELGIPSYLFLTCGVNFLNFVYYVESLADEHGLGARDPEFESVVSGFRPITSKIIPGIFKGEFGSGMILNLAKEFKKMKGILVNSYVELESFEIQALQNSDKK;True;False;0;0.42636368
COC1=C(C(=CC=C1)OC)O;AIVLYPYPGLGHLISMVELGKLLLTHHSFSITILASTAPTTIATANYIKAVSADNPAINFHHLPTISSLPEHIEKLNLPFEYARLQIPNILQVLQTLKSSLKALILDMFCDALFDVTKDLNIPTFYFYTSAGRSLAVLLNIPTFHRTTNSLSDFGDVPISISGMPPIPVSAMPKLLFDRSTNFYKSFLSTSTHMAKSNGIILNTFDLLEERALKALRAGLQP;True;False;0;0.24404779
COC1=C(C(=CC=C1)OC)O;IPHIAILPSPGMGHLIPLVEFAKRIFLHHHFSVSLILPTDGPISAQKIFLNSLPSSMDYHLLPPVNFDDLPEDVKIETRISLTVSRSLTSLRQVLESIIESKKTVALVVDLFGTDAFDVAIDLKISPYIFFPSTAMGLSLFLHLPNLDETVSCEYRDLPDPIQIPGCTPIHGKDLLDPVQDRNDESYKWLLHHAKRYGMAEGIIVNSFKELEGGAIGALQKDEPG;True;False;0;0.5058171
COC1=C(C(=CC=C1)OC)O;TIVLYPSPGMGHLISMVELGKFILKHHSFTIAILIVPPSFNTSTASYIDRVSAATNSITFHHLPTISLELDSFSSMEALIFEAIRLSNPHVHHALQHISLTTTITALIIDFFCTPAISISTKLGIPTYYFFTSGISSLAFFLYLPVIHRNTVKSFKDLNSLVDIPGLPPIPSSDVAKPILDRASTEYACFLDFSLHLPKSAGVIVNSFNSLEPKTLKAISEGSGA;True;False;0;0.22117469
COC1=C(C(=CC=C1)OC)O;MGKQEDAELVIIPFPFSGHILATIELAKRLISQDNPRIHTITILYWGLPDTIAFLRSLVKNEPRIRLVTLPEVDPPPMELVEFAESYILEYVKKMVPIIREALSTLLGSVRVAGLVLDFFCVPMIDVGNEFNLPSYIFLTCSAGFLGMMKYLPERHREIKSEFNFNEELNLIPGYVSVPTKVLPSGLFMKETYEPWVELAERFPEAKGILVNSYTALEPNGFKYFDRCPDN;True;False;0;0.31192428
COC1=C(C(=CC=C1)OC)O;SARPHVVLLPSAGMGHLVPFARLAVALSEGHGCNVSVAAVQPTVSSAESRLLDALFVAAPAVRRLDFRPFDESEFPGADPFFLRFEATRRSAPLLGPLLDAAEASALVTDIVLSVALPVARERGVPCYVLFTSSAAMLSLCAYFPAYLDAHAAAVGVGVGNVDIPGVFRIPKSSVPQALHDPDHLFTQQFVANGRCLVACDGILVNTFDAFEPDAVTALRQGSGG;True;False;0;0.19841923
COC1=C(C(=CC=C1)OC)O;TPPPHVAMLATPGMGHLIPLAELAKRLAQRHGVTSTLITFASTASATQRAFLASMPPAVASMALPPVDMSDLPRDAAIETLMSEECVRAVPALTEALLSLKTTGRLVAFVTDLFGADAFDAARAAGVQRYLFFPTNLTALTLMLHLPELDASIPGEFRDLAEPLRLPGCVPLPGTETMKPLQDKSNPSYRWMVHHGAKFREATAILVNSFDAVEPGPAEVLRQPEPG;True;False;0;0.2092156
COC1=C(C(=CC=C1)OC)O;DTIVLYPNLGRGHLVSMVELGKLILTHHSLSITILILTPPTTPTTTQYIATVTATTPSITFHRVPLAALPFNTPFLPPHLLSLELTRHSTQNIAVALQTLAKASNLKAIVIDFMNPKALTENLNNNVPTYFYYTSGASTLALLLYYPTIHPTLIEKDTDQPLQIQIPGLSTITADDFPNECKDPLSYACQVFLQIAETMMGGAGIIVNTFEAIEEEAIRALSEDATV;True;False;0;0.17048706
COC1=C(C(=CC=C1)OC)O;GPPHVAMLATPGMGHLIPLAELAKRLAARRGATATLITFASAASATQRAFLASLPPSVAARALPPVDLSDLPRDAAIETLMTAECARSLPAIAAVLAELGETARLVAFVVDQFGMEAFNAAGVRAARCLFMPMNLHALSLVLHLPELAASVPGEFRDLAEPVRLPGCVPIPGPDIISPLQDRSNPSYAVMVNLAVRCEAAAAILVNSFDAVEPEAAEALRHPAPG;True;False;0;0.1794823
COC1=C(C(=CC=C1)OC)O;MAETPVVTPHIAILPSPGMGHLIPLVEFSKRLIQNHHFSVTLILPTDGPVSAQKIYLNSLPCSMDYHLLPPVNFDDLPLDTKMETRISLTVTRSLPSLREVFKTLVETKKTVALVVDLFGTDAFDVANDFKVSPYIFYPSTAMALSLFLYLPKLDETVSCEYTDLPDPVQIPGCIPIHGKDLLDPVQDRKNEAYKWVLHHSKRYRMAEGIVANSFKELEGGAIKALQEEEPG;True;False;0;0.39213285
COC1=C(C(=CC=C1)OC)O;MAETASENPHIVILPSPGMGHLIPLVEFSKRLISQHQFSVTLILPTDGPISSQKSFLNSLPSCMDYHLLPPVNFDDLPLDVKIETRISLTVTRSLSSLREVFKTLVDSKKVVAFVVDLFGTDAFDVAIDFNVSPYIFFPSTAMALSLFLYLPKLDATVSCEYRDLPDPIQIPGCIPIHGKDLLDPVQDRKNEAYRWLLHHSKRYRMAEGVVSNSFKELEGGPIKALQEEEPG;True;False;0;0.2422343
COC1=C(C(=CC=C1)OC)O;APPPHVIIVPSAGMGHLIPLAEFAKRLLPRFTFTFAVPTSGPPSSQRDFLSSLPASIDTSFLPEVDLSDAPSDAQIETLMSLMVVRSLPSLRDLIASYSSGRRVAALVVDLFATDAIDVALELGIRPFIFFPSTAMTLSFFLHLEKLDETVSCEFAELSDPVQIPGCIPVHGKDLIDPVQDRKNDAYKWLLHHSKRYKLAEGVIVNSFEGLEGGPIRELLHPEPG;True;False;0;0.1239499
COC1=C(C(=CC=C1)OC)O;MEESKTPHVAIIPSPGMGHLIPLVEFAKRLVHLHGLTVTFVIAGEGPPSAQRTVLDSLPSSISSVFLPPVDLTDLSSSTRIESRISLTVTRSNPELRKVFDSFVGGRLPTALVVDLFGTDAFDVAVEFHVPPYIFYPTTANVLSFFLHLPKLDETVSCEFRELTEPLMLPGCVPVAGKDFLDPAQDRKDDAYKWLLHNTKRYKEAEGILVNTFFELEPNAIKALQEPGLD;True;False;0;0.35458824
COC1=C(C(=CC=C1)OC)O;TKPHAAMFSSPGMGHVIPVIELGKRLSANNGFHVTVFVLETDAASAQSKFLNSTGVDIVKLPSPDIYGLVDDDHVVTKIGVIMRAAVPALRSKIAAMHQKPTALIVDLFGTDALCLAKEFNMLSYVFIPTNARFLGVSIYYPNLDKDIKEEHTVQRNPLAIPGCEPVRFEDTLDAYLVPDEPVYRDFVRHGLAYPKADGILVNTWEEMEPKSLKSLLNPKVA;True;False;0;0.2923294
COC1=C(C(=CC=C1)OC)O;NNLLHVAVLAFPFGTHAAPLLSLVKKIATEAPKVTFFCTTTTNDTLFSRSNEFLPNIKYYNVHDGPKGYVSSGNPREPIFLFIKAMQENFKHVIDEAVTGKNITCLVTDAFFWFGADLAEEMHAKWVPLWTAGPHSLLTHVYTDLIREKTSKEVHDVKSIDVLPGFPELKASDLPEGVIKDDVPFATMLHKMGLELPRANAVAINSFATIHPLIENELNSK;True;False;0;0.18696864
C1=CC(=C(C(=C1O)Cl)Cl)Cl;MAETASENPHIVILPSPGMGHLIPLVEFSKRLISQHQFSVTLILPTDGPISSQKSFLNSLPSCMDYHLLPPVNFDDLPLDVKIETRISLTVTRSLSSLREVFKTLVDSKKVVAFVVDLFGTDAFDVAIDFNVSPYIFFPSTAMALSLFLYLPKLDATVSCEYRDLPDPIQIPGCIPIHGKDLLDPVQDRKNEAYRWLLHHSKRYRMAEGVVSNSFKELEGGPIKALQEEEPG;True;False;0;0.06086076
C1=CC(=C(C(=C1O)Cl)Cl)Cl;APPPHVIIVPSAGMGHLIPLAEFAKRLLPRFTFTFAVPTSGPPSSQRDFLSSLPASIDTSFLPEVDLSDAPSDAQIETLMSLMVVRSLPSLRDLIASYSSGRRVAALVVDLFATDAIDVALELGIRPFIFFPSTAMTLSFFLHLEKLDETVSCEFAELSDPVQIPGCIPVHGKDLIDPVQDRKNDAYKWLLHHSKRYKLAEGVIVNSFEGLEGGPIRELLHPEPG;True;False;0;0.08043645
C1=CC(=C(C(=C1O)Cl)Cl)Cl;MEESKTPHVAIIPSPGMGHLIPLVEFAKRLVHLHGLTVTFVIAGEGPPSAQRTVLDSLPSSISSVFLPPVDLTDLSSSTRIESRISLTVTRSNPELRKVFDSFVGGRLPTALVVDLFGTDAFDVAVEFHVPPYIFYPTTANVLSFFLHLPKLDETVSCEFRELTEPLMLPGCVPVAGKDFLDPAQDRKDDAYKWLLHNTKRYKEAEGILVNTFFELEPNAIKALQEPGLD;True;False;0;0.05227491
C1=CC(=C(C(=C1O)Cl)Cl)Cl;TKPHAAMFSSPGMGHVIPVIELGKRLSANNGFHVTVFVLETDAASAQSKFLNSTGVDIVKLPSPDIYGLVDDDHVVTKIGVIMRAAVPALRSKIAAMHQKPTALIVDLFGTDALCLAKEFNMLSYVFIPTNARFLGVSIYYPNLDKDIKEEHTVQRNPLAIPGCEPVRFEDTLDAYLVPDEPVYRDFVRHGLAYPKADGILVNTWEEMEPKSLKSLLNPKVA;True;False;0;0.08113507
C1=CC(=C(C(=C1O)Cl)Cl)Cl;MSDNKNSELIFIPAPGIGHLASALEFAKLLTNHDNLYITVFCIKFPGMPFADSYIKSVLASQPQIQLIDLPEVEPPPQELLKSPEFYILTFLESLIPHVKATIKTILSNKVVGLVLDFFCVSMIDVGNEFGIPSYLFLTSNVGFLSLMLSLKNRQIEEVFDSDRDHQLLNIPGISQVPSNVLPDACFNKDGGYIAYYKLAERFRDTKGIIVNTFSDLEQSSIDALYDHDEK;True;False;0;0.23194787
C1=CC(=C(C(=C1O)Cl)Cl)Cl;NNLLHVAVLAFPFGTHAAPLLSLVKKIATEAPKVTFFCTTTTNDTLFSRSNEFLPNIKYYNVHDGPKGYVSSGNPREPIFLFIKAMQENFKHVIDEAVTGKNITCLVTDAFFWFGADLAEEMHAKWVPLWTAGPHSLLTHVYTDLIREKTSKEVHDVKSIDVLPGFPELKASDLPEGVIKDDVPFATMLHKMGLELPRANAVAINSFATIHPLIENELNSK;True;False;0;0.12316288
CC1=CCC(CC1)C(C)(C)O;EAIVFYSAPGMGHIVSMAELANLIRRHHYVSFTVIYGSQPFEPTTTTAISQIANSSPSISFLHLPQHPINTFPARSPAAMAFESIRKSAPDFAESLRRISAGTKIRSLVIDLFCGTALPIAAEQGIPVYYFFTSGSAALAAYLHMPTIHQRVGGRFKSPDLLIDIPGLPSIPADEMPEPLLDAKDPAYPEMVYFCECLQKSKGILVNTFDELEPVVTEAIDSGAGP;True;False;0;0.09760064
CC1=CCC(CC1)C(C)(C)O;APTVVLLPVWGAGHLMSMLDAGKRLLTRGALSLTVLVMRAPTEQLADAHIRREEASGLDVRFVRLPAVQPPTHFHGIEEFISRLVQLHAPHVRAAISSLASPVAAVVMDFFCTALLDVTRELAVPAYVYFTASAGMLAFFLRLPSLHEEVTVQFEEMEGAVDVPGLPPVPPSSLPVPVMDKNHPNYTWFMYHGRRFAEADGIIVNTAAELEQSVLAAIADGRVR;True;False;0;0.12743749
CC1=CCC(CC1)C(C)(C)O;GQPPHVVIFPSPGMGHLIPLTEFAKRLIPRFTFTFAVPTAGEPSAQRSFLSALPAGIDSVFLPSVSMSDVPSDARIETLMSIMVSRSLPSLRDLLLSRSPVAVLLVDLFGTDAFDVAFEVGITPYIFFPSTAMGLSLFLHLEKLDESVSCEYADLTEPVKIPGCVPVHGRDLLDPVQDRKNDAYKWVLHHCKRYKLAKGIIVNSFEAVERGAIRALVQA;True;False;0;0.0506906
CC1=CCC(CC1)C(C)(C)O;MTNSELVFIPSPGAGHLPPTVELAKLLLRRHRLSITIIIMKAPFGGAYDTAKLDSTPRLRCVEIPSDDSTAALISPTAFLTAFIDHHKPHVRNIVRESIGTVRLAGFVVDMFCVDMVDVANEFGAPTYAYFTSGAAMLGLMFHLQAKRDDDNLDVTNSRSVISVPSYIPVPVNVLLDVLFDKNGAKMFLDLAKRFRETKGIIVNSFRELESHAIEVLSDDPD;True;False;0;0.0997148
CC1=CCC(CC1)C(C)(C)O;AQRPVVLYPSPGMGHLVSMIELGKLLGARGLPVTIVVVEPPFNTATAPFLAGVSAANPSISFHRLPKVERLPLVSTKHQEALTFEVIRVSNPHLREFLAAATPAVLVVDFFCSIALDVAEELRVPAYFFFTSGAEVLAFFLHLPALHERATASFQDGEEPVQVPGIPPFPATHAILPVMERDDAAYDGFVKGCADLCRSQGVLVNTFRLLEQRAVETVAAGHLP;True;False;0;0.19994435
CC1=CCC(CC1)C(C)(C)O;RARKPVVLYPSPGMGHLVSMIELGKVFAARGLAVTVVVVDPPYGNATGPFLAGVTAANPAMTFHRLPKVEVPPVASKHHESLTFEVTRLSNPGLRDFLAGASPVVLIIDFFCNAALDVADELGVPAYMFYTSGAEILAFFLYLPVLHAQTTANFGMGEELVHAPGIPSFPATHSVLPLMERDDPAYAEFLKASADLCRTQGFLVNTFRSLEPRAVETIAAGSVS;True;False;0;0.11445632
CC1=CCC(CC1)C(C)(C)O;KQQQTVILYPSPGVGHIVPMVQLAKVFLRHGCDVTMVIAEPAASSFRIVDLDRVAASNPAITFHVLPPVPYADLAPGKHHFLLTLQVLRRYNGELERFLRSVPRERLHSLVVGMFCTDAVDVGAKLGVPVYTFFASAAATLAVVAQLPALLSGRRAGLKEGDTPLQFLGVPPFPASHLVRELLEHDDELCKTMVDVWKRCTDGSGVLVNTFESLESPAVQALRDPRRV;True;False;0;0.41016114
CC1=CCC(CC1)C(C)(C)O;STELVIVPAPGMGHLVSTVQLAKVILKKYFISISIFIINLPMHSKISSYVDSQSRDNPRLLFTTLPPVTITSDPTSLGFFTDFIKLHKPLVKRAVEERVGSPKPAGFVLDMFCTTMVDVANELGIPSYLFLTCGVNFLNFVYYVESLADEHGLGARDPEFESVVSGFRPITSKIIPGIFKGEFGSGMILNLAKEFKKMKGILVNSYVELESFEIQALQNSDKK;True;False;0;0.23346587
CC1=CCC(CC1)C(C)(C)O;AIVLYPYPGLGHLISMVELGKLLLTHHSFSITILASTAPTTIATANYIKAVSADNPAINFHHLPTISSLPEHIEKLNLPFEYARLQIPNILQVLQTLKSSLKALILDMFCDALFDVTKDLNIPTFYFYTSAGRSLAVLLNIPTFHRTTNSLSDFGDVPISISGMPPIPVSAMPKLLFDRSTNFYKSFLSTSTHMAKSNGIILNTFDLLEERALKALRAGLQP;True;False;0;0.36782664
CC1=CCC(CC1)C(C)(C)O;IPHIAILPSPGMGHLIPLVEFAKRIFLHHHFSVSLILPTDGPISAQKIFLNSLPSSMDYHLLPPVNFDDLPEDVKIETRISLTVSRSLTSLRQVLESIIESKKTVALVVDLFGTDAFDVAIDLKISPYIFFPSTAMGLSLFLHLPNLDETVSCEYRDLPDPIQIPGCTPIHGKDLLDPVQDRNDESYKWLLHHAKRYGMAEGIIVNSFKELEGGAIGALQKDEPG;True;False;0;0.48027807
CC1=CCC(CC1)C(C)(C)O;TIVLYPSPGMGHLISMVELGKFILKHHSFTIAILIVPPSFNTSTASYIDRVSAATNSITFHHLPTISLELDSFSSMEALIFEAIRLSNPHVHHALQHISLTTTITALIIDFFCTPAISISTKLGIPTYYFFTSGISSLAFFLYLPVIHRNTVKSFKDLNSLVDIPGLPPIPSSDVAKPILDRASTEYACFLDFSLHLPKSAGVIVNSFNSLEPKTLKAISEGSGA;True;False;0;0.17390975
CC1=CCC(CC1)C(C)(C)O;NVELIFIPTPTVGHLVPFLEFARRLIEQDRIRITILLMKLQGQSHLDTYVKSIASSQPFVRFIDVPELEKPTLGSTQSVEAYVYDVIERNIPLVRNIVMDILDGVKVKGLVVDFFCLPMIDVAKDISLPFYVFLTTNSGFLAMMQYLADRHSRDTSVVRNSEEMLSIPGFVPVPANVLPSALFVEDGYDAYVKLAILFTKANGILVNSSFDIEPYSVNHFLQEQN;True;False;0;0.36414823
CC1=CCC(CC1)C(C)(C)O;MGKQEDAELVIIPFPFSGHILATIELAKRLISQDNPRIHTITILYWGLPDTIAFLRSLVKNEPRIRLVTLPEVDPPPMELVEFAESYILEYVKKMVPIIREALSTLLGSVRVAGLVLDFFCVPMIDVGNEFNLPSYIFLTCSAGFLGMMKYLPERHREIKSEFNFNEELNLIPGYVSVPTKVLPSGLFMKETYEPWVELAERFPEAKGILVNSYTALEPNGFKYFDRCPDN;True;False;0;0.28838792
CC1=CCC(CC1)C(C)(C)O;SARPHVVLLPSAGMGHLVPFARLAVALSEGHGCNVSVAAVQPTVSSAESRLLDALFVAAPAVRRLDFRPFDESEFPGADPFFLRFEATRRSAPLLGPLLDAAEASALVTDIVLSVALPVARERGVPCYVLFTSSAAMLSLCAYFPAYLDAHAAAVGVGVGNVDIPGVFRIPKSSVPQALHDPDHLFTQQFVANGRCLVACDGILVNTFDAFEPDAVTALRQGSGG;True;False;0;0.1503946
CC1=CCC(CC1)C(C)(C)O;TPPPHVAMLATPGMGHLIPLAELAKRLAQRHGVTSTLITFASTASATQRAFLASMPPAVASMALPPVDMSDLPRDAAIETLMSEECVRAVPALTEALLSLKTTGRLVAFVTDLFGADAFDAARAAGVQRYLFFPTNLTALTLMLHLPELDASIPGEFRDLAEPLRLPGCVPLPGTETMKPLQDKSNPSYRWMVHHGAKFREATAILVNSFDAVEPGPAEVLRQPEPG;True;False;0;0.2143087
CC1=CCC(CC1)C(C)(C)O;DTIVLYPNLGRGHLVSMVELGKLILTHHSLSITILILTPPTTPTTTQYIATVTATTPSITFHRVPLAALPFNTPFLPPHLLSLELTRHSTQNIAVALQTLAKASNLKAIVIDFMNPKALTENLNNNVPTYFYYTSGASTLALLLYYPTIHPTLIEKDTDQPLQIQIPGLSTITADDFPNECKDPLSYACQVFLQIAETMMGGAGIIVNTFEAIEEEAIRALSEDATV;True;False;0;0.14644139
CC1=CCC(CC1)C(C)(C)O;GPPHVAMLATPGMGHLIPLAELAKRLAARRGATATLITFASAASATQRAFLASLPPSVAARALPPVDLSDLPRDAAIETLMTAECARSLPAIAAVLAELGETARLVAFVVDQFGMEAFNAAGVRAARCLFMPMNLHALSLVLHLPELAASVPGEFRDLAEPVRLPGCVPIPGPDIISPLQDRSNPSYAVMVNLAVRCEAAAAILVNSFDAVEPEAAEALRHPAPG;True;False;0;0.32442442
CC1=CCC(CC1)C(C)(C)O;MAETPVVTPHIAILPSPGMGHLIPLVEFSKRLIQNHHFSVTLILPTDGPVSAQKIYLNSLPCSMDYHLLPPVNFDDLPLDTKMETRISLTVTRSLPSLREVFKTLVETKKTVALVVDLFGTDAFDVANDFKVSPYIFYPSTAMALSLFLYLPKLDETVSCEYTDLPDPVQIPGCIPIHGKDLLDPVQDRKNEAYKWVLHHSKRYRMAEGIVANSFKELEGGAIKALQEEEPG;True;False;0;0.34869418
CC1=CCC(CC1)C(C)(C)O;MAETASENPHIVILPSPGMGHLIPLVEFSKRLISQHQFSVTLILPTDGPISSQKSFLNSLPSCMDYHLLPPVNFDDLPLDVKIETRISLTVTRSLSSLREVFKTLVDSKKVVAFVVDLFGTDAFDVAIDFNVSPYIFFPSTAMALSLFLYLPKLDATVSCEYRDLPDPIQIPGCIPIHGKDLLDPVQDRKNEAYRWLLHHSKRYRMAEGVVSNSFKELEGGPIKALQEEEPG;True;False;0;0.11251612
CC1=CCC(CC1)C(C)(C)O;APPPHVIIVPSAGMGHLIPLAEFAKRLLPRFTFTFAVPTSGPPSSQRDFLSSLPASIDTSFLPEVDLSDAPSDAQIETLMSLMVVRSLPSLRDLIASYSSGRRVAALVVDLFATDAIDVALELGIRPFIFFPSTAMTLSFFLHLEKLDETVSCEFAELSDPVQIPGCIPVHGKDLIDPVQDRKNDAYKWLLHHSKRYKLAEGVIVNSFEGLEGGPIRELLHPEPG;True;False;0;0.070004374
CC1=CCC(CC1)C(C)(C)O;MEESKTPHVAIIPSPGMGHLIPLVEFAKRLVHLHGLTVTFVIAGEGPPSAQRTVLDSLPSSISSVFLPPVDLTDLSSSTRIESRISLTVTRSNPELRKVFDSFVGGRLPTALVVDLFGTDAFDVAVEFHVPPYIFYPTTANVLSFFLHLPKLDETVSCEFRELTEPLMLPGCVPVAGKDFLDPAQDRKDDAYKWLLHNTKRYKEAEGILVNTFFELEPNAIKALQEPGLD;True;False;0;0.2903596
CC1=CCC(CC1)C(C)(C)O;TKPHAAMFSSPGMGHVIPVIELGKRLSANNGFHVTVFVLETDAASAQSKFLNSTGVDIVKLPSPDIYGLVDDDHVVTKIGVIMRAAVPALRSKIAAMHQKPTALIVDLFGTDALCLAKEFNMLSYVFIPTNARFLGVSIYYPNLDKDIKEEHTVQRNPLAIPGCEPVRFEDTLDAYLVPDEPVYRDFVRHGLAYPKADGILVNTWEEMEPKSLKSLLNPKVA;True;False;0;0.18942747
CC1=CCC(CC1)C(C)(C)O;MSDNKNSELIFIPAPGIGHLASALEFAKLLTNHDNLYITVFCIKFPGMPFADSYIKSVLASQPQIQLIDLPEVEPPPQELLKSPEFYILTFLESLIPHVKATIKTILSNKVVGLVLDFFCVSMIDVGNEFGIPSYLFLTSNVGFLSLMLSLKNRQIEEVFDSDRDHQLLNIPGISQVPSNVLPDACFNKDGGYIAYYKLAERFRDTKGIIVNTFSDLEQSSIDALYDHDEK;True;False;0;0.3203094
CC1=CCC(CC1)C(C)(C)O;NNLLHVAVLAFPFGTHAAPLLSLVKKIATEAPKVTFFCTTTTNDTLFSRSNEFLPNIKYYNVHDGPKGYVSSGNPREPIFLFIKAMQENFKHVIDEAVTGKNITCLVTDAFFWFGADLAEEMHAKWVPLWTAGPHSLLTHVYTDLIREKTSKEVHDVKSIDVLPGFPELKASDLPEGVIKDDVPFATMLHKMGLELPRANAVAINSFATIHPLIENELNSK;True;False;0;0.39791778
C1C(C(OC2=CC(=CC(=C21)O)O)C3=CC4=C(C(=C(C=C4C5C(CC6=C(C=C(C=C6O5)O)O)O)O)O)C(=O)C(=C3)O)O;MAETASENPHIVILPSPGMGHLIPLVEFSKRLISQHQFSVTLILPTDGPISSQKSFLNSLPSCMDYHLLPPVNFDDLPLDVKIETRISLTVTRSLSSLREVFKTLVDSKKVVAFVVDLFGTDAFDVAIDFNVSPYIFFPSTAMALSLFLYLPKLDATVSCEYRDLPDPIQIPGCIPIHGKDLLDPVQDRKNEAYRWLLHHSKRYRMAEGVVSNSFKELEGGPIKALQEEEPG;True;False;0;0.030274536
C1C(C(OC2=CC(=CC(=C21)O)O)C3=CC4=C(C(=C(C=C4C5C(CC6=C(C=C(C=C6O5)O)O)O)O)O)C(=O)C(=C3)O)O;APPPHVIIVPSAGMGHLIPLAEFAKRLLPRFTFTFAVPTSGPPSSQRDFLSSLPASIDTSFLPEVDLSDAPSDAQIETLMSLMVVRSLPSLRDLIASYSSGRRVAALVVDLFATDAIDVALELGIRPFIFFPSTAMTLSFFLHLEKLDETVSCEFAELSDPVQIPGCIPVHGKDLIDPVQDRKNDAYKWLLHHSKRYKLAEGVIVNSFEGLEGGPIRELLHPEPG;True;False;0;0.002267047
C1C(C(OC2=CC(=CC(=C21)O)O)C3=CC4=C(C(=C(C=C4C5C(CC6=C(C=C(C=C6O5)O)O)O)O)O)C(=O)C(=C3)O)O;MEESKTPHVAIIPSPGMGHLIPLVEFAKRLVHLHGLTVTFVIAGEGPPSAQRTVLDSLPSSISSVFLPPVDLTDLSSSTRIESRISLTVTRSNPELRKVFDSFVGGRLPTALVVDLFGTDAFDVAVEFHVPPYIFYPTTANVLSFFLHLPKLDETVSCEFRELTEPLMLPGCVPVAGKDFLDPAQDRKDDAYKWLLHNTKRYKEAEGILVNTFFELEPNAIKALQEPGLD;True;False;0;0.008002256
C1C(C(OC2=CC(=CC(=C21)O)O)C3=CC4=C(C(=C(C=C4C5C(CC6=C(C=C(C=C6O5)O)O)O)O)O)C(=O)C(=C3)O)O;TKPHAAMFSSPGMGHVIPVIELGKRLSANNGFHVTVFVLETDAASAQSKFLNSTGVDIVKLPSPDIYGLVDDDHVVTKIGVIMRAAVPALRSKIAAMHQKPTALIVDLFGTDALCLAKEFNMLSYVFIPTNARFLGVSIYYPNLDKDIKEEHTVQRNPLAIPGCEPVRFEDTLDAYLVPDEPVYRDFVRHGLAYPKADGILVNTWEEMEPKSLKSLLNPKVA;True;False;0;0.0041505066
C1C(C(OC2=CC(=CC(=C21)O)O)C3=CC4=C(C(=C(C=C4C5C(CC6=C(C=C(C=C6O5)O)O)O)O)O)C(=O)C(=C3)O)O;MSDNKNSELIFIPAPGIGHLASALEFAKLLTNHDNLYITVFCIKFPGMPFADSYIKSVLASQPQIQLIDLPEVEPPPQELLKSPEFYILTFLESLIPHVKATIKTILSNKVVGLVLDFFCVSMIDVGNEFGIPSYLFLTSNVGFLSLMLSLKNRQIEEVFDSDRDHQLLNIPGISQVPSNVLPDACFNKDGGYIAYYKLAERFRDTKGIIVNTFSDLEQSSIDALYDHDEK;True;False;0;0.07609234
C1C(C(OC2=CC(=CC(=C21)O)O)C3=CC4=C(C(=C(C=C4C5C(CC6=C(C=C(C=C6O5)O)O)O)O)O)C(=O)C(=C3)O)O;NNLLHVAVLAFPFGTHAAPLLSLVKKIATEAPKVTFFCTTTTNDTLFSRSNEFLPNIKYYNVHDGPKGYVSSGNPREPIFLFIKAMQENFKHVIDEAVTGKNITCLVTDAFFWFGADLAEEMHAKWVPLWTAGPHSLLTHVYTDLIREKTSKEVHDVKSIDVLPGFPELKASDLPEGVIKDDVPFATMLHKMGLELPRANAVAINSFATIHPLIENELNSK;True;False;0;0.0061333696
CC1=CC(=C(C=C1)C(C)C)O;EAIVFYSAPGMGHIVSMAELANLIRRHHYVSFTVIYGSQPFEPTTTTAISQIANSSPSISFLHLPQHPINTFPARSPAAMAFESIRKSAPDFAESLRRISAGTKIRSLVIDLFCGTALPIAAEQGIPVYYFFTSGSAALAAYLHMPTIHQRVGGRFKSPDLLIDIPGLPSIPADEMPEPLLDAKDPAYPEMVYFCECLQKSKGILVNTFDELEPVVTEAIDSGAGP;True;False;0;0.054711096
CC1=CC(=C(C=C1)C(C)C)O;APTVVLLPVWGAGHLMSMLDAGKRLLTRGALSLTVLVMRAPTEQLADAHIRREEASGLDVRFVRLPAVQPPTHFHGIEEFISRLVQLHAPHVRAAISSLASPVAAVVMDFFCTALLDVTRELAVPAYVYFTASAGMLAFFLRLPSLHEEVTVQFEEMEGAVDVPGLPPVPPSSLPVPVMDKNHPNYTWFMYHGRRFAEADGIIVNTAAELEQSVLAAIADGRVR;True;False;0;0.08100995
CC1=CC(=C(C=C1)C(C)C)O;GQPPHVVIFPSPGMGHLIPLTEFAKRLIPRFTFTFAVPTAGEPSAQRSFLSALPAGIDSVFLPSVSMSDVPSDARIETLMSIMVSRSLPSLRDLLLSRSPVAVLLVDLFGTDAFDVAFEVGITPYIFFPSTAMGLSLFLHLEKLDESVSCEYADLTEPVKIPGCVPVHGRDLLDPVQDRKNDAYKWVLHHCKRYKLAKGIIVNSFEAVERGAIRALVQA;True;False;0;0.04084226
CC1=CC(=C(C=C1)C(C)C)O;MTNSELVFIPSPGAGHLPPTVELAKLLLRRHRLSITIIIMKAPFGGAYDTAKLDSTPRLRCVEIPSDDSTAALISPTAFLTAFIDHHKPHVRNIVRESIGTVRLAGFVVDMFCVDMVDVANEFGAPTYAYFTSGAAMLGLMFHLQAKRDDDNLDVTNSRSVISVPSYIPVPVNVLLDVLFDKNGAKMFLDLAKRFRETKGIIVNSFRELESHAIEVLSDDPD;True;False;0;0.06127232
CC1=CC(=C(C=C1)C(C)C)O;AQRPVVLYPSPGMGHLVSMIELGKLLGARGLPVTIVVVEPPFNTATAPFLAGVSAANPSISFHRLPKVERLPLVSTKHQEALTFEVIRVSNPHLREFLAAATPAVLVVDFFCSIALDVAEELRVPAYFFFTSGAEVLAFFLHLPALHERATASFQDGEEPVQVPGIPPFPATHAILPVMERDDAAYDGFVKGCADLCRSQGVLVNTFRLLEQRAVETVAAGHLP;True;False;0;0.102554984
CC1=CC(=C(C=C1)C(C)C)O;RARKPVVLYPSPGMGHLVSMIELGKVFAARGLAVTVVVVDPPYGNATGPFLAGVTAANPAMTFHRLPKVEVPPVASKHHESLTFEVTRLSNPGLRDFLAGASPVVLIIDFFCNAALDVADELGVPAYMFYTSGAEILAFFLYLPVLHAQTTANFGMGEELVHAPGIPSFPATHSVLPLMERDDPAYAEFLKASADLCRTQGFLVNTFRSLEPRAVETIAAGSVS;True;False;0;0.12389641
CC1=CC(=C(C=C1)C(C)C)O;KQQQTVILYPSPGVGHIVPMVQLAKVFLRHGCDVTMVIAEPAASSFRIVDLDRVAASNPAITFHVLPPVPYADLAPGKHHFLLTLQVLRRYNGELERFLRSVPRERLHSLVVGMFCTDAVDVGAKLGVPVYTFFASAAATLAVVAQLPALLSGRRAGLKEGDTPLQFLGVPPFPASHLVRELLEHDDELCKTMVDVWKRCTDGSGVLVNTFESLESPAVQALRDPRRV;True;False;0;0.14359966
CC1=CC(=C(C=C1)C(C)C)O;AIVLYPYPGLGHLISMVELGKLLLTHHSFSITILASTAPTTIATANYIKAVSADNPAINFHHLPTISSLPEHIEKLNLPFEYARLQIPNILQVLQTLKSSLKALILDMFCDALFDVTKDLNIPTFYFYTSAGRSLAVLLNIPTFHRTTNSLSDFGDVPISISGMPPIPVSAMPKLLFDRSTNFYKSFLSTSTHMAKSNGIILNTFDLLEERALKALRAGLQP;True;False;0;0.09410176
CC1=CC(=C(C=C1)C(C)C)O;IPHIAILPSPGMGHLIPLVEFAKRIFLHHHFSVSLILPTDGPISAQKIFLNSLPSSMDYHLLPPVNFDDLPEDVKIETRISLTVSRSLTSLRQVLESIIESKKTVALVVDLFGTDAFDVAIDLKISPYIFFPSTAMGLSLFLHLPNLDETVSCEYRDLPDPIQIPGCTPIHGKDLLDPVQDRNDESYKWLLHHAKRYGMAEGIIVNSFKELEGGAIGALQKDEPG;True;False;0;0.36655262
CC1=CC(=C(C=C1)C(C)C)O;MGKQEDAELVIIPFPFSGHILATIELAKRLISQDNPRIHTITILYWGLPDTIAFLRSLVKNEPRIRLVTLPEVDPPPMELVEFAESYILEYVKKMVPIIREALSTLLGSVRVAGLVLDFFCVPMIDVGNEFNLPSYIFLTCSAGFLGMMKYLPERHREIKSEFNFNEELNLIPGYVSVPTKVLPSGLFMKETYEPWVELAERFPEAKGILVNSYTALEPNGFKYFDRCPDN;True;False;0;0.16185528
CC1=CC(=C(C=C1)C(C)C)O;SARPHVVLLPSAGMGHLVPFARLAVALSEGHGCNVSVAAVQPTVSSAESRLLDALFVAAPAVRRLDFRPFDESEFPGADPFFLRFEATRRSAPLLGPLLDAAEASALVTDIVLSVALPVARERGVPCYVLFTSSAAMLSLCAYFPAYLDAHAAAVGVGVGNVDIPGVFRIPKSSVPQALHDPDHLFTQQFVANGRCLVACDGILVNTFDAFEPDAVTALRQGSGG;True;False;0;0.060011506
CC1=CC(=C(C=C1)C(C)C)O;TPPPHVAMLATPGMGHLIPLAELAKRLAQRHGVTSTLITFASTASATQRAFLASMPPAVASMALPPVDMSDLPRDAAIETLMSEECVRAVPALTEALLSLKTTGRLVAFVTDLFGADAFDAARAAGVQRYLFFPTNLTALTLMLHLPELDASIPGEFRDLAEPLRLPGCVPLPGTETMKPLQDKSNPSYRWMVHHGAKFREATAILVNSFDAVEPGPAEVLRQPEPG;True;False;0;0.15921995
CC1=CC(=C(C=C1)C(C)C)O;DTIVLYPNLGRGHLVSMVELGKLILTHHSLSITILILTPPTTPTTTQYIATVTATTPSITFHRVPLAALPFNTPFLPPHLLSLELTRHSTQNIAVALQTLAKASNLKAIVIDFMNPKALTENLNNNVPTYFYYTSGASTLALLLYYPTIHPTLIEKDTDQPLQIQIPGLSTITADDFPNECKDPLSYACQVFLQIAETMMGGAGIIVNTFEAIEEEAIRALSEDATV;True;False;0;0.049367893
CC1=CC(=C(C=C1)C(C)C)O;GPPHVAMLATPGMGHLIPLAELAKRLAARRGATATLITFASAASATQRAFLASLPPSVAARALPPVDLSDLPRDAAIETLMTAECARSLPAIAAVLAELGETARLVAFVVDQFGMEAFNAAGVRAARCLFMPMNLHALSLVLHLPELAASVPGEFRDLAEPVRLPGCVPIPGPDIISPLQDRSNPSYAVMVNLAVRCEAAAAILVNSFDAVEPEAAEALRHPAPG;True;False;0;0.15481624
CC1=CC(=C(C=C1)C(C)C)O;MAETPVVTPHIAILPSPGMGHLIPLVEFSKRLIQNHHFSVTLILPTDGPVSAQKIYLNSLPCSMDYHLLPPVNFDDLPLDTKMETRISLTVTRSLPSLREVFKTLVETKKTVALVVDLFGTDAFDVANDFKVSPYIFYPSTAMALSLFLYLPKLDETVSCEYTDLPDPVQIPGCIPIHGKDLLDPVQDRKNEAYKWVLHHSKRYRMAEGIVANSFKELEGGAIKALQEEEPG;True;False;0;0.11564741
CC1=CC(=C(C=C1)C(C)C)O;MAETASENPHIVILPSPGMGHLIPLVEFSKRLISQHQFSVTLILPTDGPISSQKSFLNSLPSCMDYHLLPPVNFDDLPLDVKIETRISLTVTRSLSSLREVFKTLVDSKKVVAFVVDLFGTDAFDVAIDFNVSPYIFFPSTAMALSLFLYLPKLDATVSCEYRDLPDPIQIPGCIPIHGKDLLDPVQDRKNEAYRWLLHHSKRYRMAEGVVSNSFKELEGGPIKALQEEEPG;True;False;0;0.04933172
CC1=CC(=C(C=C1)C(C)C)O;APPPHVIIVPSAGMGHLIPLAEFAKRLLPRFTFTFAVPTSGPPSSQRDFLSSLPASIDTSFLPEVDLSDAPSDAQIETLMSLMVVRSLPSLRDLIASYSSGRRVAALVVDLFATDAIDVALELGIRPFIFFPSTAMTLSFFLHLEKLDETVSCEFAELSDPVQIPGCIPVHGKDLIDPVQDRKNDAYKWLLHHSKRYKLAEGVIVNSFEGLEGGPIRELLHPEPG;True;False;0;0.08129495
CC1=CC(=C(C=C1)C(C)C)O;MEESKTPHVAIIPSPGMGHLIPLVEFAKRLVHLHGLTVTFVIAGEGPPSAQRTVLDSLPSSISSVFLPPVDLTDLSSSTRIESRISLTVTRSNPELRKVFDSFVGGRLPTALVVDLFGTDAFDVAVEFHVPPYIFYPTTANVLSFFLHLPKLDETVSCEFRELTEPLMLPGCVPVAGKDFLDPAQDRKDDAYKWLLHNTKRYKEAEGILVNTFFELEPNAIKALQEPGLD;True;False;0;0.12714748
CC1=CC(=C(C=C1)C(C)C)O;TKPHAAMFSSPGMGHVIPVIELGKRLSANNGFHVTVFVLETDAASAQSKFLNSTGVDIVKLPSPDIYGLVDDDHVVTKIGVIMRAAVPALRSKIAAMHQKPTALIVDLFGTDALCLAKEFNMLSYVFIPTNARFLGVSIYYPNLDKDIKEEHTVQRNPLAIPGCEPVRFEDTLDAYLVPDEPVYRDFVRHGLAYPKADGILVNTWEEMEPKSLKSLLNPKVA;True;False;0;0.070624605
CC1=CC(=C(C=C1)C(C)C)O;MSDNKNSELIFIPAPGIGHLASALEFAKLLTNHDNLYITVFCIKFPGMPFADSYIKSVLASQPQIQLIDLPEVEPPPQELLKSPEFYILTFLESLIPHVKATIKTILSNKVVGLVLDFFCVSMIDVGNEFGIPSYLFLTSNVGFLSLMLSLKNRQIEEVFDSDRDHQLLNIPGISQVPSNVLPDACFNKDGGYIAYYKLAERFRDTKGIIVNTFSDLEQSSIDALYDHDEK;True;False;0;0.27336428
CC1=CC(=C(C=C1)C(C)C)O;NNLLHVAVLAFPFGTHAAPLLSLVKKIATEAPKVTFFCTTTTNDTLFSRSNEFLPNIKYYNVHDGPKGYVSSGNPREPIFLFIKAMQENFKHVIDEAVTGKNITCLVTDAFFWFGADLAEEMHAKWVPLWTAGPHSLLTHVYTDLIREKTSKEVHDVKSIDVLPGFPELKASDLPEGVIKDDVPFATMLHKMGLELPRANAVAINSFATIHPLIENELNSK;True;False;0;0.11407877
C1=C(C=C(C(=C1O)O)O)C2=CC(=O)C3=C(C=C(C=C3O2)O)O;KLHFFFFPVMAQGHMIPTLDMAKLFASHGVKATIITTPLNAPYFTRSIQRTHHSISVLTLKFPAVEAGLVEGCESPDMLPNFLKATTMLQDPLERLLQDSRPDCLVADMFFPWATHVAAKFNIPRLVFHGTGFFTLCASENLRLYMPQASVSSDDEPFLVPNLPMLTRSQLPENERDTETGLSTMLKQVKETELTSYGVIVNSFYELEPDYADYYRNVL;True;False;0;0.0073193964
CC(C)C12C(O1)C3C4(O3)C5(CCC6=C(C5CC7C4(C2O)O7)COC6=O)C;GTHVLVFPFPAQGHMIPLLDFTHKLALQGLTITILVTPRNLPLLNPLLSTHPSIKTLILPPHSPPGIENAKDMSTNSFVPLKHALSQLREPLLTWFHPSPPVAIISDIFFGWTHHLACQLSIRRICFSPSGVMAVSAIFCLWRDMVKNDDPGNTVVSFPRIPNCPKYPWWQLSQIYRSYADPVSEFIRDGYYANMASWGLVFNSFSELESVYLDYLKNEMG;True;False;0;0.0010325847
CC(C)C1=C(C2=C(C=C1)C3(CCC4=C(C3CC2)COC4=O)C)O;GTHVLVFPFPAQGHMIPLLDFTHKLALQGLTITILVTPRNLPLLNPLLSTHPSIKTLILPPHSPPGIENAKDMSTNSFVPLKHALSQLREPLLTWFHPSPPVAIISDIFFGWTHHLACQLSIRRICFSPSGVMAVSAIFCLWRDMVKNDDPGNTVVSFPRIPNCPKYPWWQLSQIYRSYADPVSEFIRDGYYANMASWGLVFNSFSELESVYLDYLKNEMG;True;False;0;0.01225265
CC(C)C1=C(C2=C(C=C1)C3(CCC4=C(C3CC2)COC4=O)C)O;MAAIVLYPTTGMGHLISMVELGKLILTHHSFTVNILLPTAPYATSTAQYISAVSTTNPSIIFHHLPPVSLPLDPAYSCVEALTFDLIRLNNPNVHTAIQSISQTSTVHALILDFFCNAALDVATELDVPAYFFLTSGASFLALFCHFPTIDRSTNKNFKDLETTVNLPYLPPIPLSHMPEPMLEKDTTEYAGFIDCSVGLSKSTGIIVNTFSTLEPKAVKALADGVGP;True;False;0;0.09214927
COC1=C(C=C(C2=C1OC(=CC2=O)C3=CC=CC=C3)O)O;MENNNAITPNVLMIAIPYQGHLNPFLHLAIKLASKGFAIHFVHTLHAHHVIKSSSENRARESGLDIRYSTISDGPIEYDRSEDVVSYWDHMLKVFPSLVDEFVANLIVPPSPWIIVADTISSWQGLIAEKYNMVNVSFWTEPAVVFALDYYVDLLTKNGHFPSSRDCVIDYIPGVAPIHKKDLMSNLQESTSILNKILLKTFEEVKKADIVLHNTVEELESYTLSTLNEL;True;False;0;0.36932784
COC1=C(C=C(C2=C1OC(=CC2=O)C3=CC=CC=C3)O)O;TAAAVHVLVFPYPAQGHMIPLLDFTHHLAARCGVAVTVVVTPQNLRQLNPLLAAHPRSVTALVLPAHPPAGVENTVDLPAGGFRHMMVALEGLRHPIADWFHPSPPAAIISDMFLGWTNHLAAELGVPGYAFFPSGFFAISFIRSLWCQSPELKNGDDRNTAVGFPEIPIYPWWQLSPIFRSYGDPKSEFIKDSFANFVKSHGLVGNTFYALEGVYSQYLKKVLG;True;False;0;0.005992988
COC1=C(C=C(C2=C1OC(=CC2=O)C3=CC=CC=C3)O)O;VDRTPHCLLLPYPNQGHINPILQFAKRLSHTRRIQITFILTKFLLKSTTAAAAAAEADISFRSISDGDDGGRAHAKSFEEYTDRFELVGRETLTELLRELSSGRPVDCVVYDPFIPWVLDVAKGFGLPAAAFFTQSCAVNSVYHQVYCGRLRPPLRENEVAVVAAELPPLKAEELPSFIEVHYPVVFEMIKSQFRNVEKADWIFVNTFYKLEEKIINSLSEF;True;False;0;0.059809092
C1=CC(=O)OC2=C(C3=C(C=CO3)C=C21)O;EAIVFYSAPGMGHIVSMAELANLIRRHHYVSFTVIYGSQPFEPTTTTAISQIANSSPSISFLHLPQHPINTFPARSPAAMAFESIRKSAPDFAESLRRISAGTKIRSLVIDLFCGTALPIAAEQGIPVYYFFTSGSAALAAYLHMPTIHQRVGGRFKSPDLLIDIPGLPSIPADEMPEPLLDAKDPAYPEMVYFCECLQKSKGILVNTFDELEPVVTEAIDSGAGP;True;False;0;0.024549931
C1=CC(=O)OC2=C(C3=C(C=CO3)C=C21)O;APTVVLLPVWGAGHLMSMLDAGKRLLTRGALSLTVLVMRAPTEQLADAHIRREEASGLDVRFVRLPAVQPPTHFHGIEEFISRLVQLHAPHVRAAISSLASPVAAVVMDFFCTALLDVTRELAVPAYVYFTASAGMLAFFLRLPSLHEEVTVQFEEMEGAVDVPGLPPVPPSSLPVPVMDKNHPNYTWFMYHGRRFAEADGIIVNTAAELEQSVLAAIADGRVR;True;False;0;0.022264544
C1=CC(=O)OC2=C(C3=C(C=CO3)C=C21)O;GQPPHVVIFPSPGMGHLIPLTEFAKRLIPRFTFTFAVPTAGEPSAQRSFLSALPAGIDSVFLPSVSMSDVPSDARIETLMSIMVSRSLPSLRDLLLSRSPVAVLLVDLFGTDAFDVAFEVGITPYIFFPSTAMGLSLFLHLEKLDESVSCEYADLTEPVKIPGCVPVHGRDLLDPVQDRKNDAYKWVLHHCKRYKLAKGIIVNSFEAVERGAIRALVQA;True;False;0;0.008868417
C1=CC(=O)OC2=C(C3=C(C=CO3)C=C21)O;MTNSELVFIPSPGAGHLPPTVELAKLLLRRHRLSITIIIMKAPFGGAYDTAKLDSTPRLRCVEIPSDDSTAALISPTAFLTAFIDHHKPHVRNIVRESIGTVRLAGFVVDMFCVDMVDVANEFGAPTYAYFTSGAAMLGLMFHLQAKRDDDNLDVTNSRSVISVPSYIPVPVNVLLDVLFDKNGAKMFLDLAKRFRETKGIIVNSFRELESHAIEVLSDDPD;True;False;0;0.02407474
C1=CC(=O)OC2=C(C3=C(C=CO3)C=C21)O;AQRPVVLYPSPGMGHLVSMIELGKLLGARGLPVTIVVVEPPFNTATAPFLAGVSAANPSISFHRLPKVERLPLVSTKHQEALTFEVIRVSNPHLREFLAAATPAVLVVDFFCSIALDVAEELRVPAYFFFTSGAEVLAFFLHLPALHERATASFQDGEEPVQVPGIPPFPATHAILPVMERDDAAYDGFVKGCADLCRSQGVLVNTFRLLEQRAVETVAAGHLP;True;False;0;0.014641872
C1=CC(=O)OC2=C(C3=C(C=CO3)C=C21)O;RARKPVVLYPSPGMGHLVSMIELGKVFAARGLAVTVVVVDPPYGNATGPFLAGVTAANPAMTFHRLPKVEVPPVASKHHESLTFEVTRLSNPGLRDFLAGASPVVLIIDFFCNAALDVADELGVPAYMFYTSGAEILAFFLYLPVLHAQTTANFGMGEELVHAPGIPSFPATHSVLPLMERDDPAYAEFLKASADLCRTQGFLVNTFRSLEPRAVETIAAGSVS;True;False;0;0.013490748
C1=CC(=O)OC2=C(C3=C(C=CO3)C=C21)O;KQQQTVILYPSPGVGHIVPMVQLAKVFLRHGCDVTMVIAEPAASSFRIVDLDRVAASNPAITFHVLPPVPYADLAPGKHHFLLTLQVLRRYNGELERFLRSVPRERLHSLVVGMFCTDAVDVGAKLGVPVYTFFASAAATLAVVAQLPALLSGRRAGLKEGDTPLQFLGVPPFPASHLVRELLEHDDELCKTMVDVWKRCTDGSGVLVNTFESLESPAVQALRDPRRV;True;False;0;0.13007765
C1=CC(=O)OC2=C(C3=C(C=CO3)C=C21)O;STELVIVPAPGMGHLVSTVQLAKVILKKYFISISIFIINLPMHSKISSYVDSQSRDNPRLLFTTLPPVTITSDPTSLGFFTDFIKLHKPLVKRAVEERVGSPKPAGFVLDMFCTTMVDVANELGIPSYLFLTCGVNFLNFVYYVESLADEHGLGARDPEFESVVSGFRPITSKIIPGIFKGEFGSGMILNLAKEFKKMKGILVNSYVELESFEIQALQNSDKK;True;False;0;0.060092658
C1=CC(=O)OC2=C(C3=C(C=CO3)C=C21)O;AIVLYPYPGLGHLISMVELGKLLLTHHSFSITILASTAPTTIATANYIKAVSADNPAINFHHLPTISSLPEHIEKLNLPFEYARLQIPNILQVLQTLKSSLKALILDMFCDALFDVTKDLNIPTFYFYTSAGRSLAVLLNIPTFHRTTNSLSDFGDVPISISGMPPIPVSAMPKLLFDRSTNFYKSFLSTSTHMAKSNGIILNTFDLLEERALKALRAGLQP;True;False;0;0.017391099
C1=CC(=O)OC2=C(C3=C(C=CO3)C=C21)O;TIVLYPSPGMGHLISMVELGKFILKHHSFTIAILIVPPSFNTSTASYIDRVSAATNSITFHHLPTISLELDSFSSMEALIFEAIRLSNPHVHHALQHISLTTTITALIIDFFCTPAISISTKLGIPTYYFFTSGISSLAFFLYLPVIHRNTVKSFKDLNSLVDIPGLPPIPSSDVAKPILDRASTEYACFLDFSLHLPKSAGVIVNSFNSLEPKTLKAISEGSGA;True;False;0;0.029406657
C1=CC(=O)OC2=C(C3=C(C=CO3)C=C21)O;NVELIFIPTPTVGHLVPFLEFARRLIEQDRIRITILLMKLQGQSHLDTYVKSIASSQPFVRFIDVPELEKPTLGSTQSVEAYVYDVIERNIPLVRNIVMDILDGVKVKGLVVDFFCLPMIDVAKDISLPFYVFLTTNSGFLAMMQYLADRHSRDTSVVRNSEEMLSIPGFVPVPANVLPSALFVEDGYDAYVKLAILFTKANGILVNSSFDIEPYSVNHFLQEQN;True;False;0;0.1192162
C1=CC(=O)OC2=C(C3=C(C=CO3)C=C21)O;MGKQEDAELVIIPFPFSGHILATIELAKRLISQDNPRIHTITILYWGLPDTIAFLRSLVKNEPRIRLVTLPEVDPPPMELVEFAESYILEYVKKMVPIIREALSTLLGSVRVAGLVLDFFCVPMIDVGNEFNLPSYIFLTCSAGFLGMMKYLPERHREIKSEFNFNEELNLIPGYVSVPTKVLPSGLFMKETYEPWVELAERFPEAKGILVNSYTALEPNGFKYFDRCPDN;True;False;0;0.020288091
C1=CC(=O)OC2=C(C3=C(C=CO3)C=C21)O;TPPPHVAMLATPGMGHLIPLAELAKRLAQRHGVTSTLITFASTASATQRAFLASMPPAVASMALPPVDMSDLPRDAAIETLMSEECVRAVPALTEALLSLKTTGRLVAFVTDLFGADAFDAARAAGVQRYLFFPTNLTALTLMLHLPELDASIPGEFRDLAEPLRLPGCVPLPGTETMKPLQDKSNPSYRWMVHHGAKFREATAILVNSFDAVEPGPAEVLRQPEPG;True;False;0;0.0762168
C1=CC(=O)OC2=C(C3=C(C=CO3)C=C21)O;DTIVLYPNLGRGHLVSMVELGKLILTHHSLSITILILTPPTTPTTTQYIATVTATTPSITFHRVPLAALPFNTPFLPPHLLSLELTRHSTQNIAVALQTLAKASNLKAIVIDFMNPKALTENLNNNVPTYFYYTSGASTLALLLYYPTIHPTLIEKDTDQPLQIQIPGLSTITADDFPNECKDPLSYACQVFLQIAETMMGGAGIIVNTFEAIEEEAIRALSEDATV;True;False;0;0.022959938
C1=CC(=O)OC2=C(C3=C(C=CO3)C=C21)O;GPPHVAMLATPGMGHLIPLAELAKRLAARRGATATLITFASAASATQRAFLASLPPSVAARALPPVDLSDLPRDAAIETLMTAECARSLPAIAAVLAELGETARLVAFVVDQFGMEAFNAAGVRAARCLFMPMNLHALSLVLHLPELAASVPGEFRDLAEPVRLPGCVPIPGPDIISPLQDRSNPSYAVMVNLAVRCEAAAAILVNSFDAVEPEAAEALRHPAPG;True;False;0;0.024155559
C1=CC(=O)OC2=C(C3=C(C=CO3)C=C21)O;MAETPVVTPHIAILPSPGMGHLIPLVEFSKRLIQNHHFSVTLILPTDGPVSAQKIYLNSLPCSMDYHLLPPVNFDDLPLDTKMETRISLTVTRSLPSLREVFKTLVETKKTVALVVDLFGTDAFDVANDFKVSPYIFYPSTAMALSLFLYLPKLDETVSCEYTDLPDPVQIPGCIPIHGKDLLDPVQDRKNEAYKWVLHHSKRYRMAEGIVANSFKELEGGAIKALQEEEPG;True;False;0;0.027482273
C1=CC(=O)OC2=C(C3=C(C=CO3)C=C21)O;MAETASENPHIVILPSPGMGHLIPLVEFSKRLISQHQFSVTLILPTDGPISSQKSFLNSLPSCMDYHLLPPVNFDDLPLDVKIETRISLTVTRSLSSLREVFKTLVDSKKVVAFVVDLFGTDAFDVAIDFNVSPYIFFPSTAMALSLFLYLPKLDATVSCEYRDLPDPIQIPGCIPIHGKDLLDPVQDRKNEAYRWLLHHSKRYRMAEGVVSNSFKELEGGPIKALQEEEPG;True;False;0;0.023420049
C1=CC(=O)OC2=C(C3=C(C=CO3)C=C21)O;APPPHVIIVPSAGMGHLIPLAEFAKRLLPRFTFTFAVPTSGPPSSQRDFLSSLPASIDTSFLPEVDLSDAPSDAQIETLMSLMVVRSLPSLRDLIASYSSGRRVAALVVDLFATDAIDVALELGIRPFIFFPSTAMTLSFFLHLEKLDETVSCEFAELSDPVQIPGCIPVHGKDLIDPVQDRKNDAYKWLLHHSKRYKLAEGVIVNSFEGLEGGPIRELLHPEPG;True;False;0;0.041600835
C1=CC(=O)OC2=C(C3=C(C=CO3)C=C21)O;MEESKTPHVAIIPSPGMGHLIPLVEFAKRLVHLHGLTVTFVIAGEGPPSAQRTVLDSLPSSISSVFLPPVDLTDLSSSTRIESRISLTVTRSNPELRKVFDSFVGGRLPTALVVDLFGTDAFDVAVEFHVPPYIFYPTTANVLSFFLHLPKLDETVSCEFRELTEPLMLPGCVPVAGKDFLDPAQDRKDDAYKWLLHNTKRYKEAEGILVNTFFELEPNAIKALQEPGLD;True;False;0;0.02676804
C1=CC(=O)OC2=C(C3=C(C=CO3)C=C21)O;TKPHAAMFSSPGMGHVIPVIELGKRLSANNGFHVTVFVLETDAASAQSKFLNSTGVDIVKLPSPDIYGLVDDDHVVTKIGVIMRAAVPALRSKIAAMHQKPTALIVDLFGTDALCLAKEFNMLSYVFIPTNARFLGVSIYYPNLDKDIKEEHTVQRNPLAIPGCEPVRFEDTLDAYLVPDEPVYRDFVRHGLAYPKADGILVNTWEEMEPKSLKSLLNPKVA;True;False;0;0.02379855
C1=CC(=O)OC2=C(C3=C(C=CO3)C=C21)O;MSDNKNSELIFIPAPGIGHLASALEFAKLLTNHDNLYITVFCIKFPGMPFADSYIKSVLASQPQIQLIDLPEVEPPPQELLKSPEFYILTFLESLIPHVKATIKTILSNKVVGLVLDFFCVSMIDVGNEFGIPSYLFLTSNVGFLSLMLSLKNRQIEEVFDSDRDHQLLNIPGISQVPSNVLPDACFNKDGGYIAYYKLAERFRDTKGIIVNTFSDLEQSSIDALYDHDEK;True;False;0;0.043709822
C1=CC(=O)OC2=C(C3=C(C=CO3)C=C21)O;NNLLHVAVLAFPFGTHAAPLLSLVKKIATEAPKVTFFCTTTTNDTLFSRSNEFLPNIKYYNVHDGPKGYVSSGNPREPIFLFIKAMQENFKHVIDEAVTGKNITCLVTDAFFWFGADLAEEMHAKWVPLWTAGPHSLLTHVYTDLIREKTSKEVHDVKSIDVLPGFPELKASDLPEGVIKDDVPFATMLHKMGLELPRANAVAINSFATIHPLIENELNSK;True;False;0;0.04307633
CC(=O)CCC1=CC(=C(C=C1)O)OC;EAIVFYSAPGMGHIVSMAELANLIRRHHYVSFTVIYGSQPFEPTTTTAISQIANSSPSISFLHLPQHPINTFPARSPAAMAFESIRKSAPDFAESLRRISAGTKIRSLVIDLFCGTALPIAAEQGIPVYYFFTSGSAALAAYLHMPTIHQRVGGRFKSPDLLIDIPGLPSIPADEMPEPLLDAKDPAYPEMVYFCECLQKSKGILVNTFDELEPVVTEAIDSGAGP;True;False;0;0.061878923
CC(=O)CCC1=CC(=C(C=C1)O)OC;APTVVLLPVWGAGHLMSMLDAGKRLLTRGALSLTVLVMRAPTEQLADAHIRREEASGLDVRFVRLPAVQPPTHFHGIEEFISRLVQLHAPHVRAAISSLASPVAAVVMDFFCTALLDVTRELAVPAYVYFTASAGMLAFFLRLPSLHEEVTVQFEEMEGAVDVPGLPPVPPSSLPVPVMDKNHPNYTWFMYHGRRFAEADGIIVNTAAELEQSVLAAIADGRVR;True;False;0;0.026998822
CC(=O)CCC1=CC(=C(C=C1)O)OC;GQPPHVVIFPSPGMGHLIPLTEFAKRLIPRFTFTFAVPTAGEPSAQRSFLSALPAGIDSVFLPSVSMSDVPSDARIETLMSIMVSRSLPSLRDLLLSRSPVAVLLVDLFGTDAFDVAFEVGITPYIFFPSTAMGLSLFLHLEKLDESVSCEYADLTEPVKIPGCVPVHGRDLLDPVQDRKNDAYKWVLHHCKRYKLAKGIIVNSFEAVERGAIRALVQA;True;False;0;0.19981655
CC(=O)CCC1=CC(=C(C=C1)O)OC;MTNSELVFIPSPGAGHLPPTVELAKLLLRRHRLSITIIIMKAPFGGAYDTAKLDSTPRLRCVEIPSDDSTAALISPTAFLTAFIDHHKPHVRNIVRESIGTVRLAGFVVDMFCVDMVDVANEFGAPTYAYFTSGAAMLGLMFHLQAKRDDDNLDVTNSRSVISVPSYIPVPVNVLLDVLFDKNGAKMFLDLAKRFRETKGIIVNSFRELESHAIEVLSDDPD;True;False;0;0.05575679
CC(=O)CCC1=CC(=C(C=C1)O)OC;AQRPVVLYPSPGMGHLVSMIELGKLLGARGLPVTIVVVEPPFNTATAPFLAGVSAANPSISFHRLPKVERLPLVSTKHQEALTFEVIRVSNPHLREFLAAATPAVLVVDFFCSIALDVAEELRVPAYFFFTSGAEVLAFFLHLPALHERATASFQDGEEPVQVPGIPPFPATHAILPVMERDDAAYDGFVKGCADLCRSQGVLVNTFRLLEQRAVETVAAGHLP;True;False;0;0.049688227
CC(=O)CCC1=CC(=C(C=C1)O)OC;RARKPVVLYPSPGMGHLVSMIELGKVFAARGLAVTVVVVDPPYGNATGPFLAGVTAANPAMTFHRLPKVEVPPVASKHHESLTFEVTRLSNPGLRDFLAGASPVVLIIDFFCNAALDVADELGVPAYMFYTSGAEILAFFLYLPVLHAQTTANFGMGEELVHAPGIPSFPATHSVLPLMERDDPAYAEFLKASADLCRTQGFLVNTFRSLEPRAVETIAAGSVS;True;False;0;0.04629113
CC(=O)CCC1=CC(=C(C=C1)O)OC;KQQQTVILYPSPGVGHIVPMVQLAKVFLRHGCDVTMVIAEPAASSFRIVDLDRVAASNPAITFHVLPPVPYADLAPGKHHFLLTLQVLRRYNGELERFLRSVPRERLHSLVVGMFCTDAVDVGAKLGVPVYTFFASAAATLAVVAQLPALLSGRRAGLKEGDTPLQFLGVPPFPASHLVRELLEHDDELCKTMVDVWKRCTDGSGVLVNTFESLESPAVQALRDPRRV;True;False;0;0.13494857
CC(=O)CCC1=CC(=C(C=C1)O)OC;STELVIVPAPGMGHLVSTVQLAKVILKKYFISISIFIINLPMHSKISSYVDSQSRDNPRLLFTTLPPVTITSDPTSLGFFTDFIKLHKPLVKRAVEERVGSPKPAGFVLDMFCTTMVDVANELGIPSYLFLTCGVNFLNFVYYVESLADEHGLGARDPEFESVVSGFRPITSKIIPGIFKGEFGSGMILNLAKEFKKMKGILVNSYVELESFEIQALQNSDKK;True;False;0;0.23145835
CC(=O)CCC1=CC(=C(C=C1)O)OC;AIVLYPYPGLGHLISMVELGKLLLTHHSFSITILASTAPTTIATANYIKAVSADNPAINFHHLPTISSLPEHIEKLNLPFEYARLQIPNILQVLQTLKSSLKALILDMFCDALFDVTKDLNIPTFYFYTSAGRSLAVLLNIPTFHRTTNSLSDFGDVPISISGMPPIPVSAMPKLLFDRSTNFYKSFLSTSTHMAKSNGIILNTFDLLEERALKALRAGLQP;True;False;0;0.22044906
CC(=O)CCC1=CC(=C(C=C1)O)OC;IPHIAILPSPGMGHLIPLVEFAKRIFLHHHFSVSLILPTDGPISAQKIFLNSLPSSMDYHLLPPVNFDDLPEDVKIETRISLTVSRSLTSLRQVLESIIESKKTVALVVDLFGTDAFDVAIDLKISPYIFFPSTAMGLSLFLHLPNLDETVSCEYRDLPDPIQIPGCTPIHGKDLLDPVQDRNDESYKWLLHHAKRYGMAEGIIVNSFKELEGGAIGALQKDEPG;True;False;0;0.333139
CC(=O)CCC1=CC(=C(C=C1)O)OC;TIVLYPSPGMGHLISMVELGKFILKHHSFTIAILIVPPSFNTSTASYIDRVSAATNSITFHHLPTISLELDSFSSMEALIFEAIRLSNPHVHHALQHISLTTTITALIIDFFCTPAISISTKLGIPTYYFFTSGISSLAFFLYLPVIHRNTVKSFKDLNSLVDIPGLPPIPSSDVAKPILDRASTEYACFLDFSLHLPKSAGVIVNSFNSLEPKTLKAISEGSGA;True;False;0;0.2899145
CC(=O)CCC1=CC(=C(C=C1)O)OC;NVELIFIPTPTVGHLVPFLEFARRLIEQDRIRITILLMKLQGQSHLDTYVKSIASSQPFVRFIDVPELEKPTLGSTQSVEAYVYDVIERNIPLVRNIVMDILDGVKVKGLVVDFFCLPMIDVAKDISLPFYVFLTTNSGFLAMMQYLADRHSRDTSVVRNSEEMLSIPGFVPVPANVLPSALFVEDGYDAYVKLAILFTKANGILVNSSFDIEPYSVNHFLQEQN;True;False;0;0.1827782
CC(=O)CCC1=CC(=C(C=C1)O)OC;MGKQEDAELVIIPFPFSGHILATIELAKRLISQDNPRIHTITILYWGLPDTIAFLRSLVKNEPRIRLVTLPEVDPPPMELVEFAESYILEYVKKMVPIIREALSTLLGSVRVAGLVLDFFCVPMIDVGNEFNLPSYIFLTCSAGFLGMMKYLPERHREIKSEFNFNEELNLIPGYVSVPTKVLPSGLFMKETYEPWVELAERFPEAKGILVNSYTALEPNGFKYFDRCPDN;True;False;0;0.030612176
CC(=O)CCC1=CC(=C(C=C1)O)OC;SARPHVVLLPSAGMGHLVPFARLAVALSEGHGCNVSVAAVQPTVSSAESRLLDALFVAAPAVRRLDFRPFDESEFPGADPFFLRFEATRRSAPLLGPLLDAAEASALVTDIVLSVALPVARERGVPCYVLFTSSAAMLSLCAYFPAYLDAHAAAVGVGVGNVDIPGVFRIPKSSVPQALHDPDHLFTQQFVANGRCLVACDGILVNTFDAFEPDAVTALRQGSGG;True;False;0;0.023850676
CC(=O)CCC1=CC(=C(C=C1)O)OC;TPPPHVAMLATPGMGHLIPLAELAKRLAQRHGVTSTLITFASTASATQRAFLASMPPAVASMALPPVDMSDLPRDAAIETLMSEECVRAVPALTEALLSLKTTGRLVAFVTDLFGADAFDAARAAGVQRYLFFPTNLTALTLMLHLPELDASIPGEFRDLAEPLRLPGCVPLPGTETMKPLQDKSNPSYRWMVHHGAKFREATAILVNSFDAVEPGPAEVLRQPEPG;True;False;0;0.12653007
CC(=O)CCC1=CC(=C(C=C1)O)OC;DTIVLYPNLGRGHLVSMVELGKLILTHHSLSITILILTPPTTPTTTQYIATVTATTPSITFHRVPLAALPFNTPFLPPHLLSLELTRHSTQNIAVALQTLAKASNLKAIVIDFMNPKALTENLNNNVPTYFYYTSGASTLALLLYYPTIHPTLIEKDTDQPLQIQIPGLSTITADDFPNECKDPLSYACQVFLQIAETMMGGAGIIVNTFEAIEEEAIRALSEDATV;True;False;0;0.085682586
CC(=O)CCC1=CC(=C(C=C1)O)OC;GPPHVAMLATPGMGHLIPLAELAKRLAARRGATATLITFASAASATQRAFLASLPPSVAARALPPVDLSDLPRDAAIETLMTAECARSLPAIAAVLAELGETARLVAFVVDQFGMEAFNAAGVRAARCLFMPMNLHALSLVLHLPELAASVPGEFRDLAEPVRLPGCVPIPGPDIISPLQDRSNPSYAVMVNLAVRCEAAAAILVNSFDAVEPEAAEALRHPAPG;True;False;0;0.11988009
CC(=O)CCC1=CC(=C(C=C1)O)OC;MAETPVVTPHIAILPSPGMGHLIPLVEFSKRLIQNHHFSVTLILPTDGPVSAQKIYLNSLPCSMDYHLLPPVNFDDLPLDTKMETRISLTVTRSLPSLREVFKTLVETKKTVALVVDLFGTDAFDVANDFKVSPYIFYPSTAMALSLFLYLPKLDETVSCEYTDLPDPVQIPGCIPIHGKDLLDPVQDRKNEAYKWVLHHSKRYRMAEGIVANSFKELEGGAIKALQEEEPG;True;False;0;0.07502211
CC(=O)CCC1=CC(=C(C=C1)O)OC;MAETASENPHIVILPSPGMGHLIPLVEFSKRLISQHQFSVTLILPTDGPISSQKSFLNSLPSCMDYHLLPPVNFDDLPLDVKIETRISLTVTRSLSSLREVFKTLVDSKKVVAFVVDLFGTDAFDVAIDFNVSPYIFFPSTAMALSLFLYLPKLDATVSCEYRDLPDPIQIPGCIPIHGKDLLDPVQDRKNEAYRWLLHHSKRYRMAEGVVSNSFKELEGGPIKALQEEEPG;True;False;0;0.06628109
CC(=O)CCC1=CC(=C(C=C1)O)OC;APPPHVIIVPSAGMGHLIPLAEFAKRLLPRFTFTFAVPTSGPPSSQRDFLSSLPASIDTSFLPEVDLSDAPSDAQIETLMSLMVVRSLPSLRDLIASYSSGRRVAALVVDLFATDAIDVALELGIRPFIFFPSTAMTLSFFLHLEKLDETVSCEFAELSDPVQIPGCIPVHGKDLIDPVQDRKNDAYKWLLHHSKRYKLAEGVIVNSFEGLEGGPIRELLHPEPG;True;False;0;0.18684138
CC(=O)CCC1=CC(=C(C=C1)O)OC;MEESKTPHVAIIPSPGMGHLIPLVEFAKRLVHLHGLTVTFVIAGEGPPSAQRTVLDSLPSSISSVFLPPVDLTDLSSSTRIESRISLTVTRSNPELRKVFDSFVGGRLPTALVVDLFGTDAFDVAVEFHVPPYIFYPTTANVLSFFLHLPKLDETVSCEFRELTEPLMLPGCVPVAGKDFLDPAQDRKDDAYKWLLHNTKRYKEAEGILVNTFFELEPNAIKALQEPGLD;True;False;0;0.18942198
CC(=O)CCC1=CC(=C(C=C1)O)OC;MSDNKNSELIFIPAPGIGHLASALEFAKLLTNHDNLYITVFCIKFPGMPFADSYIKSVLASQPQIQLIDLPEVEPPPQELLKSPEFYILTFLESLIPHVKATIKTILSNKVVGLVLDFFCVSMIDVGNEFGIPSYLFLTSNVGFLSLMLSLKNRQIEEVFDSDRDHQLLNIPGISQVPSNVLPDACFNKDGGYIAYYKLAERFRDTKGIIVNTFSDLEQSSIDALYDHDEK;True;False;0;0.07326175
CC(=O)CCC1=CC(=C(C=C1)O)OC;NNLLHVAVLAFPFGTHAAPLLSLVKKIATEAPKVTFFCTTTTNDTLFSRSNEFLPNIKYYNVHDGPKGYVSSGNPREPIFLFIKAMQENFKHVIDEAVTGKNITCLVTDAFFWFGADLAEEMHAKWVPLWTAGPHSLLTHVYTDLIREKTSKEVHDVKSIDVLPGFPELKASDLPEGVIKDDVPFATMLHKMGLELPRANAVAINSFATIHPLIENELNSK;True;False;0;0.12883355
CC(C)(C#N)O;MDPKNTRKPHIVCVPFPAQGHVIPMMQLAKLLHSKGFCITFVNTEFNHRRLVRSKGEDWAKGFDDFWFETISDGPPSNPDATQNPTMLCYHVPKHCLAPFRHLLAKLNEVPPVTCIISDGIMSFALKAAEELGIPEVQFWTASACGFMAYLHHAELIQKGIFPFKLDTRVDWIPGMRNIRLKDLPSFIRTTNHIMFHFARTETQNCLKASAIIFNTFDAFEHEVLEAIASK;True;False;0;0.42172197
C1CCC(C(C1)O)O;ETPKKALVFVPAPGIGHLVSVMEFAKRLLERDSFSITMLLMSPPFAHVTTYVEKLSASHPEFQFLGLPSVPPPPLEDIACPEHFVSIFIADHKNHVKDMIVNHVKSVKLAGLILDLFCTPFVDVAKDLGVPPYIFFASGAAFLGSMLYLPDRFDNGGVTYKPTDPDSMIPSYIPVPSTVLPSLLFHDGGYSTFVSHARKFKEAKGIIVNTFAELESHAVSYLNGEAS;True;False;0;0.31700447
C1=CC(=C(C=C1C2=[O+]C3=CC(=CC(=C3C=C2O)O)O)O)O;MDPKNTRKPHIVCVPFPAQGHVIPMMQLAKLLHSKGFCITFVNTEFNHRRLVRSKGEDWAKGFDDFWFETISDGPPSNPDATQNPTMLCYHVPKHCLAPFRHLLAKLNEVPPVTCIISDGIMSFALKAAEELGIPEVQFWTASACGFMAYLHHAELIQKGIFPFKLDTRVDWIPGMRNIRLKDLPSFIRTTNHIMFHFARTETQNCLKASAIIFNTFDAFEHEVLEAIASK;True;True;2;0.056528676
CC(=CCCC(=CCO)C)C;MDPKNTRKPHIVCVPFPAQGHVIPMMQLAKLLHSKGFCITFVNTEFNHRRLVRSKGEDWAKGFDDFWFETISDGPPSNPDATQNPTMLCYHVPKHCLAPFRHLLAKLNEVPPVTCIISDGIMSFALKAAEELGIPEVQFWTASACGFMAYLHHAELIQKGIFPFKLDTRVDWIPGMRNIRLKDLPSFIRTTNHIMFHFARTETQNCLKASAIIFNTFDAFEHEVLEAIASK;True;True;1;0.2420197
C1=CC(=CC=C1C2=C(C(=O)C3=C(C=C(C=C3O2)O)O)O)O;MDPKNTRKPHIVCVPFPAQGHVIPMMQLAKLLHSKGFCITFVNTEFNHRRLVRSKGEDWAKGFDDFWFETISDGPPSNPDATQNPTMLCYHVPKHCLAPFRHLLAKLNEVPPVTCIISDGIMSFALKAAEELGIPEVQFWTASACGFMAYLHHAELIQKGIFPFKLDTRVDWIPGMRNIRLKDLPSFIRTTNHIMFHFARTETQNCLKASAIIFNTFDAFEHEVLEAIASK;True;False;0;0.00072086893
CC(=CCCC(C)(C=C)O)C;MDPKNTRKPHIVCVPFPAQGHVIPMMQLAKLLHSKGFCITFVNTEFNHRRLVRSKGEDWAKGFDDFWFETISDGPPSNPDATQNPTMLCYHVPKHCLAPFRHLLAKLNEVPPVTCIISDGIMSFALKAAEELGIPEVQFWTASACGFMAYLHHAELIQKGIFPFKLDTRVDWIPGMRNIRLKDLPSFIRTTNHIMFHFARTETQNCLKASAIIFNTFDAFEHEVLEAIASK;True;False;0;0.50984967
C1=CC=C(C=C1)CC(=O)NO;MAETTKVKGHVVILPYPVQGHLNPMVQFAKRLVSKNVKVTIATTTYTASSITTPSLSVEPISDGDFIPIPGFSVDTYSESFKLNGSETLTLLIEKFKTDSPIDCLIYDSFLPWGLEVARSMELSAASFFTNNLTVCSVLRKFSNGDFPLPADPNSAPFRIRGLPSLSYDELPSFVGRHHPEHGRVLLNQFPNHENADWLFVNGFEGLEETQDCENGESD;True;False;0;0.41106158
C1=CC=C(C=C1)CC(=S)NO;MAETTKVKGHVVILPYPVQGHLNPMVQFAKRLVSKNVKVTIATTTYTASSITTPSLSVEPISDGDFIPIPGFSVDTYSESFKLNGSETLTLLIEKFKTDSPIDCLIYDSFLPWGLEVARSMELSAASFFTNNLTVCSVLRKFSNGDFPLPADPNSAPFRIRGLPSLSYDELPSFVGRHHPEHGRVLLNQFPNHENADWLFVNGFEGLEETQDCENGESD;True;False;0;0.40435547
C1=CC=C(C=C1)CC(=S)NO;MAETTKVKGHVVILPYPVQGALNPMVQFAKRLVSKNVKVTIATTTYTASSITTPSLSVEPISDGDFIPIPGFSVDTYSESFKLNGSETLTLLIEKFKTDSPIDCLIYDSFLPWGLEVARSMELSAASFFTNNLTVCSVLRKFSNGDFPLPADPNSAPFRIRGLPSLSYDELPSFVGRHHPEHGRVLLNQFPNHENADWLFVNGFEGLEETQDCENGESD;True;False;0;0.25249922
C1=CC=C(C=C1)CC(=S)NO;MAETTKVKGHVVILPYPVQGHLNPMVQFAKRLVSKNVKVTIATTTYTASSITTPSLSVEPISDGDFIPIPGFSVDTYSESFKLNGSETLTLLIEKFKTDSPIDCLIYASFLPWGLEVARSMELSAASFFTNNLTVCSVLRKFSNGDFPLPADPNSAPFRIRGLPSLSYDELPSFVGRHHPEHGRVLLNQFPNHENADWLFVNGFEGLEETQDCENGESD;True;False;0;0.43020418
C1=CC=C(C=C1)CCC(=O)NO;MAETTKVKGHVVILPYPVQGHLNPMVQFAKRLVSKNVKVTIATTTYTASSITTPSLSVEPISDGDFIPIPGFSVDTYSESFKLNGSETLTLLIEKFKTDSPIDCLIYDSFLPWGLEVARSMELSAASFFTNNLTVCSVLRKFSNGDFPLPADPNSAPFRIRGLPSLSYDELPSFVGRHHPEHGRVLLNQFPNHENADWLFVNGFEGLEETQDCENGESD;True;False;0;0.3075932
C1=CC=C(C=C1)CCC(=S)NO;MAETTKVKGHVVILPYPVQGHLNPMVQFAKRLVSKNVKVTIATTTYTASSITTPSLSVEPISDGDFIPIPGFSVDTYSESFKLNGSETLTLLIEKFKTDSPIDCLIYDSFLPWGLEVARSMELSAASFFTNNLTVCSVLRKFSNGDFPLPADPNSAPFRIRGLPSLSYDELPSFVGRHHPEHGRVLLNQFPNHENADWLFVNGFEGLEETQDCENGESD;True;False;0;0.5741627
C1=CC=C(C=C1)CCC(=S)NO;MAETTKVKGHVVILPYPVQGALNPMVQFAKRLVSKNVKVTIATTTYTASSITTPSLSVEPISDGDFIPIPGFSVDTYSESFKLNGSETLTLLIEKFKTDSPIDCLIYDSFLPWGLEVARSMELSAASFFTNNLTVCSVLRKFSNGDFPLPADPNSAPFRIRGLPSLSYDELPSFVGRHHPEHGRVLLNQFPNHENADWLFVNGFEGLEETQDCENGESD;True;False;0;0.4991161
C1=CC=C(C=C1)CCC(=S)NO;MAETTKVKGHVVILPYPVQGHLNPMVQFAKRLVSKNVKVTIATTTYTASSITTPSLSVEPISDGDFIPIPGFSVDTYSESFKLNGSETLTLLIEKFKTDSPIDCLIYASFLPWGLEVARSMELSAASFFTNNLTVCSVLRKFSNGDFPLPADPNSAPFRIRGLPSLSYDELPSFVGRHHPEHGRVLLNQFPNHENADWLFVNGFEGLEETQDCENGESD;True;False;0;0.61467505
C1=CC(=C(C=C1C2=C(C(=O)C3=C(C=C(C=C3O2)O)O)O)O)O;MDPKNTRKPHIVCVPFPAQGHVIPMMQLAKLLHSKGFCITFVNTEFNHRRLVRSKGEDWAKGFDDFWFETISDGPPSNPDATQNPTMLCYHVPKHCLAPFRHLLAKLNEVPPVTCIISDGIMSFALKAAEELGIPEVQFWTASACGFMAYLHHAELIQKGIFPFKLDTRVDWIPGMRNIRLKDLPSFIRTTNHIMFHFARTETQNCLKASAIIFNTFDAFEHEVLEAIASK;True;True;9;0.0025414
C1=CC=C(C=C1)S;MAETTKVKGHVVILPYPVQGHLNPMVQFAKRLVSKNVKVTIATTTYTASSITTPSLSVEPISDGDFIPIPGFSVDTYSESFKLNGSETLTLLIEKFKTDSPIDCLIYDSFLPWGLEVARSMELSAASFFTNNLTVCSVLRKFSNGDFPLPADPNSAPFRIRGLPSLSYDELPSFVGRHHPEHGRVLLNQFPNHENADWLFVNGFEGLEETQDCENGESD;True;False;0;0.4945852
C1=CC=C(C=C1)C=CC(=O)O;MDPKNTRKPHIVCVPFPAQGHVIPMMQLAKLLHSKGFCITFVNTEFNHRRLVRSKGEDWAKGFDDFWFETISDGPPSNPDATQNPTMLCYHVPKHCLAPFRHLLAKLNEVPPVTCIISDGIMSFALKAAEELGIPEVQFWTASACGFMAYLHHAELIQKGIFPFKLDTRVDWIPGMRNIRLKDLPSFIRTTNHIMFHFARTETQNCLKASAIIFNTFDAFEHEVLEAIASK;True;True;11;0.054182235
C1=CC(=CC=C1C=CC2=CC(=CC(=C2)O)O)O;MDPKNTRKPHIVCVPFPAQGHVIPMMQLAKLLHSKGFCITFVNTEFNHRRLVRSKGEDWAKGFDDFWFETISDGPPSNPDATQNPTMLCYHVPKHCLAPFRHLLAKLNEVPPVTCIISDGIMSFALKAAEELGIPEVQFWTASACGFMAYLHHAELIQKGIFPFKLDTRVDWIPGMRNIRLKDLPSFIRTTNHIMFHFARTETQNCLKASAIIFNTFDAFEHEVLEAIASK;True;False;0;0.04127879
CC(=CCNC1=NC=NC2=C1NC=N2)CO;MDPKNTRKPHIVCVPFPAQGHVIPMMQLAKLLHSKGFCITFVNTEFNHRRLVRSKGEDWAKGFDDFWFETISDGPPSNPDATQNPTMLCYHVPKHCLAPFRHLLAKLNEVPPVTCIISDGIMSFALKAAEELGIPEVQFWTASACGFMAYLHHAELIQKGIFPFKLDTRVDWIPGMRNIRLKDLPSFIRTTNHIMFHFARTETQNCLKASAIIFNTFDAFEHEVLEAIASK;True;False;0;0.10654654
CC1=CCCC(C1C=CC(C)O)(C)C;MDSSQLHVAIVSSPGMGHLIPVLVLGNRLATHHNIKITILAITTTSSSAETEFLKKLTNEEKTIEIIPVPSVDISHLISSTKIFTQLRLLVREALPKIHSTIASMTHRPDALIVDIFCTQILPIAEEFNISKYTYHPTTAWTLALAIYCQVFDKEIEGEYVELKEPLKIPGCKALRPDDVVDPLLDRSDQQYEEYVKLGKEYTDFDGILINTWEDLEPETINALRYNELL;True;False;0;0.13193698
CC1=CCCC(C1C=CC(C)O)(C)C;QLHIFFFPMMAHGHMIPTLDMAKLFASRGVKATIITTPLNESVFSKAIQRNKHLEIEIRLIKFPAVENDLPEECERDEKLPNFFKAVAMMQEPLEKLIQECRPNCLVSDMFLPWTTDSAAKFNIPRIVFHGTSFFALCVENSVRLNKPFKNVSSDSETFVVPNLPKLTRTQVSPFERSGETAMTRMIKTVRESDSKSYGVVFNSFYELETDYVEHYTKVL;True;False;0;0.0562876
CC1=CCCC(C1C=CC(C)O)(C)C;QLHFFFFPMMAQGHMIPTLDMAKLVASRGVKATIITTPLNESVFSKSIQRNKHLEIEIRLIKFPAIENDLPEECERDEKLPNFFKATAMMQEPLEQLIEECRPNCLVSDMFLPWTTDSAAKFNIPRIVFHGTSFFALCVENSVRLNKPFKNVSSDSETFVVPNLPKLTRTQVSPFEQSGETTMARMIKTVWESDSRSYGVVFNSFYELETDYVEHYTKVL;True;False;0;0.057996023
CC1=CCCC(C1C=CC(C)O)(C)C;TKPHAVCIPYPAQGHINPMLKLAKILHHKGFHITFVNTEFNHRRLLKSRGPDSLKGLSSFRFETIRDGPPCEADATQDIPSLCESTTTTCLGPFKDLLAKLNNVPPVSCIVSDGVMSFTLAAAQELGVPEVLFWTTSACGLLGYMHYYKVIEKGYAPLKLETTLDFIPGMKDVRLRDLPSFLRTTDEFMIKFVLQETQRARKASAIILNTFETLEAEVLETLRNL;True;False;0;0.024861725
CC1=CCC(CC1)C(C)(C)O;AKEKPHAVFVPFPAQGHINPMLQLAKLLNYKGFHITFVNTEFNHKRMLESQGSHALDGLPSFRFETIPDGPPADADARRNLPLVCDSTSKTCLAPFEALLTKLNDSPPVTCIVADGVTSFTLDAAEHFGIPEVLFWTTSACGLMGYVQYYRLIEKGLTPFKLDTEIDWIPGMKDVRLKDMPSFIRTTNDIMLHYMVSETERSKKASAIILNTFDALEQEVVDALSTL;True;False;0;0.17115465
CC1=C(C(CCC1)(C)C)C=CC(C)O;MDSSQLHVAIVSSPGMGHLIPVLVLGNRLATHHNIKITILAITTTSSSAETEFLKKLTNEEKTIEIIPVPSVDISHLISSTKIFTQLRLLVREALPKIHSTIASMTHRPDALIVDIFCTQILPIAEEFNISKYTYHPTTAWTLALAIYCQVFDKEIEGEYVELKEPLKIPGCKALRPDDVVDPLLDRSDQQYEEYVKLGKEYTDFDGILINTWEDLEPETINALRYNELL;True;False;0;0.11029666
CC1=C(C(CCC1)(C)C)C=CC(C)O;QLHIFFFPMMAHGHMIPTLDMAKLFASRGVKATIITTPLNESVFSKAIQRNKHLEIEIRLIKFPAVENDLPEECERDEKLPNFFKAVAMMQEPLEKLIQECRPNCLVSDMFLPWTTDSAAKFNIPRIVFHGTSFFALCVENSVRLNKPFKNVSSDSETFVVPNLPKLTRTQVSPFERSGETAMTRMIKTVRESDSKSYGVVFNSFYELETDYVEHYTKVL;True;False;0;0.13881221
CC1=C(C(CCC1)(C)C)C=CC(C)O;QLHFFFFPMMAQGHMIPTLDMAKLVASRGVKATIITTPLNESVFSKSIQRNKHLEIEIRLIKFPAIENDLPEECERDEKLPNFFKATAMMQEPLEQLIEECRPNCLVSDMFLPWTTDSAAKFNIPRIVFHGTSFFALCVENSVRLNKPFKNVSSDSETFVVPNLPKLTRTQVSPFEQSGETTMARMIKTVWESDSRSYGVVFNSFYELETDYVEHYTKVL;True;False;0;0.08731511
CC1=C(C(CCC1)(C)C)C=CC(C)O;TKPHAVCIPYPAQGHINPMLKLAKILHHKGFHITFVNTEFNHRRLLKSRGPDSLKGLSSFRFETIRDGPPCEADATQDIPSLCESTTTTCLGPFKDLLAKLNNVPPVSCIVSDGVMSFTLAAAQELGVPEVLFWTTSACGLLGYMHYYKVIEKGYAPLKLETTLDFIPGMKDVRLRDLPSFLRTTDEFMIKFVLQETQRARKASAIILNTFETLEAEVLETLRNL;True;False;0;0.011567878
CC1=C(C=C(C=C1[N+](=O)[O-])[N+](=O)[O-])NO;NREQIHILFFPFMAHGHMIPLLDMAKLFARRGAKSTLLTTPINAKILEKPIEAFKVQNPGIKILNFPCVELGLPEGCENRDFINSYQKSDSFDLKQQLESFIETTKPSALVADMFFPWATESAEKIGVPRLVFHGTSSFALCCSYNMRIHKPHKKVASSSTPFVIPGLPDIVITEDQANVTNEETPFGKFWKEVRESETSSFGVLVNSFYELESSYADFYRSFV;True;False;0;0.025735887
CC1=C(C=C(C=C1[N+](=O)[O-])NO)[N+](=O)[O-];NREQIHILFFPFMAHGHMIPLLDMAKLFARRGAKSTLLTTPINAKILEKPIEAFKVQNPGIKILNFPCVELGLPEGCENRDFINSYQKSDSFDLKQQLESFIETTKPSALVADMFFPWATESAEKIGVPRLVFHGTSSFALCCSYNMRIHKPHKKVASSSTPFVIPGLPDIVITEDQANVTNEETPFGKFWKEVRESETSSFGVLVNSFYELESSYADFYRSFV;True;False;0;0.07696107
CC1=C(C=C(C=C1[N+](=O)[O-])[N+](=O)[O-])NO;MASEFRPPLHFVLFPFMAQGHMIPMVDIARLLAQRGVTITIVTTPQNAGRFKNVLSRAIQSGLPINLVQVKPSQESGSPEGQENSLTFFKAFSLLEEPVEKLLIQPRPNCIIADMCLPYTNRIAKNLGIPKIIFHGMCCFNLLCTHIMHQNHEFLETIESDKEYFPIPNFPEFTKSQLPMVLVAGDWKDFLDGMTEGDNTSYGVIVNTFEELEPAYVRDYKKVK;True;False;0;0.097923025
CC1=C(C=C(C=C1[N+](=O)[O-])NO)[N+](=O)[O-];MASEFRPPLHFVLFPFMAQGHMIPMVDIARLLAQRGVTITIVTTPQNAGRFKNVLSRAIQSGLPINLVQVKPSQESGSPEGQENSLTFFKAFSLLEEPVEKLLIQPRPNCIIADMCLPYTNRIAKNLGIPKIIFHGMCCFNLLCTHIMHQNHEFLETIESDKEYFPIPNFPEFTKSQLPMVLVAGDWKDFLDGMTEGDNTSYGVIVNTFEELEPAYVRDYKKVK;True;False;0;0.13305694
C1C(=O)C2=C(C=C(C=C2OC1(C3=CC=C(C=C3)O)O)O)O;GRRPHVVLIPSAGMGHLVPFGRLAVALSSGHGCDVSLVTVLPTVSTAESKHLDALFDAFPAVRRLDFEPFDASEFPGADPFFLRFEAMRRSAPLLGPLLTGAGASALATDIALSVVIPVAKEQGLPCHILFTASAAMLSLCAYFPTYLDANAGGGGGVGDVDIPGVYRIPKASIPQALHDPNHLFTRQFVANGRSLTSAAGILVNTFDALEPEAVAALQQGKSG;True;False;0;0.034605384
C1C(=O)C2=C(C=C(C=C2OC1(C3=CC(=C(C=C3)O)O)O)O)O;GRRPHVVLIPSAGMGHLVPFGRLAVALSSGHGCDVSLVTVLPTVSTAESKHLDALFDAFPAVRRLDFEPFDASEFPGADPFFLRFEAMRRSAPLLGPLLTGAGASALATDIALSVVIPVAKEQGLPCHILFTASAAMLSLCAYFPTYLDANAGGGGGVGDVDIPGVYRIPKASIPQALHDPNHLFTRQFVANGRSLTSAAGILVNTFDALEPEAVAALQQGKSG;True;False;0;0.03388811
C1=CC(=CC=C1CCC(=O)C2=C(C=C(C=C2O)O)O)O;GRRPHVVLIPSAGMGHLVPFGRLAVALSSGHGCDVSLVTVLPTVSTAESKHLDALFDAFPAVRRLDFEPFDASEFPGADPFFLRFEAMRRSAPLLGPLLTGAGASALATDIALSVVIPVAKEQGLPCHILFTASAAMLSLCAYFPTYLDANAGGGGGVGDVDIPGVYRIPKASIPQALHDPNHLFTRQFVANGRSLTSAAGILVNTFDALEPEAVAALQQGKSG;True;True;1;0.10539823
C1C(=O)C2=C(C=C(C=C2OC1(C3=CC=CC=C3)O)O)O;GRRPHVVLIPSAGMGHLVPFGRLAVALSSGHGCDVSLVTVLPTVSTAESKHLDALFDAFPAVRRLDFEPFDASEFPGADPFFLRFEAMRRSAPLLGPLLTGAGASALATDIALSVVIPVAKEQGLPCHILFTASAAMLSLCAYFPTYLDANAGGGGGVGDVDIPGVYRIPKASIPQALHDPNHLFTRQFVANGRSLTSAAGILVNTFDALEPEAVAALQQGKSG;True;False;0;0.030991063
C1=CC=C(C=C1)C(=O)C=CC2C(C=C(C=C2O)O)O;GRRPHVVLIPSAGMGHLVPFGRLAVALSSGHGCDVSLVTVLPTVSTAESKHLDALFDAFPAVRRLDFEPFDASEFPGADPFFLRFEAMRRSAPLLGPLLTGAGASALATDIALSVVIPVAKEQGLPCHILFTASAAMLSLCAYFPTYLDANAGGGGGVGDVDIPGVYRIPKASIPQALHDPNHLFTRQFVANGRSLTSAAGILVNTFDALEPEAVAALQQGKSG;True;False;0;0.031464785
C1=CC=C(C=C1)C(=O)C2=C(C=C(C=C2O)O)O;GRRPHVVLIPSAGMGHLVPFGRLAVALSSGHGCDVSLVTVLPTVSTAESKHLDALFDAFPAVRRLDFEPFDASEFPGADPFFLRFEAMRRSAPLLGPLLTGAGASALATDIALSVVIPVAKEQGLPCHILFTASAAMLSLCAYFPTYLDANAGGGGGVGDVDIPGVYRIPKASIPQALHDPNHLFTRQFVANGRSLTSAAGILVNTFDALEPEAVAALQQGKSG;True;False;0;0.24756075
C1C(=O)C2=C(C=C(C=C2OC1(C3=CC=C(C=C3)O)O)O)O;SARPHVVLLPSAGMGHLVPFARLAVALSEGHGCNVSVAAVQPTVSSAESRLLDALFVAAPAVRRLDFRPFDESEFPGADPFFLRFEATRRSAPLLGPLLDAAEASALVTDIVLSVALPVARERGVPCYVLFTSSAAMLSLCAYFPAYLDAHAAAVGVGVGNVDIPGVFRIPKSSVPQALHDPDHLFTQQFVANGRCLVACDGILVNTFDAFEPDAVTALRQGSGG;True;False;0;0.047463853
C1C(=O)C2=C(C=C(C=C2OC1(C3=CC=C(C=C3)O)O)O)O;NDQPHVVVCSGAGMGHLTPFLNLASALSSAPNCKVTLLIVIPLITDAESHHISSFFSSHPTIHRLDFHVNPAPKPNVDPFFLRYKSISDSAHRLPVHLSALSPPISAVFSDFLFTQGLNTTLPHLPNYTFTTTSARFFTLMSYVPHLAKSSSSSPVEIPGLEPFPTDNIPPPFFNPEHIFTSFTISNAKYFSLSKGILVNTFDSFEPETLSALNSGDSD;True;False;0;0.012430211
C1C(=O)C2=C(C=C(C=C2OC1(C3=CC(=C(C=C3)O)O)O)O)O;NDQPHVVVCSGAGMGHLTPFLNLASALSSAPNCKVTLLIVIPLITDAESHHISSFFSSHPTIHRLDFHVNPAPKPNVDPFFLRYKSISDSAHRLPVHLSALSPPISAVFSDFLFTQGLNTTLPHLPNYTFTTTSARFFTLMSYVPHLAKSSSSSPVEIPGLEPFPTDNIPPPFFNPEHIFTSFTISNAKYFSLSKGILVNTFDSFEPETLSALNSGDSD;True;False;0;0.013494499
C1C(=O)C2=C(C=C(C=C2OC1(C3=CC=CC=C3)O)O)O;NDQPHVVVCSGAGMGHLTPFLNLASALSSAPNCKVTLLIVIPLITDAESHHISSFFSSHPTIHRLDFHVNPAPKPNVDPFFLRYKSISDSAHRLPVHLSALSPPISAVFSDFLFTQGLNTTLPHLPNYTFTTTSARFFTLMSYVPHLAKSSSSSPVEIPGLEPFPTDNIPPPFFNPEHIFTSFTISNAKYFSLSKGILVNTFDSFEPETLSALNSGDSD;True;False;0;0.010086691
C1=CC(=CC=C1CCC(=O)C2=C(C=C(C=C2O)O)O)O;NDQPHVVVCSGAGMGHLTPFLNLASALSSAPNCKVTLLIVIPLITDAESHHISSFFSSHPTIHRLDFHVNPAPKPNVDPFFLRYKSISDSAHRLPVHLSALSPPISAVFSDFLFTQGLNTTLPHLPNYTFTTTSARFFTLMSYVPHLAKSSSSSPVEIPGLEPFPTDNIPPPFFNPEHIFTSFTISNAKYFSLSKGILVNTFDSFEPETLSALNSGDSD;True;True;1;0.038721073
C1=CC=C(C=C1)CC(=O)C2=C(C=C(C=C2O)O)O;NDQPHVVVCSGAGMGHLTPFLNLASALSSAPNCKVTLLIVIPLITDAESHHISSFFSSHPTIHRLDFHVNPAPKPNVDPFFLRYKSISDSAHRLPVHLSALSPPISAVFSDFLFTQGLNTTLPHLPNYTFTTTSARFFTLMSYVPHLAKSSSSSPVEIPGLEPFPTDNIPPPFFNPEHIFTSFTISNAKYFSLSKGILVNTFDSFEPETLSALNSGDSD;True;False;0;0.03528572
CC(=O)C1=C(C=C(C=C1O)O)O;NDQPHVVVCSGAGMGHLTPFLNLASALSSAPNCKVTLLIVIPLITDAESHHISSFFSSHPTIHRLDFHVNPAPKPNVDPFFLRYKSISDSAHRLPVHLSALSPPISAVFSDFLFTQGLNTTLPHLPNYTFTTTSARFFTLMSYVPHLAKSSSSSPVEIPGLEPFPTDNIPPPFFNPEHIFTSFTISNAKYFSLSKGILVNTFDSFEPETLSALNSGDSD;True;False;0;0.055727925
C1=C(C=C(C(=C1O)C=O)O)O;NDQPHVVVCSGAGMGHLTPFLNLASALSSAPNCKVTLLIVIPLITDAESHHISSFFSSHPTIHRLDFHVNPAPKPNVDPFFLRYKSISDSAHRLPVHLSALSPPISAVFSDFLFTQGLNTTLPHLPNYTFTTTSARFFTLMSYVPHLAKSSSSSPVEIPGLEPFPTDNIPPPFFNPEHIFTSFTISNAKYFSLSKGILVNTFDSFEPETLSALNSGDSD;True;False;0;0.03640097
C1C(=O)C2=C(C=C(C=C2OC1(C3=CC=C(C=C3)O)O)O)O;NEQPHVVVCSGAGMGHLIPFLNLASTLSSAPRCKVTLLIVIPLITDAESHHISSFFSSHPTIHRLDFHVNPAPKPNVDPFFLRYKSISDSAHRLPVHLSTLAPPISAVFSDFLFTQGLNTTLPHLPNYTFTTTSARFFTLMSYVPHLAKSSSSSPVEIPGLEPFPTDNIPPPFFNPDHIFTSFTISNANYLSLSKGIIVNTFDSFEPETLSALNSGDPD;True;False;0;0.012488048
C1C(=O)C2=C(C=C(C=C2OC1(C3=CC(=C(C=C3)O)O)O)O)O;NEQPHVVVCSGAGMGHLIPFLNLASTLSSAPRCKVTLLIVIPLITDAESHHISSFFSSHPTIHRLDFHVNPAPKPNVDPFFLRYKSISDSAHRLPVHLSTLAPPISAVFSDFLFTQGLNTTLPHLPNYTFTTTSARFFTLMSYVPHLAKSSSSSPVEIPGLEPFPTDNIPPPFFNPDHIFTSFTISNANYLSLSKGIIVNTFDSFEPETLSALNSGDPD;True;False;0;0.0086124325
C1C(=O)C2=C(C=C(C=C2OC1(C3=CC=CC=C3)O)O)O;NEQPHVVVCSGAGMGHLIPFLNLASTLSSAPRCKVTLLIVIPLITDAESHHISSFFSSHPTIHRLDFHVNPAPKPNVDPFFLRYKSISDSAHRLPVHLSTLAPPISAVFSDFLFTQGLNTTLPHLPNYTFTTTSARFFTLMSYVPHLAKSSSSSPVEIPGLEPFPTDNIPPPFFNPDHIFTSFTISNANYLSLSKGIIVNTFDSFEPETLSALNSGDPD;True;False;0;0.014854351
C1=CC(=CC=C1CCC(=O)C2=C(C=C(C=C2O)O)O)O;NEQPHVVVCSGAGMGHLIPFLNLASTLSSAPRCKVTLLIVIPLITDAESHHISSFFSSHPTIHRLDFHVNPAPKPNVDPFFLRYKSISDSAHRLPVHLSTLAPPISAVFSDFLFTQGLNTTLPHLPNYTFTTTSARFFTLMSYVPHLAKSSSSSPVEIPGLEPFPTDNIPPPFFNPDHIFTSFTISNANYLSLSKGIIVNTFDSFEPETLSALNSGDPD;True;True;1;0.07142919
C1=CC=C(C=C1)CC(=O)C2=C(C=C(C=C2O)O)O;NEQPHVVVCSGAGMGHLIPFLNLASTLSSAPRCKVTLLIVIPLITDAESHHISSFFSSHPTIHRLDFHVNPAPKPNVDPFFLRYKSISDSAHRLPVHLSTLAPPISAVFSDFLFTQGLNTTLPHLPNYTFTTTSARFFTLMSYVPHLAKSSSSSPVEIPGLEPFPTDNIPPPFFNPDHIFTSFTISNANYLSLSKGIIVNTFDSFEPETLSALNSGDPD;True;False;0;0.07895182
CC(=O)C1=C(C=C(C=C1O)O)O;NEQPHVVVCSGAGMGHLIPFLNLASTLSSAPRCKVTLLIVIPLITDAESHHISSFFSSHPTIHRLDFHVNPAPKPNVDPFFLRYKSISDSAHRLPVHLSTLAPPISAVFSDFLFTQGLNTTLPHLPNYTFTTTSARFFTLMSYVPHLAKSSSSSPVEIPGLEPFPTDNIPPPFFNPDHIFTSFTISNANYLSLSKGIIVNTFDSFEPETLSALNSGDPD;True;False;0;0.052610718
C1=C(C=C(C(=C1O)C=O)O)O;NEQPHVVVCSGAGMGHLIPFLNLASTLSSAPRCKVTLLIVIPLITDAESHHISSFFSSHPTIHRLDFHVNPAPKPNVDPFFLRYKSISDSAHRLPVHLSTLAPPISAVFSDFLFTQGLNTTLPHLPNYTFTTTSARFFTLMSYVPHLAKSSSSSPVEIPGLEPFPTDNIPPPFFNPDHIFTSFTISNANYLSLSKGIIVNTFDSFEPETLSALNSGDPD;True;False;0;0.04004537
C1C(=O)C2=C(C=C(C=C2OC1(C3=CC=C(C=C3)O)O)O)O;EGVVHVAFLPSAGMGHLNPFLRLAATFIRYGCKVTLITPKPTVSLAESNLISRFCSSFPQVTQLDLNSVDPTTVDTIDPFFLQFETIRRSLHLLPPILSLLSTPLSAFIYDITLTPLLSVIEKLSCPSYLYFTSSARMFSFFARVSVLSASNPGQTPIGDDGVKIPGFTPIPRSSVPPAILQASNLFQRIMLEDSANVKLNNGVFINSFEELEGEALAALNGGKEG;True;False;0;0.013339851
C1=CC(=CC=C1C2=CC(=O)C3=C(C=C(C=C3O2)O)O)O;GSLTNDNLHIFLVCFIGQGVVNPMLRLGKAFASKGLLVTLSAPEIVGTEIRKANNLNDDQPMIRFEFFDDGESVNGSKPFDVWVYINHLDQTGRQKLPIMLKKHETGTPVSCLILNPLVPWVADVADSLQIPCATLWVQSCASFSAYYHYHHGLVPFPTESEPEIDVQLPGMPLLKYDEVPDYLHPRYPFFGTNILGQFKNLSKNFCILMDTFYELEHEIIDNMCKL;True;True;2;0.028051423
C1=CC(=C(C=C1C2=CC(=O)C3=C(C=C(C=C3O2)O)O)O)O;GSLTNDNLHIFLVCFIGQGVVNPMLRLGKAFASKGLLVTLSAPEIVGTEIRKANNLNDDQPMIRFEFFDDGESVNGSKPFDVWVYINHLDQTGRQKLPIMLKKHETGTPVSCLILNPLVPWVADVADSLQIPCATLWVQSCASFSAYYHYHHGLVPFPTESEPEIDVQLPGMPLLKYDEVPDYLHPRYPFFGTNILGQFKNLSKNFCILMDTFYELEHEIIDNMCKL;True;True;6;0.09443977
C1=CC(=C(C=C1C(=O)C2=C(C=C(C=C2O)O)O)O)O;MSASDNSCPHVALLLSSGMGHLTPCLRFAATLVQHHCRVTIITNYPTVSVAESRAISLLLSDFPQITEKQFHPFDPSTANTTDPFFLRWEAIRRSAHLLNPLLSSISPPLSALVIDSSLSSFVPVAANLDLPSYVLFTSSTRMCSLEETFPAFVASKTFDSIQLDDVIEIPGFSPVPVSSVPPVFLNLNHLFTTMLIQNGQSFRKANGILINTFEALEGGILPGINDKRDG;True;False;0;0.083668195
C1=C(C=C2C(=C1O)C(=O)C3=CC(=C(C=C3O2)O)O)O;MSASDNSCPHVALLLSSGMGHLTPCLRFAATLVQHHCRVTIITNYPTVSVAESRAISLLLSDFPQITEKQFHPFDPSTANTTDPFFLRWEAIRRSAHLLNPLLSSISPPLSALVIDSSLSSFVPVAANLDLPSYVLFTSSTRMCSLEETFPAFVASKTFDSIQLDDVIEIPGFSPVPVSSVPPVFLNLNHLFTTMLIQNGQSFRKANGILINTFEALEGGILPGINDKRDG;True;False;0;0.05255609
C1=CC(=CC=C1CCC(=O)C2=C(C=C(C=C2O)O)O)O;MSASDNSCPHVALLLSSGMGHLTPCLRFAATLVQHHCRVTIITNYPTVSVAESRAISLLLSDFPQITEKQFHPFDPSTANTTDPFFLRWEAIRRSAHLLNPLLSSISPPLSALVIDSSLSSFVPVAANLDLPSYVLFTSSTRMCSLEETFPAFVASKTFDSIQLDDVIEIPGFSPVPVSSVPPVFLNLNHLFTTMLIQNGQSFRKANGILINTFEALEGGILPGINDKRDG;True;True;1;0.056485195
C1C(=O)C2=C(C=C(C=C2OC1(C3=CC=C(C=C3)O)O)O)O;SDSGDSHPHVALIPSAGMGHLTPFLRLAASLVQHHCRVTLITTYPTVSLAETQHVSHFLSAYPQVTEKRFHPFDPNSANATDPFFLRWEAIRRSAHLLAPLLSPPLSALITDVTLSAVLPVTINLHLPNYVLFTASARMFSLTASFPAIVASKSTSVEFDDDFIEIPGLPPIPLSSVPPAVMDSKSLFATSFLENGNSFVKSNGVLINSFDALEADTLVALNGRRAG;True;False;0;0.016929073
C1C(=O)C2=C(C=C(C=C2OC1(C3=CC=CC=C3)O)O)O;SDSGDSHPHVALIPSAGMGHLTPFLRLAASLVQHHCRVTLITTYPTVSLAETQHVSHFLSAYPQVTEKRFHPFDPNSANATDPFFLRWEAIRRSAHLLAPLLSPPLSALITDVTLSAVLPVTINLHLPNYVLFTASARMFSLTASFPAIVASKSTSVEFDDDFIEIPGLPPIPLSSVPPAVMDSKSLFATSFLENGNSFVKSNGVLINSFDALEADTLVALNGRRAG;True;False;0;0.020954441
C1=CC(=CC=C1CCC(=O)C2=C(C=C(C=C2O)O)O)O;SDSGDSHPHVALIPSAGMGHLTPFLRLAASLVQHHCRVTLITTYPTVSLAETQHVSHFLSAYPQVTEKRFHPFDPNSANATDPFFLRWEAIRRSAHLLAPLLSPPLSALITDVTLSAVLPVTINLHLPNYVLFTASARMFSLTASFPAIVASKSTSVEFDDDFIEIPGLPPIPLSSVPPAVMDSKSLFATSFLENGNSFVKSNGVLINSFDALEADTLVALNGRRAG;True;True;1;0.029413022
C1=CC=C(C=C1)CC(=O)C2=C(C=C(C=C2O)O)O;SDSGDSHPHVALIPSAGMGHLTPFLRLAASLVQHHCRVTLITTYPTVSLAETQHVSHFLSAYPQVTEKRFHPFDPNSANATDPFFLRWEAIRRSAHLLAPLLSPPLSALITDVTLSAVLPVTINLHLPNYVLFTASARMFSLTASFPAIVASKSTSVEFDDDFIEIPGLPPIPLSSVPPAVMDSKSLFATSFLENGNSFVKSNGVLINSFDALEADTLVALNGRRAG;True;False;0;0.0058946833
C1=CC(=C(C=C1C(=O)C2=C(C=C(C=C2O)O)O)O)O;SDSGDSHPHVALIPSAGMGHLTPFLRLAASLVQHHCRVTLITTYPTVSLAETQHVSHFLSAYPQVTEKRFHPFDPNSANATDPFFLRWEAIRRSAHLLAPLLSPPLSALITDVTLSAVLPVTINLHLPNYVLFTASARMFSLTASFPAIVASKSTSVEFDDDFIEIPGLPPIPLSSVPPAVMDSKSLFATSFLENGNSFVKSNGVLINSFDALEADTLVALNGRRAG;True;False;0;0.01630575
CC(=O)C1=C(C=C(C=C1O)O)O;SDSGDSHPHVALIPSAGMGHLTPFLRLAASLVQHHCRVTLITTYPTVSLAETQHVSHFLSAYPQVTEKRFHPFDPNSANATDPFFLRWEAIRRSAHLLAPLLSPPLSALITDVTLSAVLPVTINLHLPNYVLFTASARMFSLTASFPAIVASKSTSVEFDDDFIEIPGLPPIPLSSVPPAVMDSKSLFATSFLENGNSFVKSNGVLINSFDALEADTLVALNGRRAG;True;False;0;0.02841762
C1=C(C=C(C(=C1O)C=O)O)O;SDSGDSHPHVALIPSAGMGHLTPFLRLAASLVQHHCRVTLITTYPTVSLAETQHVSHFLSAYPQVTEKRFHPFDPNSANATDPFFLRWEAIRRSAHLLAPLLSPPLSALITDVTLSAVLPVTINLHLPNYVLFTASARMFSLTASFPAIVASKSTSVEFDDDFIEIPGLPPIPLSSVPPAVMDSKSLFATSFLENGNSFVKSNGVLINSFDALEADTLVALNGRRAG;True;False;0;0.027604487
C1C(=O)C2=C(C=C(C(=C2O)C3C(C(C(C(O3)CO)O)O)O)O)OC1(C4=CC=C(C=C4)O)O;SDSGDSHPHVALIPSAGMGHLTPFLRLAASLVQHHCRVTLITTYPTVSLAETQHVSHFLSAYPQVTEKRFHPFDPNSANATDPFFLRWEAIRRSAHLLAPLLSPPLSALITDVTLSAVLPVTINLHLPNYVLFTASARMFSLTASFPAIVASKSTSVEFDDDFIEIPGLPPIPLSSVPPAVMDSKSLFATSFLENGNSFVKSNGVLINSFDALEADTLVALNGRRAG;True;False;0;0.0014042218
C1=CC(=CC=C1CCC(=O)C2=C(C=C(C(=C2O)C3C(C(C(C(O3)CO)O)O)O)O)O)O;SDSGDSHPHVALIPSAGMGHLTPFLRLAASLVQHHCRVTLITTYPTVSLAETQHVSHFLSAYPQVTEKRFHPFDPNSANATDPFFLRWEAIRRSAHLLAPLLSPPLSALITDVTLSAVLPVTINLHLPNYVLFTASARMFSLTASFPAIVASKSTSVEFDDDFIEIPGLPPIPLSSVPPAVMDSKSLFATSFLENGNSFVKSNGVLINSFDALEADTLVALNGRRAG;True;False;0;0.0050085993
C1=CC(=CC=C1CCC(=O)C2=C(C=C(C=C2OC3C(C(C(C(O3)CO)O)O)O)O)O)O;SDSGDSHPHVALIPSAGMGHLTPFLRLAASLVQHHCRVTLITTYPTVSLAETQHVSHFLSAYPQVTEKRFHPFDPNSANATDPFFLRWEAIRRSAHLLAPLLSPPLSALITDVTLSAVLPVTINLHLPNYVLFTASARMFSLTASFPAIVASKSTSVEFDDDFIEIPGLPPIPLSSVPPAVMDSKSLFATSFLENGNSFVKSNGVLINSFDALEADTLVALNGRRAG;True;False;0;0.19660549
C1C(=O)C2=C(C=C(C=C2OC1(C3=CC=C(C=C3)O)O)O)O;SDSGDSHPHVALIPSAGMGHLTPFLRLAASLVQHHCRVTLITTYPTVSLAETQHVSHFLSAYPQVTEKRFHPFDPNSANATDPFLLRWEAIRRSAHLLAPLLSPPLSALITDVTLSAVLPVTINLHLPNYVLFTASAKMFSLTASFPAIVASKSTSVEFDDDFIEIPGLPPIPLSSVPPAVMDSKSLFATSFLENGNSFVKSNGVLINSFDALEADTLVALNGRRAG;True;False;0;0.013749981
C1C(=O)C2=C(C=C(C=C2OC1(C3=CC=CC=C3)O)O)O;SDSGDSHPHVALIPSAGMGHLTPFLRLAASLVQHHCRVTLITTYPTVSLAETQHVSHFLSAYPQVTEKRFHPFDPNSANATDPFLLRWEAIRRSAHLLAPLLSPPLSALITDVTLSAVLPVTINLHLPNYVLFTASAKMFSLTASFPAIVASKSTSVEFDDDFIEIPGLPPIPLSSVPPAVMDSKSLFATSFLENGNSFVKSNGVLINSFDALEADTLVALNGRRAG;True;False;0;0.01713319
C1=CC(=CC=C1CCC(=O)C2=C(C=C(C=C2O)O)O)O;SDSGDSHPHVALIPSAGMGHLTPFLRLAASLVQHHCRVTLITTYPTVSLAETQHVSHFLSAYPQVTEKRFHPFDPNSANATDPFLLRWEAIRRSAHLLAPLLSPPLSALITDVTLSAVLPVTINLHLPNYVLFTASAKMFSLTASFPAIVASKSTSVEFDDDFIEIPGLPPIPLSSVPPAVMDSKSLFATSFLENGNSFVKSNGVLINSFDALEADTLVALNGRRAG;True;True;1;0.03183571
C1=CC=C(C=C1)CC(=O)C2=C(C=C(C=C2O)O)O;SDSGDSHPHVALIPSAGMGHLTPFLRLAASLVQHHCRVTLITTYPTVSLAETQHVSHFLSAYPQVTEKRFHPFDPNSANATDPFLLRWEAIRRSAHLLAPLLSPPLSALITDVTLSAVLPVTINLHLPNYVLFTASAKMFSLTASFPAIVASKSTSVEFDDDFIEIPGLPPIPLSSVPPAVMDSKSLFATSFLENGNSFVKSNGVLINSFDALEADTLVALNGRRAG;True;False;0;0.006162899
C1=CC(=C(C=C1C(=O)C2=C(C=C(C=C2O)O)O)O)O;SDSGDSHPHVALIPSAGMGHLTPFLRLAASLVQHHCRVTLITTYPTVSLAETQHVSHFLSAYPQVTEKRFHPFDPNSANATDPFLLRWEAIRRSAHLLAPLLSPPLSALITDVTLSAVLPVTINLHLPNYVLFTASAKMFSLTASFPAIVASKSTSVEFDDDFIEIPGLPPIPLSSVPPAVMDSKSLFATSFLENGNSFVKSNGVLINSFDALEADTLVALNGRRAG;True;False;0;0.014207599
CC(=O)C1=C(C=C(C=C1O)O)O;SDSGDSHPHVALIPSAGMGHLTPFLRLAASLVQHHCRVTLITTYPTVSLAETQHVSHFLSAYPQVTEKRFHPFDPNSANATDPFLLRWEAIRRSAHLLAPLLSPPLSALITDVTLSAVLPVTINLHLPNYVLFTASAKMFSLTASFPAIVASKSTSVEFDDDFIEIPGLPPIPLSSVPPAVMDSKSLFATSFLENGNSFVKSNGVLINSFDALEADTLVALNGRRAG;True;False;0;0.026141383
C1=C(C=C(C(=C1O)C=O)O)O;SDSGDSHPHVALIPSAGMGHLTPFLRLAASLVQHHCRVTLITTYPTVSLAETQHVSHFLSAYPQVTEKRFHPFDPNSANATDPFLLRWEAIRRSAHLLAPLLSPPLSALITDVTLSAVLPVTINLHLPNYVLFTASAKMFSLTASFPAIVASKSTSVEFDDDFIEIPGLPPIPLSSVPPAVMDSKSLFATSFLENGNSFVKSNGVLINSFDALEADTLVALNGRRAG;True;False;0;0.019860024
C1C(=O)C2=C(C=C(C(=C2O)C3C(C(C(C(O3)CO)O)O)O)O)OC1(C4=CC=C(C=C4)O)O;SDSGDSHPHVALIPSAGMGHLTPFLRLAASLVQHHCRVTLITTYPTVSLAETQHVSHFLSAYPQVTEKRFHPFDPNSANATDPFLLRWEAIRRSAHLLAPLLSPPLSALITDVTLSAVLPVTINLHLPNYVLFTASAKMFSLTASFPAIVASKSTSVEFDDDFIEIPGLPPIPLSSVPPAVMDSKSLFATSFLENGNSFVKSNGVLINSFDALEADTLVALNGRRAG;True;False;0;0.0015477807
C1=CC(=CC=C1CCC(=O)C2=C(C=C(C(=C2O)C3C(C(C(C(O3)CO)O)O)O)O)O)O;SDSGDSHPHVALIPSAGMGHLTPFLRLAASLVQHHCRVTLITTYPTVSLAETQHVSHFLSAYPQVTEKRFHPFDPNSANATDPFLLRWEAIRRSAHLLAPLLSPPLSALITDVTLSAVLPVTINLHLPNYVLFTASAKMFSLTASFPAIVASKSTSVEFDDDFIEIPGLPPIPLSSVPPAVMDSKSLFATSFLENGNSFVKSNGVLINSFDALEADTLVALNGRRAG;True;False;0;0.0057815863
C1=CC(=CC=C1CCC(=O)C2=C(C=C(C=C2OC3C(C(C(C(O3)CO)O)O)O)O)O)O;SDSGDSHPHVALIPSAGMGHLTPFLRLAASLVQHHCRVTLITTYPTVSLAETQHVSHFLSAYPQVTEKRFHPFDPNSANATDPFLLRWEAIRRSAHLLAPLLSPPLSALITDVTLSAVLPVTINLHLPNYVLFTASAKMFSLTASFPAIVASKSTSVEFDDDFIEIPGLPPIPLSSVPPAVMDSKSLFATSFLENGNSFVKSNGVLINSFDALEADTLVALNGRRAG;True;False;0;0.18851942
C1=CC(=CC=C1C2=COC3=C(C2=O)C=CC(=C3)O)O;RYEVVFIAIPTLGNLVPQVEFANLLTKHDRFSATILTVSMPQRPLMNTYVQARASSAANIKLLQLPIVDPPAPEQYQTLVGFLSLHMQNHKHHVKHALLNLMNSVRLAAIFVDMFSTTLIDVAAELAVPCYLFFASPASCLGFTLDLPRFDLAESKSEFTVPCFKLLPRSVFPNLVLDAKDGTFWLSYHARRYKETKGIVINTLQELETHALQSLHNDSQ;True;False;0;0.12158283
C1=CC(=CC=C1C2=COC3=CC(=CC(=C3C2=O)O)O)O;RYEVVFIAIPTLGNLVPQVEFANLLTKHDRFSATILTVSMPQRPLMNTYVQARASSAANIKLLQLPIVDPPAPEQYQTLVGFLSLHMQNHKHHVKHALLNLMNSVRLAAIFVDMFSTTLIDVAAELAVPCYLFFASPASCLGFTLDLPRFDLAESKSEFTVPCFKLLPRSVFPNLVLDAKDGTFWLSYHARRYKETKGIVINTLQELETHALQSLHNDSQ;True;False;0;0.013377125
C1=CC(=CC=C1C2=CC(=O)C3=C(C=C(C=C3O2)O)O)O;MEKSNTSKPHVFLLASPGMGHLIPFLELSKRLVTLNTLQVTLFIVSNEATKARSHLMESSNNFHPDLELVDLTPANLSELSTDATVFKRIFLITQAAIKDLESRISSMSTPPAALIVDVFSMDAFPVADRFGIKKYVFVTLNAWFLALTTYVRTLDREIEGEYVDLPEPIAIPGCKPLRPEDVFDPMLSRSSDGYRPYLGMSERLTKADGLLLNTWEALEPVSLKALRENEIM;True;True;2;0.0036268032
C1=CC(=C(C=C1C2=CC(=O)C3=C(C=C(C=C3O2)O)O)O)O;MEKSNTSKPHVFLLASPGMGHLIPFLELSKRLVTLNTLQVTLFIVSNEATKARSHLMESSNNFHPDLELVDLTPANLSELSTDATVFKRIFLITQAAIKDLESRISSMSTPPAALIVDVFSMDAFPVADRFGIKKYVFVTLNAWFLALTTYVRTLDREIEGEYVDLPEPIAIPGCKPLRPEDVFDPMLSRSSDGYRPYLGMSERLTKADGLLLNTWEALEPVSLKALRENEIM;True;True;6;0.008975108
C1=CC(=CC=C1C2=CC(=O)C3=C(C=C(C=C3O2)O)O)O;TPNPIHVMLVSFQGQGSVSPLLRLGKLIASKGPVVTFVTTEFWGKKMRQANKIVDGELKPYIRFEFFDDGAEDDARRGDFDLYLSQLEQAGKRQVSKIVRRYEKNDPVSCLINNPFIPWVGHVAEEFNILYAVLWIQSCACFSTYYHYQNGSVSFPTETEPKLDVKLPCAPVLKHDEIPTFLHPSSSAMRQAALGIFENLSKPFCVLISSFDALEQEVIDYMSKL;True;True;2;0.040869616
C1=CC(=C(C=C1C2=CC(=O)C3=C(C=C(C=C3O2)O)O)O)O;TPNPIHVMLVSFQGQGSVSPLLRLGKLIASKGPVVTFVTTEFWGKKMRQANKIVDGELKPYIRFEFFDDGAEDDARRGDFDLYLSQLEQAGKRQVSKIVRRYEKNDPVSCLINNPFIPWVGHVAEEFNILYAVLWIQSCACFSTYYHYQNGSVSFPTETEPKLDVKLPCAPVLKHDEIPTFLHPSSSAMRQAALGIFENLSKPFCVLISSFDALEQEVIDYMSKL;True;True;6;0.10112923
C1=CC(=CC=C1CCC(=O)C2=C(C=C(C=C2O)O)O)O;TPNPIHVMLVSFQGQGSVSPLLRLGKLIASKGPVVTFVTTEFWGKKMRQANKIVDGELKPYIRFEFFDDGAEDDARRGDFDLYLSQLEQAGKRQVSKIVRRYEKNDPVSCLINNPFIPWVGHVAEEFNILYAVLWIQSCACFSTYYHYQNGSVSFPTETEPKLDVKLPCAPVLKHDEIPTFLHPSSSAMRQAALGIFENLSKPFCVLISSFDALEQEVIDYMSKL;True;True;1;0.11699682
C1=CC(=CC=C1C2=C(C(=O)C3=C(C=C(C=C3O2)O)O)O)O;TPNPIHVMLVSFQGQGSVSPLLRLGKLIASKGPVVTFVTTEFWGKKMRQANKIVDGELKPYIRFEFFDDGAEDDARRGDFDLYLSQLEQAGKRQVSKIVRRYEKNDPVSCLINNPFIPWVGHVAEEFNILYAVLWIQSCACFSTYYHYQNGSVSFPTETEPKLDVKLPCAPVLKHDEIPTFLHPSSSAMRQAALGIFENLSKPFCVLISSFDALEQEVIDYMSKL;True;False;0;0.002537249
C1=CC(=C(C=C1C2=C(C(=O)C3=C(C=C(C=C3O2)O)O)O)O)O;TPNPIHVMLVSFQGQGSVSPLLRLGKLIASKGPVVTFVTTEFWGKKMRQANKIVDGELKPYIRFEFFDDGAEDDARRGDFDLYLSQLEQAGKRQVSKIVRRYEKNDPVSCLINNPFIPWVGHVAEEFNILYAVLWIQSCACFSTYYHYQNGSVSFPTETEPKLDVKLPCAPVLKHDEIPTFLHPSSSAMRQAALGIFENLSKPFCVLISSFDALEQEVIDYMSKL;True;True;9;0.0054395227
C1C(OC2=CC(=CC(=C2C1=O)O)O)C3=CC=C(C=C3)O;TPNPIHVMLVSFQGQGSVSPLLRLGKLIASKGPVVTFVTTEFWGKKMRQANKIVDGELKPYIRFEFFDDGAEDDARRGDFDLYLSQLEQAGKRQVSKIVRRYEKNDPVSCLINNPFIPWVGHVAEEFNILYAVLWIQSCACFSTYYHYQNGSVSFPTETEPKLDVKLPCAPVLKHDEIPTFLHPSSSAMRQAALGIFENLSKPFCVLISSFDALEQEVIDYMSKL;True;False;0;0.011660543
C1=CC(=CC=C1CCC(=O)C2=C(C=C(C(=C2O)C3C(C(C(C(O3)CO)O)O)O)O)O)O;HPVVHVALLPSAGMGHLTPFLRLASLLLHQHCHVTLITPQPTVSKAEEDLLSRFLSAFPQVNQLHFHLPPSDSTISTDPFFLQFASIRSSSHLLTPLLSSLTPPLSSFIYDMTLSPLLPIAESLGVPHYILFTSSATMFSFFSYFPTLAKSESFPGKLDFVEIPGVSSIPRSSIPPPLLVPNSLFGKLFMEDSPKLKKLHGVLVNTFEGIEKLSLEALNGGKKG;True;False;0;0.015048601
C1=CC(=CC=C1CCC(=O)C2=C(C=C(C=C2O)O)O)O;GRRPHVVLIPSAGMGHLVPFGRLAVALSSGHGCDVSLVTVLPTVSTAESKHLDALFDAFPAVRRLDFEPFDASEFPGADPFFLRFEAMRRSAPLLGPLLTGAGASALATDIALSVVIPVAKEQGLPCHILFTASAAMLSLCAYFPTYLDANAGGGGGVGDVDIPGVYRIPKASIPQALHDPNHLFTRQFVANGRSLTSAAGILVNTFDALEPEAVAALQQGKSG;True;True;1;0.10539823
C1C(=O)C2=C(C=C(C=C2OC1(C3=CC=C(C=C3)O)O)O)O;GRRPHVVLIPSAGMGHLVPFGRLAVALSSGHGCDVSLVTVLPTVSTAESKHLDALFDAFPAVRRLDFEPFDASEFPGADPFFLRFEAMRRSAPLLGPLLTGAGASALATDIALSVVIPVAKEQGLPCHILFTASAAMLSLCAYFPTYLDANAGGGGGVGDVDIPGVYRIPKASIPQALHDPNHLFTRQFVANGRSLTSAAGILVNTFDALEPEAVAALQQGKSG;True;False;0;0.034605384
C1=CC(=CC=C1CCC(=O)C2=C(C=C(C=C2O)O)O)O;GRRPHVVLIPSAGMGHLVPFGRLAVALSSGHGCDVSLVTVLPTVSTAESKHLDALFDAFPAVRRLDFEPFDASEFPGADPFFLRFEAMRRSAPLLGPLLTGAGASALATDIALSVVIPVAKEQGLPCHILFTASAAMLSLCAYFPTYLDANAGGGGGVGDVDIPGVYRIPKASIPQALHDPNHLFTRQFVANGRSLTSAAGILVNTFDALEPEAVAALQQGKSG;True;True;1;0.10539823
C1=CC(=CC=C1CCC(=O)C2=C(C=C(C=C2O)O)O)O;GRRPHVVLIPSAGMGHLVPFGRLAVALSSGHGCDVSLVTVLPTVSTAESKHLDALFDAFPAVRRLDFEPFDASEFPGADPFFLRFEAMRRSAPLLGPLLTGAGASALATDIALSVVIPVAKEQGLPCHILFTASAAMLSLCAYFPTYLDANAGGGGGVGDVDIPGVYRIPKASIPQALHDPNHLFTRQFVANGRSLTSAAGILVNTFDALEPEAVAALQQGKSG;True;True;1;0.10539823
C1=CC(=CC=C1CCC(=O)C2=C(C=C(C=C2O)O)O)O;RARPHVVFVPSAGMGHLLPFFRFIGALSAHDVDISVVTVLPTVSAAENDHFARLFQDFPSIRRVDFNPLDASEFPGADPFLLRWEALRRSMHLLAPAIAGVSPRATAVVTDVTLSHVNAIAKDLQLQCHVLFISSATMMSFLSYFPIYLDNKDAQADVGDVDIPGVRRLKRSWLPQPLLDLDKLFTKQFIDNGREVVKTDGVLINTFDALEPVALAALRDGKRG;True;True;1;0.01696001
C1C(=O)C2=C(C=C(C=C2OC1(C3=CC=C(C=C3)O)O)O)O;RARPHVVFVPSAGMGHLLPFFRFIGALSAHDVDISVVTVLPTVSAAENDHFARLFQDFPSIRRVDFNPLDASEFPGADPFLLRWEALRRSMHLLAPAIAGVSPRATAVVTDVTLSHVNAIAKDLQLQCHVLFISSATMMSFLSYFPIYLDNKDAQADVGDVDIPGVRRLKRSWLPQPLLDLDKLFTKQFIDNGREVVKTDGVLINTFDALEPVALAALRDGKRG;True;False;0;0.025883717
C1=CC(=CC=C1CCC(=O)C2=C(C=C(C=C2O)O)O)O;ALPHVVLLPSAGMGHLVPFSRLAVSFSSSDGCGVSVVTVLPTVSSAESAHLDALFGACPAVRRLDFHRFDASEFPGADPFFLRFEAMRRSAPLLGPLLAGAGASALVTDIALSVVIPVARELRLPCYVLFTASAAMLSLCVHFPAYLDANAGGPVGDVDIPGVYRVPKASIPQALHHPEHLFTRQFVANGRELAKSDGLLVNSFDEFEPEAISALRDGSAG;True;True;1;0.03363553
C1=CC(=CC=C1CCC(=O)C2=C(C=C(C=C2O)O)O)O;PHPHVVLLPSAGMGHLVPFSRLAVSLSSPGGCGVSVATVLPTVSSAESAHLDALFGACPAVRRLDFHPFDASEFPGADPFFLRFEAMRRSAPLLGPLLAGAGASALVTDIALSVVIPVARDLRLPCYVLFTASAAMLSLCVHFPAYLDANAGGPVGDVGIPGVYRVPKASIPQALHHPEHLFTQQFVANGRELAKADGLLVNSFDAFEPEAIAALRNGSAG;True;True;1;0.034980807
C1C(=O)C2=C(C=C(C=C2OC1(C3=CC=C(C=C3)O)O)O)O;PHPHVVLLPSAGMGHLVPFSRLAVSLSSPGGCGVSVATVLPTVSSAESAHLDALFGACPAVRRLDFHPFDASEFPGADPFFLRFEAMRRSAPLLGPLLAGAGASALVTDIALSVVIPVARDLRLPCYVLFTASAAMLSLCVHFPAYLDANAGGPVGDVGIPGVYRVPKASIPQALHHPEHLFTQQFVANGRELAKADGLLVNSFDAFEPEAIAALRNGSAG;True;False;0;0.03088675
C1=CC(=CC=C1CCC(=O)C2=C(C=C(C=C2O)O)O)O;RARPHVVFVPSAGMGHLLPFFRFIGALSAHDVDISVVTVLPTVSAAENDHFARLFQDFPSIRRVDFNPLDASEFPGADPFLLRWEALRRSMHLLAPAIAGVSPRATAVVTDVTLSHVNAIAKDLQLQCHVLFISSATMMSFLSYFPIYLDNKDAQADVGDVDIPGVRRLKRSWLPQPLLDLDKLFTKQFIDNGREVVKTDGVLINTFDALEPVALAALRDGKRG;True;True;1;0.01696001
C1=CC(=CC=C1CCC(=O)C2=C(C=C(C=C2O)O)O)O;APRPRIVLLPSASMGHLAPFSRLAAALSSGHACDVSLVTVLPTVSSAESGQLDALFAAFPAVRRLDFQPLDAPELSGADPFYVHYEATRRSARLLAPLLAAADASVLVADISLSVLIPVASELRLPCYVFFTASATMFSFYAYYPTYLDAAGAGDADVPGVYRIPKSSFPQALHDRNNLFTQQFVANGRSLSKADGLLINTFDALEPEAVTALRQGSPG;True;True;1;0.060100373
C1=CC(=CC=C1CCC(=O)C2=C(C=C(C=C2O)O)O)O;GATPHVVLLPSAGMGHLVPFARLAVALSEGHGCDVSFAAVLPTVSSAESRHLRALFAAAPAVRRLDFRPFDESQFPGADPFFLRFEALRRSAPLLGPLLDAAQASALVTDIVLSVVLPVAKARGVPCYVLFTSSAAMLSLCAYFPAHLDANAAAGRLGVGDVDIPGVYRIPKSSVPQALHDPKHLFTQQFVANGRGLVAADGILVNTFDAFEPDAITALRQGSSD;True;True;1;0.025302742
C1C(=O)C2=C(C=C(C=C2OC1(C3=CC=C(C=C3)O)O)O)O;GATPHVVLLPSAGMGHLVPFARLAVALSEGHGCDVSFAAVLPTVSSAESRHLRALFAAAPAVRRLDFRPFDESQFPGADPFFLRFEALRRSAPLLGPLLDAAQASALVTDIVLSVVLPVAKARGVPCYVLFTSSAAMLSLCAYFPAHLDANAAAGRLGVGDVDIPGVYRIPKSSVPQALHDPKHLFTQQFVANGRGLVAADGILVNTFDAFEPDAITALRQGSSD;True;False;0;0.019405007
C1=CC(=CC=C1CCC(=O)C2=C(C=C(C=C2O)O)O)O;RGAPHVVLFPSAGMGHLVPFTRLAVALSAGHGCDISLVTAMPTVSSAESRHIAALCAAFPAIRQLDLDPFDASSFPGADPFYVRYEALRRAAPVLLGPLLAGAGASALVADIALSVAIPVARELHVPCFVFFTASATMFSLKAYFPTYLDAVGAGHGVGDVDVPGVYRIPSSSVPQALHDPDNIFTRQFVANGRALVTADGLLVNAFHAMEPEAVEALRGGSPG;True;True;1;0.046649616
C1=CC(=CC=C1CCC(=O)C2=C(C=C(C=C2O)O)O)O;GARPHVMFIPSAGMGHLLPFFRVIAALAAHDVVDISVVTVLPTVSAAEADHFASLFAALPRVSRVDFHPFDASSFPGHDPFLLRWEALRRSAHLFRPLIAGAAGPRVSAVVTDVTLSHVIPIAKELGVQCHVLFVSCATMLSLAAYTPVHLDKKNKGHGVGVGDVDIPGVRRIPQSYLPQPLLDLNKLFTKQFIDNGREIINADGFLVNTFDALEPVALAALRDGKAG;True;True;1;0.023754278
C1=CC(=CC=C1CCC(=O)C2=C(C=C(C=C2O)O)O)O;YDAPHILFIPSAGIGHLTPVFRVIAGFSSRGIDVSVVTVLPTVSAAETDYFNGLFADYPAVRRVDMHPLDASEFTREDPFFLRWEALRRSVHLLRPIITNAAPRITAIITDITLSCVIPIAKELDVPCHVLFPTAATMLSLNAYYPVYLEKLKGGPEVIGDAVDIPGVFRVPRSALPPALLDVNKLFTKQFIDNGRAIVKADGVLVNTFDAVEPAPLAALRGGKPG;True;True;1;0.046573818
C1=CC(=CC=C1CCC(=O)C2=C(C=C(C=C2O)O)O)O;RARPHVVFVPSAGMGHLLPFFRFIGALSAHDVDISVVTVLPTVSAAENDHFARLFQDFPSIRRVDFNPLDASEFPGADPFLLRWEALRRSMHLLAPAIAGVSPRATAVVTDVTLSHVNAIAKDLQLQCHVLFISSATMMSFLSYFPIYLDNKDAQADVGDVDIPGVRRLKRSWLPQPLLDLDKLFTKQFIDNGREVVKTDGVLINTFDALEPVALAALRDGKRG;True;True;1;0.01696001
C1=CC(=CC=C1CCC(=O)C2=C(C=C(C=C2O)O)O)O;SSRPHVVLLPSAGMGHLVPFTRLAAALCSGHGCDVSLVAAVPTVSSAEARHLAAHFTAFPAVRRLELDSLDVSEFAGADPFYVRYEAIRRSASLLAPLLAGGASAAASALVADIALSVVIPVAKDLRLPCYVFFTASATMFSFLAYLPTYLDANAGGGHAIGDVDVPGVCRVPTSSVPQALHDPDDIFTRQFIANARSLANADGLVVNAFDALEPEAVAALRQGTAG;True;True;1;0.048592042
C1=CC(=CC=C1CCC(=O)C2=C(C=C(C=C2O)O)O)O;SSRPHVVLLPSAGMGHLVPFTRLAAALCSGHGCDVSLVAAVPTVSSAEARHLAAHFTAFPAVRRLELDSLDVSEFAGADPFYVRYEAIRRSASLLAPLLAGGASAAASALVADIALSVVIPVAKDLRLPCYVFFTASATMFSFLAYLPTYLDANAGGGHAIGDVDVPGVCRVPTSSVPQALHDPDDIFTRQFIANARSLANADGLVVNAFDALEPEAVAALRQGTAG;True;True;1;0.048592042
C1=CC(=CC=C1CCC(=O)C2=C(C=C(C=C2O)O)O)O;GARPHVVLLPSAGMGHLVPFGRLAVALSAGHGCDVSVAAVLPTVSSAEARHLEALFAADPAVRRLDFRPFDASEFPGADPFFLRFEAMRRSAPLLGPLLATAGASAVVTDIVLSVVLPVARECGVPCYVLFTASAAMLAFCAHFPGYLDANSAAGRGVVGDVDIPGVYRIPKSSVPQALHDPKHLFTQQFVANGRGLVDADGILVNTFDALEPEAVTALRKGKSS;True;True;1;0.038941648
C1C(=O)C2=C(C=C(C=C2OC1(C3=CC=C(C=C3)O)O)O)O;GARPHVVLLPSAGMGHLVPFGRLAVALSAGHGCDVSVAAVLPTVSSAEARHLEALFAADPAVRRLDFRPFDASEFPGADPFFLRFEAMRRSAPLLGPLLATAGASAVVTDIVLSVVLPVARECGVPCYVLFTASAAMLAFCAHFPGYLDANSAAGRGVVGDVDIPGVYRIPKSSVPQALHDPKHLFTQQFVANGRGLVDADGILVNTFDALEPEAVTALRKGKSS;True;False;0;0.020306956
C1=CC(=CC=C1CCC(=O)C2=C(C=C(C=C2O)O)O)O;AATPHIVLFPSAGMGHLVPFTRLAVALSAGHCCDVSLVTALPTVSSAESCHIAALFAAFPAVRRLDLRPLDASSFPGADPFYVRYEALRRSTPLLLGPLLAGASASALVADIALSVAIPVARELRVPCYVFFTASATMLSFKAYFPTYLDANGGAGHSVGDVDVPGVCRVPRSSIPQALHDPDDIFTRQFVANGRALVAADGLLVNAFEAMEPEAVAALLGGSAS;True;True;1;0.11908579
C1=CC(=CC=C1CCC(=O)C2=C(C=C(C=C2O)O)O)O;GARPHVMFIPSAGMGHLLPFLRVIAALARHDDVDVSVVTVLPTVSAAEADHLAGLFAAFPRVRRADLHPFDASEFPGHDPFLLRWEALRRSAHLLRPLIACGAAPRVSAIVTDVTLSHVIPISKELNVQCHVHFISCATMLSLLAKAELGPGVGDVDIPGVRRIPESYLPQPLRDLNNVFTKQFIDNGREIINADGILVNTFDALEPAALAALRDGKPG;True;True;1;0.06278473
C1=CC(=CC=C1CCC(=O)C2=C(C=C(C=C2O)O)O)O;TSQPHVVLLPSAGMGHLVPFSRLAVALSSAHGCDVSLVTVLPTVSSAESSHLEALFGAFPAVRRLEFHDFDASEFPNADPFFLRFEAMRRSAPLLLGPLLARASATALVTDIALSVVIPVAKQLRLPCYVLFTASAAMLSLCVHFPAYLDANGNGLVGDVDIPGVYQIPKASVPQALHDPKHLFTRQFVANGRELAKSDGVLVNSFDAFEPEAIAALREGAGF;True;True;1;0.051511038
C1C(=O)C2=C(C=C(C=C2OC1(C3=CC=C(C=C3)O)O)O)O;TSQPHVVLLPSAGMGHLVPFSRLAVALSSAHGCDVSLVTVLPTVSSAESSHLEALFGAFPAVRRLEFHDFDASEFPNADPFFLRFEAMRRSAPLLLGPLLARASATALVTDIALSVVIPVAKQLRLPCYVLFTASAAMLSLCVHFPAYLDANGNGLVGDVDIPGVYQIPKASVPQALHDPKHLFTRQFVANGRELAKSDGVLVNSFDAFEPEAIAALREGAGF;True;False;0;0.030743256
C1=CC(=CC=C1CCC(=O)C2=C(C=C(C=C2O)O)O)O;PAPPHLVFVPSAGMGHLLPFTRFIADLANENVEISVVTALPTVSAAEAAHFADLFAAFPRIRRIDFNPFDESAFPGADPFLLRWESLRRSAQLLGPLIAAAVPRASAVVTDVTLSQVIPIAKELNLPCHILFISCATMLSLVAYFPVYLDGAKADHLVGDVDIPGVLRLPVSSPPQVLRNPDSLFTKQFIANGRTIAKSDGILVNTFRALEPEALSALNSGKPG;True;True;1;0.045315288
C1=CC(=CC=C1CCC(=O)C2=C(C=C(C=C2O)O)O)O;SSRPHVVLLPSAGMGHLVPFTRLAAALCSGHGCDVSLVAAVPTVSSAEARHLAAHFTAFPAVRRLELDSLDVSEFAGADPFYVRYEAIRRSASLLAPLLAGGASAAASALVADIALSVVIPVAKDLRLPCYVFFTASATMFSFLAYLPTYLDANAGGGHAIGDVDVPGVCRVPTSSVPQALHDPDDIFTRQFIANARSLANADGLVVNAFDALEPEAVAALRQGTAG;True;True;1;0.048592042
C1C(=O)C2=C(C=C(C=C2OC1(C3=CC=C(C=C3)O)O)O)O;SSRPHVVLLPSAGMGHLVPFTRLAAALCSGHGCDVSLVAAVPTVSSAEARHLAAHFTAFPAVRRLELDSLDVSEFAGADPFYVRYEAIRRSASLLAPLLAGGASAAASALVADIALSVVIPVAKDLRLPCYVFFTASATMFSFLAYLPTYLDANAGGGHAIGDVDVPGVCRVPTSSVPQALHDPDDIFTRQFIANARSLANADGLVVNAFDALEPEAVAALRQGTAG;True;False;0;0.015777444
C1=CC(=CC=C1CCC(=O)C2=C(C=C(C=C2O)O)O)O;SSRPHVVLLPSAGMGHLVPFTRLAAALCSGHGCDVSLVAAVPTVSSAEARHLAAHFTAFPAVRRLELDSLDVSEFAGADPFYVRYEAIRRSASLLAPLLAGGASAAASALVADIALSVVIPVAKDLRLPCYVFFTASATMFSFLAYLPTYLDANAGGGHAIGDVDVPGVCRVPTSSVPQALHDPDDIFTRQFIANARSLANADGLVVNAFDALEPEAVAALRQGTAG;True;True;1;0.048592042
C1=CC(=CC=C1CCC(=O)C2=C(C=C(C=C2O)O)O)O;SSRPHVVLLPSAGMGHLVPFTRLAAALCSGHGCDVSLVAAVPTVSSAEARHLAAHFTAFPAVRRLELDSLDVSEFAGADPFYVRYEAIRRSASLLAPLLAGGASAAASALVADIALSVVIPVAKDLRLPCYVFFTASATMFSFLAYLPTYLDANAGGGHAIGDVDVPGVCRVPTSSVPQALHDPDDIFTRQFIANARSLANADGLVVNAFDALEPEAVAALRQGTAG;True;True;1;0.048592042
C1C(=O)C2=C(C=C(C=C2OC1(C3=CC=C(C=C3)O)O)O)O;SSRPHVVLLPSAGMGHLVPFTRLAAALCSGHGCDVSLVAAVPTVSSAEARHLAAHFTAFPAVRRLELDSLDVSEFAGADPFYVRYEAIRRSASLLAPLLAGGASAAASALVADIALSVVIPVAKDLRLPCYVFFTASATMFSFLAYLPTYLDANAGGGHAIGDVDVPGVCRVPTSSVPQALHDPDDIFTRQFIANARSLANADGLVVNAFDALEPEAVAALRQGTAG;True;False;0;0.015777444
C1=CC(=CC=C1CCC(=O)C2=C(C=C(C=C2O)O)O)O;SSRPHVVLLPSAGMGHLVPFTRLAAALCSGHGCDVSLVAAVPTVSSAEARHLAAHFTAFPAVRRLELDSLDVSEFAGADPFYVRYEAIRRSASLLAPLLAGGASAAASALVADIALSVVIPVAKDLRLPCYVFFTASATMFSFLAYLPTYLDANAGGGHAIGDVDVPGVCRVPTSSVPQALHDPDDIFTRQFIANARSLANADGLVVNAFDALEPEAVAALRQGTAG;True;True;1;0.048592042
C1C(C(=O)OCC(C(=O)OCC(C(=O)O1)NC(=O)C2=C(C(=CC=C2)O)O)NC(=O)C3=C(C(=CC=C3)O)O)NC(=O)C4=C(C(=CC=C4)O)O;MRILFVGPPLYGLLYPVLSLAQAFRVNGHEVLIASGGQFAQKAAEAGLVVFDAAPGLDSEAGYRHHEAQRKKSNIGTQMGNFSFFSEEMADHLVEFAGHWRPDLIIYPPLGVIGPLIAAKYDIPVVMQTVGFGHTPWHIRGVTRSLTDAYRRHNVGATPRDMAWIDVTPPSMSILEND;True;False;0;0.009021422
CCCCCCCCCCCCCCCC(=O)OC(COC1C(C(C(C(O1)CO)O)O)O)COC(=O)CCCCCCCCCCCC;MRILFVGPPLYGLLYPVLSLAQAFRVNGHEVLIASGGQFAQKAAEAGLVVFDAAPGLDSEAGYRHHEAQRKKSNIGTQMGNFSFFSEEMADHLVEFAGHWRPDLIIYPPLGVIGPLIAAKYDIPVVMQTVGFGHTPWHIRGVTRSLTDAYRRHNVGATPRDMAWIDVTPPSMSILEND;True;False;0;0.10206043
C1C(C(=O)OCC(C(=O)OCC(C(=O)O1)NC(=O)C2=C(C(=CC(=C2)C3C(C(C(C(O3)CO)O)O)O)O)O)NC(=O)C4=C(C(=CC(=C4)C5C(C(C(C(O5)CO)O)O)O)O)O)NC(=O)C6=C(C(=CC=C6)O)O;MRILFVGPPLYGLLYPVLSLAQAFRVNGHEVLIASGGQFAQKAAEAGLVVFDAAPGLDSEAGYRHHEAQRKKSNIGTQMGNFSFFSEEMADHLVEFAGHWRPDLIIYPPLGVIGPLIAAKYDIPVVMQTVGFGHTPWHIRGVTRSLTDAYRRHNVGATPRDMAWIDVTPPSMSILEND;True;False;0;0.0048282715
CC1=C2C(=CC(=C1C(=O)O)O)C(=O)C3=C(C2=O)C(=CC(=C3)O)O;NGAEILALFPIHGISNYNVAEALLKTLANRGHNVTVVTSFPQKKPVPNLYEIDVSGAKGSIHFERLQTIIQDVKSNFKNMVRLSRTYCEIMSDSQAPLISILNARHTPWALHRMGNPSNPAYMPVIHSRFPVKMNFFQRMINTGWHLYFLYMYFYYGNGEDANKMARKFFGNDMPDINEMVFNTSLLFVNTHFSVDMPYPL;True;False;0;0.062137853
CC1=C2C(=CC(=C1C(=O)O)O)C(=O)C3=C(C2=O)C(=CC(=C3O)O)O;NGAEILALFPIHGISNYNVAEALLKTLANRGHNVTVVTSFPQKKPVPNLYEIDVSGAKGSIHFERLQTIIQDVKSNFKNMVRLSRTYCEIMSDSQAPLISILNARHTPWALHRMGNPSNPAYMPVIHSRFPVKMNFFQRMINTGWHLYFLYMYFYYGNGEDANKMARKFFGNDMPDINEMVFNTSLLFVNTHFSVDMPYPL;True;False;0;0.051124286
