smiles	fromCID	replacement
Clc1ccc(Cl)cc1	66	H
Fc1cc(Cl)ccc1Cl	66	F
Clc1ccc(Cl)c(Cl)c1	66	Cl
COc1cc(Cl)ccc1Cl	66	OMe
CC(=O)Oc1cc(Cl)ccc1Cl	66	OAc
COC(=O)c1ccccc1	72	H
COC(=O)c1ccc(F)cc1	72	F
COC(=O)c1ccc(Cl)cc1	72	Cl
COC(=O)c1ccc(OC)cc1	72	OMe
COC(=O)c1ccc(OC(C)=O)cc1	72	OAc
COC(=O)c1ccccc1	135	H
COC(=O)c1ccc(F)cc1	135	F
COC(=O)c1ccc(Cl)cc1	135	Cl
COC(=O)c1ccc(OC)cc1	135	OMe
COC(=O)c1ccc(OC(C)=O)cc1	135	OAc
Cc1ccccc1	244	H
FCc1ccccc1	244	F
ClCc1ccccc1	244	Cl
COCc1ccccc1	244	OMe
CC(=O)OCc1ccccc1	244	OAc
c1ccccc1	289	H
Fc1ccccc1	289	F
Clc1ccccc1	289	Cl
COc1ccccc1	289	OMe
CC(=O)Oc1ccccc1	289	OAc
O=C1CC(c2ccccc2)Oc2ccccc21	932	H
O=C1CC(c2ccccc2)Oc2cc(F)ccc21	932	F
O=C1CC(c2ccc(Cl)cc2)Oc2ccccc21	932	Cl
COc1ccc2c(c1)OC(c1ccccc1)CC2=O	932	OMe
CC(=O)Oc1ccc(C2CC(=O)c3ccccc3O2)cc1	932	OAc
c1ccccc1	996	H
Fc1ccccc1	996	F
Clc1ccccc1	996	Cl
COc1ccccc1	996	OMe
CC(=O)Oc1ccccc1	996	OAc
C=CCc1cccc(OC)c1	3314	H
C=CCc1ccc(F)c(OC)c1	3314	F
C=CCc1ccc(Cl)c(OC)c1	3314	Cl
C=CCc1ccc(OC)c(OC)c1	3314	OMe
C=CCc1ccc(OC(C)=O)c(OC)c1	3314	OAc
COC(=O)c1ccccc1	3469	H
COC(=O)c1cccc(F)c1	3469	F
COC(=O)c1ccccc1Cl	3469	Cl
COC(=O)c1cccc(OC)c1	3469	OMe
COC(=O)c1cccc(OC(C)=O)c1	3469	OAc
COC(=O)c1ccccc1	4133	H
COC(=O)c1ccccc1F	4133	F
COC(=O)c1ccccc1Cl	4133	Cl
COC(=O)c1ccccc1OC	4133	OMe
COC(=O)c1ccccc1OC(C)=O	4133	OAc
Clc1ccccc1	4684	H
Fc1ccc(Cl)cc1	4684	F
Clc1ccc(Cl)cc1	4684	Cl
COc1ccc(Cl)cc1	4684	OMe
CC(=O)Oc1ccc(Cl)cc1	4684	OAc
O=C(CCc1ccccc1)c1ccccc1	4788	H
O=C(CCc1ccccc1)c1ccc(F)cc1	4788	F
O=C(CCc1ccccc1)c1ccc(Cl)cc1	4788	Cl
COc1ccccc1C(=O)CCc1ccccc1	4788	OMe
CC(=O)Oc1ccccc1C(=O)CCc1ccccc1	4788	OAc
Cc1ccccc1	5146	H
FCc1ccccc1	5146	F
Cc1ccccc1Cl	5146	Cl
COCc1ccccc1	5146	OMe
CC(=O)Oc1ccccc1C	5146	OAc
Clc1ccc(Oc2ccc(Cl)cc2Cl)cc1	5564	H
Fc1cc(Cl)ccc1Oc1ccc(Cl)cc1Cl	5564	F
Clc1ccc(Oc2ccc(Cl)cc2Cl)c(Cl)c1	5564	Cl
COc1cc(Cl)ccc1Oc1ccc(Cl)cc1Cl	5564	OMe
CC(=O)Oc1cc(Cl)ccc1Oc1ccc(Cl)cc1Cl	5564	OAc
CCc1ccccc1	6054	H
FCCc1ccccc1	6054	F
ClCCc1ccccc1	6054	Cl
COCCc1ccccc1	6054	OMe
CC(=O)OCCc1ccccc1	6054	OAc
CC1CCCC(Oc2ccccc2C(=O)CCc2ccccc2)O1	6072	H
CC1CC(F)CC(Oc2ccccc2C(=O)CCc2ccccc2)O1	6072	F
CC1CCCC(Oc2cc(Cl)ccc2C(=O)CCc2ccccc2)O1	6072	Cl
COCC1CCCC(Oc2ccccc2C(=O)CCc2ccccc2)O1	6072	OMe
CC(=O)Oc1cccc(OC2CCCC(C)O2)c1C(=O)CCc1ccccc1	6072	OAc
C=CC(C)CCC=C(C)C	6549	H
C=CC(C)(F)CCC=C(C)C	6549	F
C=CC(C)(Cl)CCC=C(C)C	6549	Cl
C=CC(C)(CCC=C(C)C)OC	6549	OMe
C=CC(C)(CCC=C(C)C)OC(C)=O	6549	OAc
Clc1cc(Cl)cc(Cl)c1	6914	H
Fc1c(Cl)cc(Cl)cc1Cl	6914	F
Clc1cc(Cl)c(Cl)c(Cl)c1	6914	Cl
COc1c(Cl)cc(Cl)cc1Cl	6914	OMe
CC(=O)Oc1c(Cl)cc(Cl)cc1Cl	6914	OAc
Cc1ccc(C(C)C)cc1	6989	H
Cc1ccc(C(C)C)c(F)c1	6989	F
Cc1ccc(C(C)C)c(Cl)c1	6989	Cl
COc1cc(C)ccc1C(C)C	6989	OMe
CC(=O)Oc1cc(C)ccc1C(C)C	6989	OAc
CCc1ccccc1	6997	H
CCc1ccccc1F	6997	F
CCc1ccccc1Cl	6997	Cl
CCc1ccccc1OC	6997	OMe
CCc1ccccc1OC(C)=O	6997	OAc
O=Cc1ccccc1	6998	H
O=Cc1ccccc1F	6998	F
O=Cc1ccccc1Cl	6998	Cl
COc1ccccc1C=O	6998	OMe
CC(=O)Oc1ccccc1C=O	6998	OAc
c1ccc2ccccc2c1	7005	H
Fc1cccc2ccccc12	7005	F
Clc1cccc2ccccc12	7005	Cl
COc1cccc2ccccc12	7005	OMe
CC(=O)Oc1cccc2ccccc12	7005	OAc
COc1cccc(OC)c1	7041	H
COc1cccc(OC)c1F	7041	F
COc1cccc(OC)c1Cl	7041	Cl
COc1cccc(OC)c1OC	7041	OMe
COc1cccc(OC)c1OC(C)=O	7041	OAc
Clc1ccc(Cl)c(Cl)c1	7271	H
Fc1cc(Cl)c(Cl)cc1Cl	7271	F
Clc1cc(Cl)c(Cl)cc1Cl	7271	Cl
COc1cc(Cl)c(Cl)cc1Cl	7271	OMe
CC(=O)Oc1cc(Cl)c(Cl)cc1Cl	7271	OAc
O=C(OCc1ccccc1)c1ccccc1	8363	H
O=C(OCc1ccccc1)c1ccccc1F	8363	F
O=C(OCc1ccccc1)c1ccccc1Cl	8363	Cl
COc1ccccc1C(=O)OCc1ccccc1	8363	OMe
CC(=O)Oc1ccccc1C(=O)OCc1ccccc1	8363	OAc
Clc1cccc(Cl)c1	8449	H
Fc1ccc(Cl)cc1Cl	8449	F
Clc1ccc(Cl)c(Cl)c1	8449	Cl
COc1ccc(Cl)cc1Cl	8449	OMe
CC(=O)Oc1ccc(Cl)cc1Cl	8449	OAc
c1ccc(C2CCc3ccccc3O2)cc1	9064	H
Fc1ccc2c(c1)OC(c1ccccc1)CC2	9064	F
Clc1cccc(C2CCc3ccccc3O2)c1	9064	Cl
COc1ccc2c(c1)OC(c1ccccc1)CC2	9064	OMe
CC(=O)Oc1ccc(C2CCc3ccccc3O2)cc1	9064	OAc
COC(=O)C1(C)CCC2(C)CCC3(C)C(=CC(=O)C4C5(C)CCCC(C)(C)C5CCC43C)C2C1	10114	H
COC(=O)C1(C)CCC2(C)CCC3(C)C(=CC(=O)C4C5(C)CCC(F)C(C)(C)C5CCC43C)C2C1	10114	F
COC(=O)C1(C)CCC2(C)CCC3(C)C(=CC(=O)C4C5(C)CCC(Cl)C(C)(C)C5CCC43C)C2C1	10114	Cl
COC(=O)C1(C)CCC2(C)CCC3(C)C(=CC(=O)C4C5(C)CCC(OC)C(C)(C)C5CCC43C)C2C1	10114	OMe
COC(=O)C1(C)CCC2(C)CCC3(C)C(=CC(=O)C4C5(C)CCC(OC(C)=O)C(C)(C)C5CCC43C)C2C1	10114	OAc
COC(=O)c1cc(OC)cc(OC)c1	10742	H
COC(=O)c1cc(OC)c(F)c(OC)c1	10742	F
COC(=O)c1cc(OC)c(Cl)c(OC)c1	10742	Cl
COC(=O)c1cc(OC)c(OC)c(OC)c1	10742	OMe
COC(=O)c1cc(OC)c(OC(C)=O)c(OC)c1	10742	OAc
Clc1ccccc1Cl	11334	H
Fc1cccc(Cl)c1Cl	11334	F
Clc1cccc(Cl)c1Cl	11334	Cl
COc1cccc(Cl)c1Cl	11334	OMe
CC(=O)Oc1cccc(Cl)c1Cl	11334	OAc
CC1=CCC(C(C)C)CC1	17100	H
CC1=CCC(C(C)(C)F)CC1	17100	F
CC1=CCC(C(C)(C)Cl)CC1	17100	Cl
COC(C)(C)C1CC=C(C)CC1	17100	OMe
CC(=O)OC(C)(C)C1CC=C(C)CC1	17100	OAc
CC1=CC(=O)C(C)O1	19309	H
CC1=C(F)C(=O)C(C)O1	19309	F
CC1=C(Cl)C(=O)C(C)O1	19309	Cl
COC1=C(C)OC(C)C1=O	19309	OMe
CC(=O)OC1=C(C)OC(C)C1=O	19309	OAc
Clc1cccc(Cl)c1Cl	27582	H
Fc1ccc(Cl)c(Cl)c1Cl	27582	F
Clc1ccc(Cl)c(Cl)c1Cl	27582	Cl
COc1ccc(Cl)c(Cl)c1Cl	27582	OMe
CC(=O)Oc1ccc(Cl)c(Cl)c1Cl	27582	OAc
COc1cccc(C2Oc3cc(C4CC(=O)c5ccccc5O4)ccc3OC2C)c1	31553	H
COc1cccc(C2Oc3cc(C4CC(=O)c5c(F)cccc5O4)ccc3OC2C)c1	31553	F
COc1cc(C2Oc3cc(C4CC(=O)c5ccccc5O4)ccc3OC2C)ccc1Cl	31553	Cl
COc1cccc(C2Oc3cc(C4CC(=O)c5c(OC)cccc5O4)ccc3OC2C)c1	31553	OMe
COc1cccc(C2Oc3cc(C4CC(=O)c5c(OC(C)=O)cccc5O4)ccc3OC2C)c1	31553	OAc
CCC1OC(C)=CC1=O	33931	H
CCC1OC(C)=C(F)C1=O	33931	F
CCC1OC(C)=C(Cl)C1=O	33931	Cl
CCC1OC(C)=C(OC)C1=O	33931	OMe
CCC1OC(C)=C(OC(C)=O)C1=O	33931	OAc
CCC(C)C(=O)OC1CC(C)C=C2C=CC(C)C(CCC3CCCC(=O)O3)C21	53232	H
CCC(C)C(=O)OC1CC(C)C=C2C=CC(C)C(CCC3CC(F)CC(=O)O3)C21	53232	F
CCC(C)C(=O)OC1CC(C)C=C2C=CC(C)C(CCC3CC(Cl)CC(=O)O3)C21	53232	Cl
CCC(C)C(=O)OC1CC(C)C=C2C=CC(C)C(CCC3CC(OC)CC(=O)O3)C21	53232	OMe
CCC(C)C(=O)OC1CC(C)C=C2C=CC(C)C(CCC3CC(OC(C)=O)CC(=O)O3)C21	53232	OAc
O=c1ccc2cc3ccoc3cc2o1	65090	H
O=c1ccc2cc3ccoc3c(F)c2o1	65090	F
O=c1ccc2cc3ccoc3c(Cl)c2o1	65090	Cl
COc1c2occc2cc2ccc(=O)oc12	65090	OMe
CC(=O)Oc1c2occc2cc2ccc(=O)oc12	65090	OAc
O=C1CC(c2ccccc2)Oc2ccccc21	68071	H
O=C1CC(c2ccccc2)Oc2cccc(F)c21	68071	F
O=C1CC(c2ccccc2)Oc2cccc(Cl)c21	68071	Cl
COc1ccc2c(c1)OC(c1ccccc1)CC2=O	68071	OMe
CC(=O)Oc1cccc2c1C(=O)CC(c1ccccc1)O2	68071	OAc
CC(=O)c1ccccc1	68073	H
CC(=O)c1ccccc1F	68073	F
CC(=O)c1ccc(Cl)cc1	68073	Cl
COc1ccc(C(C)=O)cc1	68073	OMe
CC(=O)Oc1ccc(C(C)=O)cc1	68073	OAc
O=Cc1ccccc1	68099	H
O=Cc1ccccc1F	68099	F
O=Cc1ccccc1Cl	68099	Cl
COc1ccc(C=O)cc1	68099	OMe
CC(=O)Oc1ccc(C=O)cc1	68099	OAc
O=C(c1ccccc1)c1ccccc1	68213	H
O=C(c1ccccc1)c1ccccc1F	68213	F
O=C(c1ccccc1)c1ccccc1Cl	68213	Cl
COc1ccc(C(=O)c2ccccc2)cc1	68213	OMe
CC(=O)Oc1ccc(C(=O)c2ccccc2)cc1	68213	OAc
[Cl-].c1ccc(-c2ccc3ccccc3[o+]2)cc1	68247	H
Fc1cc2ccccc2[o+]c1-c1ccccc1.[Cl-]	68247	F
Clc1cc2ccccc2[o+]c1-c1ccccc1.[Cl-]	68247	Cl
COc1ccc(-c2ccc3ccccc3[o+]2)cc1.[Cl-]	68247	OMe
CC(=O)Oc1ccc2ccc(-c3ccccc3)[o+]c2c1.[Cl-]	68247	OAc
c1ccc2c(c1)OCO2	68289	H
Fc1ccc2c(c1)OCO2	68289	F
Clc1ccc2c(c1)OCO2	68289	Cl
COc1ccc2c(c1)OCO2	68289	OMe
CC(=O)Oc1ccc2c(c1)OCO2	68289	OAc
O=C(c1ccccc1)c1ccccc1	77093	H
O=C(c1ccccc1)c1ccccc1F	77093	F
O=C(c1ccccc1)c1ccc(Cl)cc1	77093	Cl
COc1ccc(C(=O)c2ccccc2)cc1	77093	OMe
CC(=O)Oc1ccccc1C(=O)c1ccccc1	77093	OAc
O=C(OC1Cc2ccccc2OC1c1ccccc1)c1ccccc1	107905	H
O=C(OC1Cc2ccccc2OC1c1ccccc1)c1cccc(F)c1	107905	F
O=C(OC1Cc2ccccc2OC1c1cccc(Cl)c1)c1ccccc1	107905	Cl
COc1ccc2c(c1)OC(c1ccccc1)C(OC(=O)c1ccccc1)C2	107905	OMe
CC(=O)Oc1cccc(C(=O)OC2Cc3ccccc3OC2c2ccccc2)c1	107905	OAc
c1ccc(-c2ccc3ccccc3[o+]2)cc1	128861	H
Fc1ccc(-c2ccc3ccccc3[o+]2)cc1	128861	F
Clc1cc2ccccc2[o+]c1-c1ccccc1	128861	Cl
COc1cccc(-c2ccc3ccccc3[o+]2)c1	128861	OMe
CC(=O)Oc1cccc(-c2ccc3ccccc3[o+]2)c1	128861	OAc
CC(C)c1ccc2c(c1)CCC1C3=C(CCC21C)C(=O)OC3	173273	H
CC(C)c1ccc2c(c1F)CCC1C3=C(CCC21C)C(=O)OC3	173273	F
CC(C)c1ccc2c(c1Cl)CCC1C3=C(CCC21C)C(=O)OC3	173273	Cl
COc1c(C(C)C)ccc2c1CCC1C3=C(CCC21C)C(=O)OC3	173273	OMe
CC(=O)Oc1c(C(C)C)ccc2c1CCC1C3=C(CCC21C)C(=O)OC3	173273	OAc
CCC(=O)OC	439194	H
COC(=O)CCF	439194	F
COC(=O)C(C)Cl	439194	Cl
COCCC(=O)OC	439194	OMe
COC(=O)C(C)OC(C)=O	439194	OAc
O=C1CC(c2ccccc2)Oc2ccccc21	439533	H
O=C1CC(c2ccccc2)Oc2cc(F)ccc21	439533	F
O=C1CC(c2ccccc2)Oc2cc(Cl)ccc21	439533	Cl
COc1ccc(C2CC(=O)c3ccccc3O2)cc1	439533	OMe
CC(=O)Oc1cccc(C2CC(=O)c3ccccc3O2)c1	439533	OAc
C(=Cc1ccccc1)c1ccccc1	445154	H
Fc1cccc(C=Cc2ccccc2)c1	445154	F
Clc1cccc(C=Cc2ccccc2)c1	445154	Cl
COc1cccc(C=Cc2ccccc2)c1	445154	OMe
CC(=O)Oc1cccc(C=Cc2ccccc2)c1	445154	OAc
COC(=O)C=Cc1cccc(OC)c1	445858	H
COC(=O)C=Cc1ccc(F)c(OC)c1	445858	F
COC(=O)C=Cc1ccc(Cl)c(OC)c1	445858	Cl
COC(=O)C=Cc1ccc(OC)c(OC)c1	445858	OMe
COC(=O)C=Cc1ccc(OC(C)=O)c(OC)c1	445858	OAc
COC(=O)C=Cc1ccccc1	637540	H
COC(=O)C=Cc1ccccc1F	637540	F
COC(=O)C=Cc1ccccc1Cl	637540	Cl
COC(=O)C=Cc1ccccc1OC	637540	OMe
COC(=O)C=Cc1ccccc1OC(C)=O	637540	OAc
COC(=O)C=Cc1ccccc1	637541	H
COC(=O)C=Cc1cccc(F)c1	637541	F
COC(=O)C=Cc1cccc(Cl)c1	637541	Cl
COC(=O)C=Cc1cccc(OC)c1	637541	OMe
COC(=O)C=Cc1cccc(OC(C)=O)c1	637541	OAc
COC(=O)C=Cc1ccccc1	637542	H
COC(=O)C=Cc1ccc(F)cc1	637542	F
COC(=O)C=Cc1ccc(Cl)cc1	637542	Cl
COC(=O)C=Cc1ccc(OC)cc1	637542	OMe
COC(=O)C=Cc1ccc(OC(C)=O)cc1	637542	OAc
CC=C(C)CCC=C(C)C	637566	H
CC(C)=CCCC(C)=CCF	637566	F
CC(C)=CCCC(C)=CCCl	637566	Cl
COCC=C(C)CCC=C(C)C	637566	OMe
CC(=O)OCC=C(C)CCC=C(C)C	637566	OAc
COC(=O)C=Cc1cc(OC)cc(OC)c1	637775	H
COC(=O)C=Cc1cc(OC)c(F)c(OC)c1	637775	F
COC(=O)C=Cc1cc(OC)c(Cl)c(OC)c1	637775	Cl
COC(=O)C=Cc1cc(OC)c(OC)c(OC)c1	637775	OMe
COC(=O)C=Cc1cc(OC)c(OC(C)=O)c(OC)c1	637775	OAc
COC(=O)C=Cc1ccccc1	689043	H
COC(=O)C=Cc1ccc(F)cc1	689043	F
COC(=O)C=Cc1cccc(Cl)c1	689043	Cl
COC(=O)C=Cc1ccc(OC)cc1	689043	OMe
COC(=O)C=Cc1cccc(OC(C)=O)c1	689043	OAc
O=C(Cc1ccccc1)c1ccccc1	689111	H
O=C(Cc1ccccc1)c1ccccc1F	689111	F
O=C(Cc1ccccc1)c1ccccc1Cl	689111	Cl
COc1ccccc1C(=O)Cc1ccccc1	689111	OMe
CC(=O)Oc1ccc(C(=O)Cc2ccccc2)cc1	689111	OAc
CC=Cc1cccc(OC)c1	1549095	H
CC=Cc1ccc(F)c(OC)c1	1549095	F
COc1cccc(C=CCCl)c1	1549095	Cl
CC=Cc1ccc(OC)c(OC)c1	1549095	OMe
CC=Cc1ccc(OC(C)=O)c(OC)c1	1549095	OAc
FC(F)(F)c1cccc(Cl)c1	2736603	H
Fc1ccc(C(F)(F)F)cc1Cl	2736603	F
FC(F)(F)c1ccc(Cl)c(Cl)c1	2736603	Cl
COc1ccc(C(F)(F)F)cc1Cl	2736603	OMe
CC(=O)Oc1ccc(C(F)(F)F)cc1Cl	2736603	OAc
O=c1cc(-c2ccccc2)oc2ccccc12	5280343	H
O=c1cc(-c2cccc(F)c2)oc2ccccc12	5280343	F
O=c1cc(-c2ccc(Cl)cc2)oc2ccccc12	5280343	Cl
COc1cccc2oc(-c3ccccc3)cc(=O)c12	5280343	OMe
CC(=O)Oc1cccc2oc(-c3ccccc3)cc(=O)c12	5280343	OAc
O=c1ccc2cc3ccoc3cc2o1	5280371	H
O=c1ccc2c(F)c3ccoc3cc2o1	5280371	F
O=c1ccc2c(Cl)c3ccoc3cc2o1	5280371	Cl
COc1c2ccoc2cc2oc(=O)ccc12	5280371	OMe
CC(=O)Oc1c2ccoc2cc2oc(=O)ccc12	5280371	OAc
COc1ccc(-c2cc(=O)c3ccccc3o2)cc1	5280442	H
COc1ccc(-c2cc(=O)c3c(F)cccc3o2)cc1	5280442	F
COc1ccc(-c2cc(=O)c3c(Cl)cccc3o2)cc1	5280442	Cl
COc1ccc(-c2cc(=O)c3c(OC)cccc3o2)cc1	5280442	OMe
COc1ccc(-c2cc(=O)c3ccc(OC(C)=O)cc3o2)cc1	5280442	OAc
O=c1cc(-c2ccccc2)oc2ccccc12	5280443	H
O=c1cc(-c2ccccc2)oc2cc(F)ccc12	5280443	F
O=c1cc(-c2ccccc2)oc2cc(Cl)ccc12	5280443	Cl
COc1ccc(-c2cc(=O)c3ccccc3o2)cc1	5280443	OMe
CC(=O)Oc1ccc(-c2cc(=O)c3ccccc3o2)cc1	5280443	OAc
O=c1cc(-c2ccccc2)oc2ccccc12	5280445	H
O=c1cc(-c2ccccc2)oc2cccc(F)c12	5280445	F
O=c1cc(-c2cccc(Cl)c2)oc2ccccc12	5280445	Cl
COc1ccc2c(=O)cc(-c3ccccc3)oc2c1	5280445	OMe
CC(=O)Oc1ccc(-c2cc(=O)c3ccccc3o2)cc1	5280445	OAc
COc1ccc2oc(=O)ccc2c1	5280460	H
COc1cc2ccc(=O)oc2cc1F	5280460	F
COc1cc2ccc(=O)oc2cc1Cl	5280460	Cl
COc1cc2ccc(=O)oc2cc1OC	5280460	OMe
COc1cc2ccc(=O)oc2cc1OC(C)=O	5280460	OAc
Cc1cc(=O)oc2ccccc12	5280567	H
Cc1cc(=O)oc2cc(F)ccc12	5280567	F
Cc1cc(=O)oc2cc(Cl)ccc12	5280567	Cl
COc1ccc2c(C)cc(=O)oc2c1	5280567	OMe
CC(=O)Oc1ccc2c(C)cc(=O)oc2c1	5280567	OAc
O=c1cc(-c2ccccc2)oc2ccccc12	5280863	H
O=c1cc(-c2ccccc2)oc2cccc(F)c12	5280863	F
O=c1cc(-c2ccccc2)oc2cc(Cl)ccc12	5280863	Cl
COc1ccc(-c2cc(=O)c3ccccc3o2)cc1	5280863	OMe
CC(=O)Oc1ccc(-c2cc(=O)c3ccccc3o2)cc1	5280863	OAc
COC(=O)C=C(C)C=CC1C(C)=CC(=O)CC1(C)C	5280896	H
COC(=O)C=C(C)C=CC1(F)C(C)=CC(=O)CC1(C)C	5280896	F
COC(=O)C=C(C)C=CC1(Cl)C(C)=CC(=O)CC1(C)C	5280896	Cl
COC(=O)C=C(C)C=CC1(OC)C(C)=CC(=O)CC1(C)C	5280896	OMe
COC(=O)C=C(C)C=CC1(OC(C)=O)C(C)=CC(=O)CC1(C)C	5280896	OAc
O=c1c(-c2ccccc2)coc2ccccc12	5280961	H
O=c1c(-c2ccc(F)cc2)coc2ccccc12	5280961	F
O=c1c(-c2ccccc2)coc2cc(Cl)ccc12	5280961	Cl
COc1cccc2occ(-c3ccccc3)c(=O)c12	5280961	OMe
CC(=O)Oc1cccc2occ(-c3ccccc3)c(=O)c12	5280961	OAc
O=c1ccc2ccccc2o1	5281416	H
O=c1ccc2cc(F)ccc2o1	5281416	F
O=c1ccc2ccc(Cl)cc2o1	5281416	Cl
COc1ccc2oc(=O)ccc2c1	5281416	OMe
CC(=O)Oc1ccc2ccc(=O)oc2c1	5281416	OAc
O=c1ccc2ccccc2o1	5281426	H
O=c1ccc2ccc(F)cc2o1	5281426	F
O=c1ccc2ccc(Cl)cc2o1	5281426	Cl
COc1ccc2ccc(=O)oc2c1	5281426	OMe
CC(=O)Oc1ccc2ccc(=O)oc2c1	5281426	OAc
O=c1cc(-c2ccccc2)oc2ccccc12	5281605	H
O=c1cc(-c2ccccc2)oc2ccc(F)cc12	5281605	F
O=c1cc(-c2ccccc2)oc2ccc(Cl)cc12	5281605	Cl
COc1ccc2c(=O)cc(-c3ccccc3)oc2c1	5281605	OMe
CC(=O)Oc1ccc2oc(-c3ccccc3)cc(=O)c2c1	5281605	OAc
O=c1cc(-c2ccccc2)oc2ccccc12	5281607	H
O=c1cc(-c2ccccc2)oc2cccc(F)c12	5281607	F
O=c1cc(-c2ccccc2)oc2cc(Cl)ccc12	5281607	Cl
COc1cccc2oc(-c3ccccc3)cc(=O)c12	5281607	OMe
CC(=O)Oc1ccc2c(=O)cc(-c3ccccc3)oc2c1	5281607	OAc
O=c1cc(-c2ccccc2)oc2ccccc12	5281614	H
O=c1c(F)c(-c2ccccc2)oc2ccccc12	5281614	F
O=c1c(Cl)c(-c2ccccc2)oc2ccccc12	5281614	Cl
COc1ccc2c(=O)cc(-c3ccccc3)oc2c1	5281614	OMe
CC(=O)Oc1ccc2c(=O)cc(-c3ccccc3)oc2c1	5281614	OAc
O=c1c2ccccc2oc2ccccc12	5281656	H
O=c1c2ccccc2oc2cc(F)ccc12	5281656	F
O=c1c2ccccc2oc2cc(Cl)ccc12	5281656	Cl
COc1ccc2oc3ccccc3c(=O)c2c1	5281656	OMe
CC(=O)Oc1ccc2c(=O)c3ccccc3oc2c1	5281656	OAc
O=c1cc(-c2ccccc2)oc2ccccc12	5281672	H
O=c1cc(-c2ccc(F)cc2)oc2ccccc12	5281672	F
O=c1cc(-c2ccccc2)oc2cccc(Cl)c12	5281672	Cl
COc1ccc(-c2cc(=O)c3ccccc3o2)cc1	5281672	OMe
CC(=O)Oc1c(-c2ccccc2)oc2ccccc2c1=O	5281672	OAc
O=c1cc(-c2ccccc2)oc2ccccc12	5281701	H
O=c1cc(-c2ccccc2)oc2cccc(F)c12	5281701	F
O=c1cc(-c2ccc(Cl)cc2)oc2ccccc12	5281701	Cl
COc1ccc2c(=O)cc(-c3ccccc3)oc2c1	5281701	OMe
CC(=O)Oc1ccc2c(=O)cc(-c3ccccc3)oc2c1	5281701	OAc
COc1cccc2c(=O)cc(-c3ccccc3)oc12	5281703	H
COc1ccc(F)c2c(=O)cc(-c3ccccc3)oc12	5281703	F
COc1c(Cl)ccc2c(=O)cc(-c3ccccc3)oc12	5281703	Cl
COc1ccc2c(=O)cc(-c3ccccc3)oc2c1OC	5281703	OMe
COc1c(OC(C)=O)ccc2c(=O)cc(-c3ccccc3)oc12	5281703	OAc
O=c1c(-c2ccccc2)coc2ccccc12	5281708	H
O=c1c(-c2ccc(F)cc2)coc2ccccc12	5281708	F
O=c1c(-c2ccccc2)coc2cc(Cl)ccc12	5281708	Cl
COc1ccc2c(=O)c(-c3ccccc3)coc2c1	5281708	OMe
CC(=O)Oc1ccc2c(=O)c(-c3ccccc3)coc2c1	5281708	OAc
COc1ccc2oc(-c3ccccc3)cc(=O)c2c1	5320315	H
COc1cc2c(=O)cc(-c3ccccc3)oc2cc1F	5320315	F
COc1cc2c(=O)cc(-c3ccccc3)oc2cc1Cl	5320315	Cl
COc1ccc2oc(-c3ccccc3)cc(=O)c2c1OC	5320315	OMe
COc1ccc2oc(-c3ccccc3)cc(=O)c2c1OC(C)=O	5320315	OAc
CCCCCCCCCCCCCCCC(=O)OC(COC(=O)CCCCCCCCCCCC)COC1CCCC(C)O1	5327038	H
CCCCCCCCCCCCCCCC(=O)OC(COC(=O)CCCCCCCCCCCC)COC1OC(C)CCC1F	5327038	F
CCCCCCCCCCCCCCCC(=O)OC(COC(=O)CCCCCCCCCCCC)COC1CC(Cl)CC(C)O1	5327038	Cl
CCCCCCCCCCCCCCCC(=O)OC(COC(=O)CCCCCCCCCCCC)COC1CCC(OC)C(C)O1	5327038	OMe
CCCCCCCCCCCCCCCC(=O)OC(COC(=O)CCCCCCCCCCCC)COC1CC(OC(C)=O)CC(C)O1	5327038	OAc
COC(=O)c1cc2ccccc2oc1=O	5337757	H
COC(=O)c1cc2ccc(F)cc2oc1=O	5337757	F
COC(=O)c1cc2ccc(Cl)cc2oc1=O	5337757	Cl
COC(=O)c1cc2ccc(OC)cc2oc1=O	5337757	OMe
COC(=O)c1cc2ccc(OC(C)=O)cc2oc1=O	5337757	OAc
COC(=O)Cc1cc(=O)oc2ccccc12	5338490	H
COC(=O)Cc1cc(=O)oc2cc(F)ccc12	5338490	F
COC(=O)Cc1cc(=O)oc2cc(Cl)ccc12	5338490	Cl
COC(=O)Cc1cc(=O)oc2cc(OC)ccc12	5338490	OMe
COC(=O)Cc1cc(=O)oc2cc(OC(C)=O)ccc12	5338490	OAc
CCC=CC1C(C)=CCCC1(C)C	5363817	H
CC1=CCCC(C)(C)C1C=CC(C)F	5363817	F
CC1=CCCC(C)(C)C1C=CC(C)Cl	5363817	Cl
COC(C)C=CC1C(C)=CCCC1(C)C	5363817	OMe
CC(=O)OC(C)C=CC1C(C)=CCCC1(C)C	5363817	OAc
CCC=CC1C(C)=CC(=O)CC1(C)C	5370052	H
CC1=CC(=O)CC(C)(C)C1C=CC(C)F	5370052	F
CC1=CC(=O)CC(C)(C)C1C=CC(C)Cl	5370052	Cl
COC(C)C=CC1C(C)=CC(=O)CC1(C)C	5370052	OMe
CC(=O)OC(C)C=CC1C(C)=CC(=O)CC1(C)C	5370052	OAc
CCC=CC1=C(C)CCCC1(C)C	5373729	H
CC1=C(C=CC(C)F)C(C)(C)CCC1	5373729	F
CC1=C(C=CC(C)Cl)C(C)(C)CCC1	5373729	Cl
COC(C)C=CC1=C(C)CCCC1(C)C	5373729	OMe
CC(=O)OC(C)C=CC1=C(C)CCCC1(C)C	5373729	OAc
CC(=O)C=CC1=C(C)CCCC1(C)C	10176665	H
CC(=O)C=CC1=C(C)C(F)CCC1(C)C	10176665	F
CC(=O)C=CC1=C(C)C(Cl)CCC1(C)C	10176665	Cl
COC1CCC(C)(C)C(C=CC(C)=O)=C1C	10176665	OMe
CC(=O)C=CC1=C(C)C(OC(C)=O)CCC1(C)C	10176665	OAc
O=C(OCc1ccccc1)c1ccccc1	12731045	H
O=C(OCc1ccccc1F)c1ccccc1	12731045	F
O=C(OCc1ccccc1Cl)c1ccccc1	12731045	Cl
COc1ccccc1COC(=O)c1ccccc1	12731045	OMe
CC(=O)Oc1ccccc1COC(=O)c1ccccc1	12731045	OAc
CCC=CC1=C(C)CCCC1(C)C	14565843	H
CCC=CC1=C(C)C(F)CCC1(C)C	14565843	F
CC1=C(C=CC(C)Cl)C(C)(C)CCC1	14565843	Cl
COC(C)C=CC1=C(C)CCCC1(C)C	14565843	OMe
CCC=CC1=C(C)C(OC(C)=O)CCC1(C)C	14565843	OAc
O=C1CC(c2ccccc2)Oc2ccccc21	21611827	H
O=C1CC(c2ccccc2)Oc2cc(F)ccc21	21611827	F
O=C1CC(c2ccccc2)Oc2cccc(Cl)c21	21611827	Cl
COc1cccc2c1C(=O)CC(c1ccccc1)O2	21611827	OMe
CC(=O)Oc1ccc2c(c1)OC(c1ccccc1)CC2=O	21611827	OAc
CC1CCCC(c2cccc(C(=O)CCc3ccccc3)c2)O1	21722188	H
CC1CCCC(c2cccc(C(=O)CCc3ccc(F)cc3)c2)O1	21722188	F
CC1CCCC(c2cccc(C(=O)CCc3ccccc3)c2Cl)O1	21722188	Cl
COC1CCC(c2cccc(C(=O)CCc3ccccc3)c2)OC1C	21722188	OMe
CC(=O)Oc1c(C(=O)CCc2ccccc2)cccc1C1CCCC(C)O1	21722188	OAc
O=C1CC(c2ccccc2)Oc2ccccc21	21932272	H
O=C1CC(c2ccc(F)cc2)Oc2ccccc21	21932272	F
O=C1CC(c2ccc(Cl)cc2)Oc2ccccc21	21932272	Cl
COC1(c2ccccc2)CC(=O)c2ccccc2O1	21932272	OMe
CC(=O)Oc1cccc2c1C(=O)CC(c1ccccc1)O2	21932272	OAc
O=C1CC(c2ccccc2)Oc2ccccc21	42607887	H
O=C1CC(c2ccccc2)Oc2cccc(F)c21	42607887	F
O=C1CC(Cl)(c2ccccc2)Oc2ccccc21	42607887	Cl
COc1cccc2c1C(=O)CC(c1ccccc1)O2	42607887	OMe
CC(=O)OC1(c2ccccc2)CC(=O)c2ccccc2O1	42607887	OAc
O=C(C=CC1C=CC=CC1)c1ccccc1	68146761	H
O=C(C=CC1C=CC(F)=CC1)c1ccccc1	68146761	F
O=C(C=CC1CC=CC=C1Cl)c1ccccc1	68146761	Cl
COC1=CC=CCC1C=CC(=O)c1ccccc1	68146761	OMe
CC(=O)OC1=CC=CCC1C=CC(=O)c1ccccc1	68146761	OAc
O=C1CC(c2ccccc2)Oc2ccccc21	90657995	H
O=C1CC(F)(c2ccccc2)Oc2ccccc21	90657995	F
O=C1CC(Cl)(c2ccccc2)Oc2ccccc21	90657995	Cl
COc1cccc(C2CC(=O)c3ccccc3O2)c1	90657995	OMe
CC(=O)Oc1cccc2c1C(=O)CC(c1ccccc1)O2	90657995	OAc
CCC=CC1C(C)=CCCC1(C)C	91747288	H
CC1=CCCC(C)(C)C1C=CC(C)F	91747288	F
CCC=CC1C(C)=CCC(Cl)C1(C)C	91747288	Cl
COC(C)C=CC1C(C)=CCCC1(C)C	91747288	OMe
CCC=CC1C(C)=CCC(OC(C)=O)C1(C)C	91747288	OAc
CC=CC(=O)C1=CCCCC1(C)C	91749226	H
CC=CC(=O)C1=CCC(F)CC1(C)C	91749226	F
CC=CC(=O)C1=CCC(Cl)CC1(C)C	91749226	Cl
CC=CC(=O)C1=CCC(OC)CC1(C)C	91749226	OMe
CC=CC(=O)C1=CCC(OC(C)=O)CC1(C)C	91749226	OAc
CC1CCCC(c2ccc3c(c2)C(=O)CC(c2ccccc2)O3)O1	129320322	H
CC1CCCC(c2ccc3c(c2F)C(=O)CC(c2ccccc2)O3)O1	129320322	F
CC1CC(Cl)CC(c2ccc3c(c2)C(=O)CC(c2ccccc2)O3)O1	129320322	Cl
COC1(c2ccccc2)CC(=O)c2cc(C3CCCC(C)O3)ccc2O1	129320322	OMe
CC(=O)OC1CCC(c2ccc3c(c2)C(=O)CC(c2ccccc2)O3)OC1C	129320322	OAc
