enzyme	seq	acceptor	Family	Log_P	Accessible_Area	Volume	COOH	Num_OH	F3_OH	F_5OH	F6_OH	F7_OH	F13_OH	F14_OH	Cm6_OH	Cm7_OH	Ck3_N	Ck7_N	Ck_OH	Cn2_OH	Cn3_OH	Cn4_OH	rate
Fe_88J1	------EEAIVFYSAPGMGHIVSMAELANLIRRHRVSFTVIYGSQPFEPPTTTTAISQIANSSPSISFLHLPQHPINTFPARSPAAMAFESIRKSAPDFAESLRRIS-DAGTKIRSLVIDLFCGTALPIAAEQGIPVYYFFTSGSAALAAYLHMPTIHQRVGGRVFSPDLLIDIPGLPSIPADEMPEPLLDAKDPAYPEMVYFCECLQKSKGILVNTFDELEPVVTREAS-GACPAVYNIGPLI------EGSKDGDTSHETLSWLNTQPSGSVVFLCFGSRGRFTAAQTKAIAEGLERSGQRFIWVVRNPPDDNSSEIDLLPEGFLRRTKDIGIVVKWAPQVAVLSHDSVGGFVTHCGWNSVLEAVVAGKPMVAWPLYAEQHLNRAVLVKTMGMAVPVEQREGDRFVSGDELASRLIELMNSEKGKEMKEKSRLMRDKALAARNEGGSSMADLQKVVNEWMK---	CinnamicAcid	4	2.13	343.771	119.786	3.88	0	0	0	0	0	0	0	0	0	0	0	0	0	0	0	0.00086099519825489
Zm_15991	------APTVVLLPVWGAGHLMSMLDAGKRLLTRALSLTVLVMRAPTEQLAADLDAHIRRESGLDVRFVRLPAVQ-PPTHFHGIEEFISRLVQLHAPHVRAAISSLA----SPVAAVVMDFFCTALLDVTRELAVPAYVYFTASAGMLAFFLRLPSLHEEVTVQFEEMEGAVDVPGLPPVPPSSLPVPVMDKNHPNYTWFMYHGRRFAEADGIIVNTAAELEQSVLAAIADGRCPTVYPIGPVI---SFSPPPTNTEHPHECVRWLDTQPAASVVLLCFGSQGFSAAPQAHEIAHGLERSGHRFLWVLRGPHPSDANLSELLPDGFLERTKGRGLVWPKAPQKEILAHAAVGGFVTHGGWNSVLESLWFGVPMAPWPLYAEQHLNAFTLVAYVGVAVAMKVDRKRNFVEASELERAVKELMGGEEGRKAREKAMEMRDACRNAVEEGGSSYSSLRRLSEKICKV--	CinnamicAcid	4	2.13	343.771	119.786	3.88	0	0	0	0	0	0	0	0	0	0	0	0	0	0	0	0.00229408444020675
Fe_72B19	----GQPPHVVIFPSPGMGHLIPLTEFAKRLIPR-FTFTFAVPTAGEPSSAQRSFLSALPA---GIDSVFLPSVSMSDVPSDARITLMSIMVSRSLPSLRDLL--L---SRSPVAVLLVDLFGTDAFDVAFEVGITPYIFFPSTAMGLSLFLHLEKLDESVSCEYADLTEPVKIPGCVPVHGRDLLDPVQDRKNDAYKWVLHHCKRYKLAKGIIVNSFEAVERGAIRALVQAE-PAVYPVGPLV-------QTCSPEQPTECIKWLDRQPRGSVLFVNFGSGGTLSTEQQKELALGLARSEQRFLWVVRSPVDGESDPLQLLPSGFLDETAGRGLVVPWAPQIEVLSHGSTGGFLTHCGWNSILESVVHGVPLITWPLYAEQKMNAVMLTEDLKVGLRPVAGKDG-IIRGDEIARVVRELMEGEEGKRIKDRMVELKVAAKVALSEDGSSTKALIEIAKQWET---	CinnamicAcid	4	2.13	343.771	119.786	3.88	0	0	0	0	0	0	0	0	0	0	0	0	0	0	0	0.000979647873969797
Ct_71E5	--KTMTNSELVFIPSPGAGHLPPTVELAKLLLRRRLSITIIIMKAPFGGGAYDTA---KLDSTPRLRCVEIPSD-DSTAALISPTAFLTAFIDHHKPHVRNIVRESIPGGTVRLAGFVVDMFCVDMVDVANEFGAPTYAYFTSGAAMLGLMFHLQAKRDDDNLDVTNSRSVISVPSYINVPVNVLLDVL--FDKNGAKMFLDLAKRFRETKGIIVNSFRELESHAIEVLSDDPDPPVFPVGPIL----NLNSTTDDGKVDDIMTWLDEQPERSVVFLCFGSMGTFPEEQIREIASAIESGGHRFLWSLRRPPKEYEDPGEVLPEGFLERTSGVGRVIGWAPQLMVLSHRSVGSFVSHCGWNSTLESIWCGVPIAAWPMYAEQQTNAFQLVSEAGIAAEVRMDYRTNIVTAEEIERGIRRVM---SDGEIKRKAEEMKEKSRLAVSEGGSSYDSIGDFIHHVMN---	CinnamicAcid	4	2.13	343.771	119.786	3.88	0	0	0	0	0	0	0	0	0	0	0	0	0	0	0	0.00489114480798345
Zm_51683	------QRPVVLYPSPGMGHLVSMIELGKLLGARGLPVTIVVVEPPFNTGATAPFLAGVSAANPSISFHRLPKVERLPLVSTKHQALTFEVIRVSNPHLREFLAAAT------PAVLVVDFFCSIALDVAEELRVPAYFFFTSGAEVLAFFLHLPALHERATASFQMGEEPVQVPGIPPFPATHAILPVMERDDAAYDGFVKGCADLCRSQGVLVNTFRLLEQRAVETVAAGHCPPIYCIGPLI-----KSEEVLGKGGEECLAWLDAQPRASVVLLCFGSIGRFSAEQIREVAAGLEASRQRFLWVVRAPKPPEPDLDALLPEGFLARTKDRGLVVKWAPQRDVLAHASVGGFVTHCGWNSVLEAIMAGVPMVAWPLYAEQRLNRVFLEKEMQLAVAVAGYDSDKLVPAEEVAAKVRWIMDSEGGRMLRERTLAAMRQAKDALREGGESEATLAGLVDDWK----	CinnamicAcid	4	2.13	343.771	119.786	3.88	0	0	0	0	0	0	0	0	0	0	0	0	0	0	0	0.00219712977502608
Os_88C1	-----ARKPVVLYPSPGMGHLVSMIELGKVFAARGLAVTVVVVDPPYGNTGATPFLAGVTAANPAMTFHRLPKVEVPPVASKHHESLTFEVTRLSNPGLRDFLA------GASPVVLIIDFFCNAALDVADELGVPAYMFYTSGAEILAFFLYLPVLHAQTTANFGMGEELVHAPGIPSFPATHSVLPLMERDDPAYAEFLKASADLCRTQGFLVNTFRSLEPRAVETIAAGSCPPVYCIGPLI-----KSAEVGENRSEECLAWLDTQPNGSVVFLCFGSIGLFSAEQIKEVAAGLEASGQRFLWVVRSPKPPEPDLDALLPKGFLERTKGRGLVVKWAPQRDVLAHAAVGGFVTHCGWNSVLESIVAGVPMLAWPLYAEQRMNRVFLEKEMRLAVAVEGYDDDVTVKAEEVAAKVRWLMESDGGRALLERTLAAMRRAKAALRDGGESEVTLARLVESWRE---	CinnamicAcid	4	2.13	343.771	119.786	3.88	0	0	0	0	0	0	0	0	0	0	0	0	0	0	0	0.00206819299874109
Zm_43295	----KQQQTVILYPSPGVGHIVPMVQLAKVFLRHGCDVTMVIAEPAASSPDFRIVDLDRVASNPAITFHVLPPVPYADLAVPGKHLLTLQVLRRYNGELERFLRSVP---RERLHSLVVGMFCTDAVDVGAKLGVPVYTFFASAAATLAVVAQLPALLSGRRAGLKLGDTPLQFLGVPPFPASHLVRELLEDDDELCKTMVDVWKRCTDGSGVLVNTFESLESPAVQALRDPRCPPVYCVGPLIGTRAAAEQERAAETRHECLAWLDEQPENSVVFLCFGSRCAHSAEQLRGIAVGLERSGQRFLWSVRTPDGGSENLGALFPEGFLQRTKDRGLVVRWAPQVEVLRHPSTGAFMTHCGWNSTLEAITAGVPMLCWPFYAEQLMNKVFVTEGMGVGVEMEGYTTG-FIKSEEVEAKVRLVMESEEGRHLRGRAVALKNEAQAALRDDGPSETSFARFLFDA-----	CinnamicAcid	4	2.13	343.771	119.786	3.88	0	0	0	0	0	0	0	0	0	0	0	0	0	0	0	0.000308653950694098
Dc_71F5	-----SSTELVIVPAPGMGHLVSTVQLAKVILKKDFSISIFIINLPMHSDKISSYVDSQSRYPTRLLFTTLPPVTTSDPTS---LGFFTDFIKLHKPLVKRAVEERVELGSPKPAGFVLDMFCTTMVDVANELGIPSYLFLTCGVNFLNFVYYVESLADEHGLGARDPEFESVVSGFRNITSKIIPGIF--KGEFGSGMILNLAKEFKKMKGILVNSYVELESFEIQALQNSDDPPIYPVGPIL--DLNRESGSDKEENKSIIEWLNSQPDSSIVFLCFGSMGSFDAEQVKEIANGLEKSGVRFLWALRKPPSDNGTFLEALPEGFIDRTVNRGKIIGWAPQVDVLAHPAIGGFVSHCGWNSTLESLWFGVPIGAWPMYSEQNLNALVLVEQ-KLAVEIRMDYVMDIVSSMEIEEGLKKLM--NMDENMRRNVKDMGEKGRKALEKGGSSCHWLDSFMKDVLTN--	CinnamicAcid	4	2.13	343.771	119.786	3.88	0	0	0	0	0	0	0	0	0	0	0	0	0	0	0	-0.000406108207260783
Rc_GT1	--------AIVLYPYPGLGHLISMVELGKLLLTHSFSITILASTAPTTIAATAKLVASSNDDNPAINFHHLPTISPEHIEK---LNLPFEYARLQIPNILQVLQ----TLKSSLKALILDMFCDALFDVTKDLNIPTFYFYTSAGRSLAVLLNIPTFHRTTNSLSDFGDVPISISGMPPIPVSAMPKLLFDRSTNFYKSFLSTSTHMAKSNGIILNTFDLLEERALKALRAGLCPPIFTVGPLI------SGKSGDNDEHESLKWLNNQPKDSVVFLCFGSMGVFSIKQLEAMALGLEKSGQRFLWVVRNPPVEEPSLEEILPKGFVERTKDRGLVVRWAPQVEVLSHDSVGGFVTHCGWNSVLEAVCNGVPMVAWPLYAEQKLGRVFLVEEMKVAVGVKESETG-FVSADELEKRVRELMDSESGDEIRGRVSEFSNGGVKAKEEGGSSVASLAKLAQLWKQ---	CinnamicAcid	4	2.13	343.771	119.786	3.88	0	0	0	0	0	0	0	0	0	0	0	0	0	0	0	-0.01308156142866
Sl_GT5	------IPHIAILPSPGMGHLIPLVEFAKRIFLHHFSVSLILPTDGPISNAQKIFLNSLPS---SMDYHLLPPVNDDLPEDVKIETRISLTVSRSLTSLRQVLESII--ESKKTVALVVDLFGTDAFDVAIDLKISPYIFFPSTAMGLSLFLHLPNLDETVSCEYRDLPDPIQIPGCTPIHGKDLLDPVQDRNDESYKWLLHHAKRYGMAEGIIVNSFKELEGGAIGALQKDEPPTVYPVGPLI-----QMDSGSKVDGSECMTWLDEQPRGSVLYISYGSGGTLSHEQLIEVAAGLEMSEQRFLWVVRCPVQDSTNPLEFLPKGFLERTKGFGLVLPWAPQARILSHESTGGFLTHCGWNSTLESVVHGVPLIAWPLYAEQKMNAVMLSEDIKVALRPKVNEENGIVGRLEIAKVVKGLMEGEEGKGVRSRMRDLKDAAAKVLSEDGSSTKALAELATKLRKK--	CinnamicAcid	4	2.13	343.771	119.786	3.88	0	0	0	0	0	0	0	0	0	0	0	0	0	0	0	0.00415694313156232
Fi_88A10	--------TIVLYPSPGMGHLISMVELGKFILKHSFTIAILIVPPSFNTGSTASYIDRVSAATNSITFHHLPTISLELDSFSSMEALIFEAIRLSNPHVHHALQHIS--LTTTITALIIDFFCTPAISISTKLGIPTYYFFTSGISSLAFFLYLPVIHRNTVKSFKDLNSLVDIPGLPPIPSSDVAKPILDRASTEYACFLDFSLHLPKSAGVIVNSFNSLEPKTLKAISEGSCPPVFCVGPLL---ATEDQQSGTDGVHECLKWLDLQPIQSVVFLCFGSLGLFSDKQLKEIAIGLERSEQRFLWVVRSPAPPEPDLDSLLPIGFLDRTKDLGFVVKWAPQVEVLNHKSIGGFVTHCGWNSVLEAVCAGVPMVAWPLYAEQKFNRVILVEDLKLALRINESEDG-FVTAEEVESRVRELMDSDEGESLRKLAKEKEAEAKAAISEGGSSIVDLAKLVESWK----	CinnamicAcid	4	2.13	343.771	119.786	3.88	0	0	0	0	0	0	0	0	0	0	0	0	0	0	0	0.00375755348919908
At_71D1	-----RNVELIFIPTPTVGHLVPFLEFARRLIEQRIRITILLMKLQGQSHLDTYVKSIASS-QPFVRFIDVPELEEKPTLGSTQSAYVYDVIERNIPLVRNIVMDILALDGVKVKGLVVDFFCLPMIDVAKDISLPFYVFLTTNSGFLAMMQYLADRHSRDTSVFVNSEEMLSIPGFVNVPANVLPSAL--FVEDGYDAYVKLAILFTKANGILVNSSFDIEPYSVNHFLQEQNPSVYAVGPIFDLKAQPHPEQDLTRRDELMKWLDDQPEASVVFLCFGSMARLRGSLVKEIAHGLELCQYRFLWSLRKE----EVTKDDLPEGFLDRVDGRGMICGWSPQVEILAHKAVGGFVSHCGWNSIVESLWFGVPIVTWPMYAEQQLNAFLMVKELKLAVELKLDYRVHIVNANEIETAIRYVM-DTDNNVVRKRVMDISQMIQRATKNGGSSFAAIEKFIYDVI----	CinnamicAcid	4	2.13	343.771	119.786	3.88	0	0	0	0	0	0	0	0	0	0	0	0	0	0	0	0.00105513381109622
At_71C1	---KQEDAELVIIPFPFSGHILATIELAKRLISQRITITILYWPFIPQADTIAFLRSLVKN-EPRIRLVTLPEVQPPPMELFVEFSYILEYVKKMVPIIREALSTLLESGSVRVAGLVLDFFCVPMIDVGNEFNLPSYIFLTCSAGFLGMMKYLPERHREIKSEFNFNEELNLIPGYVNVPTKVLPSGL--FMKETYEPWVELAERFPEAKGILVNSYTALEPNGFKYFDRCPDPTIYPIGPIL--CSNDRPNLDSSERDRIITWLDDQPESSVVFLCFGSLKNLSATQINEIAQALEIVDCKFIWSFRTNPKEYASPYEALPHGFMDRVMDQGIVCGWAPQVEILAHKAVGGFVSHCGWNSILESLGFGVPIATWPMYAEQQLNAFTMVKELGLALEMRLDYVSEIVKADEIAGTVRSLM--DGVDVPKSKVKEIAEAGKEAV-DGGSSFLAVKRFIGDLI----	CinnamicAcid	4	2.13	343.771	119.786	3.88	0	0	0	0	0	0	0	0	0	0	0	0	0	0	0	0.00300523076319403
Zm_62783	---TSARPHVVLLPSAGMGHLVPFARLAVALSEGGCNVSVAAVQPTVSSAESRLLDALFVAAAPAVRRLDFRLAPESEFPGADPFFLRFEATRRSAPLLGPLLDA------AEASALVTDIVLSVALPVARERGVPCYVLFTSSAAMLSLCAYFPAYLDAHAAAGSVGVGNVDIPGVFRIPKSSVPQALHDPDHLFTQQFVANGRCLVACDGILVNTFDAFEPDAVTALRQGSIPPVFTVGPML------PVRFQAEETADYMRWLSAQPPRSVVYVSFGSRKAIPRDQLRELAAGLEASGKRFLWVVKSTIVDRDDTADLLGDGFLERVQGRAFVTMWVEQEEILQHGSVGLFISHCGWNSLTEAAAFGVPVLAWPRFGDQRVNAALVARSWEEGWTWDGE--EGLTTRKEVAKKIKGMM---GYDAVAEKAAKVGDAAAAAIAKCGTSYQSLEEFVQRCRD---	CinnamicAcid	4	2.13	343.771	119.786	3.88	0	0	0	0	0	0	0	0	0	0	0	0	0	0	0	0.00107291776351191
Zm_85854	---QTPPPHVAMLATPGMGHLIPLAELAKRLAQRGVTSTLITFASTASATQRAFLASMPPA----VASMALPPVDMSDLPRDAAITLMSEECVRAVPALTEALLSLKPTTTGRLVAFVTDLFGADAFDAARAAGVQRYLFFPTNLTALTLMLHLPELDASIPGEFRDLAEPLRLPGCVPLPGTETMKPLQDKSNPSYRWMVHHGAKFREATAILVNSFDAVEPGPAEVLRQPEPPPVRTIGPLV--RAEDGGGSKDDAPCPCVEWLDRQPAKSVIFVSFGSGGTLPAEEMRELALGLELSGQRFLWVVRSPSASKKDPFSYLPQGFLERTKDVGLVVPWAPQPKVLAHQSTGGFLTHCGWNSTLESLVHGVPMLAWPLFADQRQNAVLLCDGVGAALRVPGAK-----GREDIAAVVRELMTAGKGAAVRAKVEELQKAAAEGLRDGGATAAALAEVVKEWTS---	CinnamicAcid	4	2.13	343.771	119.786	3.88	0	0	0	0	0	0	0	0	0	0	0	0	0	0	0	0.0024221601990181
Gm_88E3	------KDTIVLYPNLGRGHLVSMVELGKLILTHSLSITILILTPPTTPSTTTTTLACDSNTTPSITFHRVPLAAPFNTPFLPPHLLSLELTRHSTQNIAVALQTLA--KASNLKAIVIDFMNNDPKALTENLNVPTYFYYTSGASTLALLLYYPTIHPTLIEKKDDQPLQIQIPGLSTITADDFPNECKDPLSYACQVFLQIAETMMGGAGIIVNTFEAIEEEAIRALSEDATPPLFCVGPVI-------SAPYGEEDKGCLSWLNLQPSQSVVLLCFGSMGRFSRAQLKEIAIGLEKSEQRFLWVVRTESAEELSLDELLPEGFLERTKEKGMVVRWAPQAAILSHDSVGGFVTHCGWNSVLEAVCEGVPMVAWPLYAEQKMNRMVMVKEMKVALAVNENKDG-FVSSTELGDRVRELMESDKGKEIRQRIFKMKMSAAEAMAEGGTSRASLDKLAKLWK----	CinnamicAcid	4	2.13	343.771	119.786	3.88	0	0	0	0	0	0	0	0	0	0	0	0	0	0	0	0.00245754527766628
Zm_72068	-----GPPHVAMLATPGMGHLIPLAELAKRLAARGATATLITFASAASATQRAFLASLPPS----VAARALPPVDLSDLPRDAAITLMTAECARSLPAIAAVLAELG--ETARLVAFVVDQFGMEAFNAA-GVRAARCLFMPMNLHALSLVLHLPELAASVPGEFRDLAEPVRLPGCVPIPGPDIISPLQDRSNPSYAVMVNLAVRCEAAAAILVNSFDAVEPEAAEALRHPAEPPVYPVGPLIQSESGGTGADGTPPRAACLEWLDRQPARSVVYVSFGSGGALPKEQMHELALGLERSGQRFLWVVRSPAESKKDPFAYLPEGFVGRTKEVGLLVPWAPQTQVLAHGATGGFLTHCGWNSTLESLVHGVPMVAWPLFAEQRLNAVMLSEGAGAAIRLPETK-----DKESIAAVVRELVEGGKGAMVRAKVAQLQKAAAEGLREGGAATTALDEVMDKWEAE--	CinnamicAcid	4	2.13	343.771	119.786	3.88	0	0	0	0	0	0	0	0	0	0	0	0	0	0	0	0.00320394972596637
Lc_72B10	----VVTPHIAILPSPGMGHLIPLVEFSKRLIQNHFSVTLILPTDGPVSNAQKIYLNSLPC---SMDYHLLPPVNFDDLPLDTKMTRISLTVTRSLPSLREVFKTLV--ETKKTVALVVDLFGTDAFDVANDFKVSPYIFYPSTAMALSLFLYLPKLDETVSCEYTDLPDPVQIPGCIPIHGKDLLDPVQDRKNEAYKWVLHHSKRYRMAEGIVANSFKELEGGAIKALQEEEPPPVYPVGPLI---QMDSGSGSKADRSECLTWLDEQPRGSVLYISFGSGGTLSHEQMIELASGLEMSEQRFLWVIRTPVQDSTNPLDFLPKGFLEKTKGLGLVVPWAPQAQILGHGSTSGFLTHCGWNSTLESVVHGVPFIAWPLYAEQKMNAVMLSEDIKVALRPKANENG-IVGRLEIAKVVKGLMEGEEGKVVRSRMRDLKDAAAKVLSEDGSSTKALAELATKLKKK--	CinnamicAcid	4	2.13	343.771	119.786	3.88	0	0	0	0	0	0	0	0	0	0	0	0	0	0	0	0.00415706932751861
Fe_88J1	------EEAIVFYSAPGMGHIVSMAELANLIRRHRVSFTVIYGSQPFEPPTTTTAISQIANSSPSISFLHLPQHPINTFPARSPAAMAFESIRKSAPDFAESLRRIS-DAGTKIRSLVIDLFCGTALPIAAEQGIPVYYFFTSGSAALAAYLHMPTIHQRVGGRVFSPDLLIDIPGLPSIPADEMPEPLLDAKDPAYPEMVYFCECLQKSKGILVNTFDELEPVVTREAS-GACPAVYNIGPLI------EGSKDGDTSHETLSWLNTQPSGSVVFLCFGSRGRFTAAQTKAIAEGLERSGQRFIWVVRNPPDDNSSEIDLLPEGFLRRTKDIGIVVKWAPQVAVLSHDSVGGFVTHCGWNSVLEAVVAGKPMVAWPLYAEQHLNRAVLVKTMGMAVPVEQREGDRFVSGDELASRLIELMNSEKGKEMKEKSRLMRDKALAARNEGGSSMADLQKVVNEWMK---	AbscisicAcid	9	1.75	499.018	246.338	4.76	0	0	0	0	0	0	0	0	0	0	0	0	0	0	0	0.000901370576219076
Zm_15991	------APTVVLLPVWGAGHLMSMLDAGKRLLTRALSLTVLVMRAPTEQLAADLDAHIRRESGLDVRFVRLPAVQ-PPTHFHGIEEFISRLVQLHAPHVRAAISSLA----SPVAAVVMDFFCTALLDVTRELAVPAYVYFTASAGMLAFFLRLPSLHEEVTVQFEEMEGAVDVPGLPPVPPSSLPVPVMDKNHPNYTWFMYHGRRFAEADGIIVNTAAELEQSVLAAIADGRCPTVYPIGPVI---SFSPPPTNTEHPHECVRWLDTQPAASVVLLCFGSQGFSAAPQAHEIAHGLERSGHRFLWVLRGPHPSDANLSELLPDGFLERTKGRGLVWPKAPQKEILAHAAVGGFVTHGGWNSVLESLWFGVPMAPWPLYAEQHLNAFTLVAYVGVAVAMKVDRKRNFVEASELERAVKELMGGEEGRKAREKAMEMRDACRNAVEEGGSSYSSLRRLSEKICKV--	AbscisicAcid	9	1.75	499.018	246.338	4.76	0	0	0	0	0	0	0	0	0	0	0	0	0	0	0	0.0020726606463708
Fe_72B19	----GQPPHVVIFPSPGMGHLIPLTEFAKRLIPR-FTFTFAVPTAGEPSSAQRSFLSALPA---GIDSVFLPSVSMSDVPSDARITLMSIMVSRSLPSLRDLL--L---SRSPVAVLLVDLFGTDAFDVAFEVGITPYIFFPSTAMGLSLFLHLEKLDESVSCEYADLTEPVKIPGCVPVHGRDLLDPVQDRKNDAYKWVLHHCKRYKLAKGIIVNSFEAVERGAIRALVQAE-PAVYPVGPLV-------QTCSPEQPTECIKWLDRQPRGSVLFVNFGSGGTLSTEQQKELALGLARSEQRFLWVVRSPVDGESDPLQLLPSGFLDETAGRGLVVPWAPQIEVLSHGSTGGFLTHCGWNSILESVVHGVPLITWPLYAEQKMNAVMLTEDLKVGLRPVAGKDG-IIRGDEIARVVRELMEGEEGKRIKDRMVELKVAAKVALSEDGSSTKALIEIAKQWET---	AbscisicAcid	9	1.75	499.018	246.338	4.76	0	0	0	0	0	0	0	0	0	0	0	0	0	0	0	0.000331606659721369
Ct_71E5	--KTMTNSELVFIPSPGAGHLPPTVELAKLLLRRRLSITIIIMKAPFGGGAYDTA---KLDSTPRLRCVEIPSD-DSTAALISPTAFLTAFIDHHKPHVRNIVRESIPGGTVRLAGFVVDMFCVDMVDVANEFGAPTYAYFTSGAAMLGLMFHLQAKRDDDNLDVTNSRSVISVPSYINVPVNVLLDVL--FDKNGAKMFLDLAKRFRETKGIIVNSFRELESHAIEVLSDDPDPPVFPVGPIL----NLNSTTDDGKVDDIMTWLDEQPERSVVFLCFGSMGTFPEEQIREIASAIESGGHRFLWSLRRPPKEYEDPGEVLPEGFLERTSGVGRVIGWAPQLMVLSHRSVGSFVSHCGWNSTLESIWCGVPIAAWPMYAEQQTNAFQLVSEAGIAAEVRMDYRTNIVTAEEIERGIRRVM---SDGEIKRKAEEMKEKSRLAVSEGGSSYDSIGDFIHHVMN---	AbscisicAcid	9	1.75	499.018	246.338	4.76	0	0	0	0	0	0	0	0	0	0	0	0	0	0	0	0.000856732452735219
Zm_51683	------QRPVVLYPSPGMGHLVSMIELGKLLGARGLPVTIVVVEPPFNTGATAPFLAGVSAANPSISFHRLPKVERLPLVSTKHQALTFEVIRVSNPHLREFLAAAT------PAVLVVDFFCSIALDVAEELRVPAYFFFTSGAEVLAFFLHLPALHERATASFQMGEEPVQVPGIPPFPATHAILPVMERDDAAYDGFVKGCADLCRSQGVLVNTFRLLEQRAVETVAAGHCPPIYCIGPLI-----KSEEVLGKGGEECLAWLDAQPRASVVLLCFGSIGRFSAEQIREVAAGLEASRQRFLWVVRAPKPPEPDLDALLPEGFLARTKDRGLVVKWAPQRDVLAHASVGGFVTHCGWNSVLEAIMAGVPMVAWPLYAEQRLNRVFLEKEMQLAVAVAGYDSDKLVPAEEVAAKVRWIMDSEGGRMLRERTLAAMRQAKDALREGGESEATLAGLVDDWK----	AbscisicAcid	9	1.75	499.018	246.338	4.76	0	0	0	0	0	0	0	0	0	0	0	0	0	0	0	0.00114752401256817
Os_88C1	-----ARKPVVLYPSPGMGHLVSMIELGKVFAARGLAVTVVVVDPPYGNTGATPFLAGVTAANPAMTFHRLPKVEVPPVASKHHESLTFEVTRLSNPGLRDFLA------GASPVVLIIDFFCNAALDVADELGVPAYMFYTSGAEILAFFLYLPVLHAQTTANFGMGEELVHAPGIPSFPATHSVLPLMERDDPAYAEFLKASADLCRTQGFLVNTFRSLEPRAVETIAAGSCPPVYCIGPLI-----KSAEVGENRSEECLAWLDTQPNGSVVFLCFGSIGLFSAEQIKEVAAGLEASGQRFLWVVRSPKPPEPDLDALLPKGFLERTKGRGLVVKWAPQRDVLAHAAVGGFVTHCGWNSVLESIVAGVPMLAWPLYAEQRMNRVFLEKEMRLAVAVEGYDDDVTVKAEEVAAKVRWLMESDGGRALLERTLAAMRRAKAALRDGGESEVTLARLVESWRE---	AbscisicAcid	9	1.75	499.018	246.338	4.76	0	0	0	0	0	0	0	0	0	0	0	0	0	0	0	0.00218371468983885
Zm_43295	----KQQQTVILYPSPGVGHIVPMVQLAKVFLRHGCDVTMVIAEPAASSPDFRIVDLDRVASNPAITFHVLPPVPYADLAVPGKHLLTLQVLRRYNGELERFLRSVP---RERLHSLVVGMFCTDAVDVGAKLGVPVYTFFASAAATLAVVAQLPALLSGRRAGLKLGDTPLQFLGVPPFPASHLVRELLEDDDELCKTMVDVWKRCTDGSGVLVNTFESLESPAVQALRDPRCPPVYCVGPLIGTRAAAEQERAAETRHECLAWLDEQPENSVVFLCFGSRCAHSAEQLRGIAVGLERSGQRFLWSVRTPDGGSENLGALFPEGFLQRTKDRGLVVRWAPQVEVLRHPSTGAFMTHCGWNSTLEAITAGVPMLCWPFYAEQLMNKVFVTEGMGVGVEMEGYTTG-FIKSEEVEAKVRLVMESEEGRHLRGRAVALKNEAQAALRDDGPSETSFARFLFDA-----	AbscisicAcid	9	1.75	499.018	246.338	4.76	0	0	0	0	0	0	0	0	0	0	0	0	0	0	0	0.00140126317921478
Dc_71F5	-----SSTELVIVPAPGMGHLVSTVQLAKVILKKDFSISIFIINLPMHSDKISSYVDSQSRYPTRLLFTTLPPVTTSDPTS---LGFFTDFIKLHKPLVKRAVEERVELGSPKPAGFVLDMFCTTMVDVANELGIPSYLFLTCGVNFLNFVYYVESLADEHGLGARDPEFESVVSGFRNITSKIIPGIF--KGEFGSGMILNLAKEFKKMKGILVNSYVELESFEIQALQNSDDPPIYPVGPIL--DLNRESGSDKEENKSIIEWLNSQPDSSIVFLCFGSMGSFDAEQVKEIANGLEKSGVRFLWALRKPPSDNGTFLEALPEGFIDRTVNRGKIIGWAPQVDVLAHPAIGGFVSHCGWNSTLESLWFGVPIGAWPMYSEQNLNALVLVEQ-KLAVEIRMDYVMDIVSSMEIEEGLKKLM--NMDENMRRNVKDMGEKGRKALEKGGSSCHWLDSFMKDVLTN--	AbscisicAcid	9	1.75	499.018	246.338	4.76	0	0	0	0	0	0	0	0	0	0	0	0	0	0	0	-2.0529635637455e-05
Rc_GT1	--------AIVLYPYPGLGHLISMVELGKLLLTHSFSITILASTAPTTIAATAKLVASSNDDNPAINFHHLPTISPEHIEK---LNLPFEYARLQIPNILQVLQ----TLKSSLKALILDMFCDALFDVTKDLNIPTFYFYTSAGRSLAVLLNIPTFHRTTNSLSDFGDVPISISGMPPIPVSAMPKLLFDRSTNFYKSFLSTSTHMAKSNGIILNTFDLLEERALKALRAGLCPPIFTVGPLI------SGKSGDNDEHESLKWLNNQPKDSVVFLCFGSMGVFSIKQLEAMALGLEKSGQRFLWVVRNPPVEEPSLEEILPKGFVERTKDRGLVVRWAPQVEVLSHDSVGGFVTHCGWNSVLEAVCNGVPMVAWPLYAEQKLGRVFLVEEMKVAVGVKESETG-FVSADELEKRVRELMDSESGDEIRGRVSEFSNGGVKAKEEGGSSVASLAKLAQLWKQ---	AbscisicAcid	9	1.75	499.018	246.338	4.76	0	0	0	0	0	0	0	0	0	0	0	0	0	0	0	0.00378439107820552
Sl_GT5	------IPHIAILPSPGMGHLIPLVEFAKRIFLHHFSVSLILPTDGPISNAQKIFLNSLPS---SMDYHLLPPVNDDLPEDVKIETRISLTVSRSLTSLRQVLESII--ESKKTVALVVDLFGTDAFDVAIDLKISPYIFFPSTAMGLSLFLHLPNLDETVSCEYRDLPDPIQIPGCTPIHGKDLLDPVQDRNDESYKWLLHHAKRYGMAEGIIVNSFKELEGGAIGALQKDEPPTVYPVGPLI-----QMDSGSKVDGSECMTWLDEQPRGSVLYISYGSGGTLSHEQLIEVAAGLEMSEQRFLWVVRCPVQDSTNPLEFLPKGFLERTKGFGLVLPWAPQARILSHESTGGFLTHCGWNSTLESVVHGVPLIAWPLYAEQKMNAVMLSEDIKVALRPKVNEENGIVGRLEIAKVVKGLMEGEEGKGVRSRMRDLKDAAAKVLSEDGSSTKALAELATKLRKK--	AbscisicAcid	9	1.75	499.018	246.338	4.76	0	0	0	0	0	0	0	0	0	0	0	0	0	0	0	0.00118709970104636
Fi_88A10	--------TIVLYPSPGMGHLISMVELGKFILKHSFTIAILIVPPSFNTGSTASYIDRVSAATNSITFHHLPTISLELDSFSSMEALIFEAIRLSNPHVHHALQHIS--LTTTITALIIDFFCTPAISISTKLGIPTYYFFTSGISSLAFFLYLPVIHRNTVKSFKDLNSLVDIPGLPPIPSSDVAKPILDRASTEYACFLDFSLHLPKSAGVIVNSFNSLEPKTLKAISEGSCPPVFCVGPLL---ATEDQQSGTDGVHECLKWLDLQPIQSVVFLCFGSLGLFSDKQLKEIAIGLERSEQRFLWVVRSPAPPEPDLDSLLPIGFLDRTKDLGFVVKWAPQVEVLNHKSIGGFVTHCGWNSVLEAVCAGVPMVAWPLYAEQKFNRVILVEDLKLALRINESEDG-FVTAEEVESRVRELMDSDEGESLRKLAKEKEAEAKAAISEGGSSIVDLAKLVESWK----	AbscisicAcid	9	1.75	499.018	246.338	4.76	0	0	0	0	0	0	0	0	0	0	0	0	0	0	0	0.000515317347543313
At_71D1	-----RNVELIFIPTPTVGHLVPFLEFARRLIEQRIRITILLMKLQGQSHLDTYVKSIASS-QPFVRFIDVPELEEKPTLGSTQSAYVYDVIERNIPLVRNIVMDILALDGVKVKGLVVDFFCLPMIDVAKDISLPFYVFLTTNSGFLAMMQYLADRHSRDTSVFVNSEEMLSIPGFVNVPANVLPSAL--FVEDGYDAYVKLAILFTKANGILVNSSFDIEPYSVNHFLQEQNPSVYAVGPIFDLKAQPHPEQDLTRRDELMKWLDDQPEASVVFLCFGSMARLRGSLVKEIAHGLELCQYRFLWSLRKE----EVTKDDLPEGFLDRVDGRGMICGWSPQVEILAHKAVGGFVSHCGWNSIVESLWFGVPIVTWPMYAEQQLNAFLMVKELKLAVELKLDYRVHIVNANEIETAIRYVM-DTDNNVVRKRVMDISQMIQRATKNGGSSFAAIEKFIYDVI----	AbscisicAcid	9	1.75	499.018	246.338	4.76	0	0	0	0	0	0	0	0	0	0	0	0	0	0	0	0.00120811187258098
At_71C1	---KQEDAELVIIPFPFSGHILATIELAKRLISQRITITILYWPFIPQADTIAFLRSLVKN-EPRIRLVTLPEVQPPPMELFVEFSYILEYVKKMVPIIREALSTLLESGSVRVAGLVLDFFCVPMIDVGNEFNLPSYIFLTCSAGFLGMMKYLPERHREIKSEFNFNEELNLIPGYVNVPTKVLPSGL--FMKETYEPWVELAERFPEAKGILVNSYTALEPNGFKYFDRCPDPTIYPIGPIL--CSNDRPNLDSSERDRIITWLDDQPESSVVFLCFGSLKNLSATQINEIAQALEIVDCKFIWSFRTNPKEYASPYEALPHGFMDRVMDQGIVCGWAPQVEILAHKAVGGFVSHCGWNSILESLGFGVPIATWPMYAEQQLNAFTMVKELGLALEMRLDYVSEIVKADEIAGTVRSLM--DGVDVPKSKVKEIAEAGKEAV-DGGSSFLAVKRFIGDLI----	AbscisicAcid	9	1.75	499.018	246.338	4.76	0	0	0	0	0	0	0	0	0	0	0	0	0	0	0	0.00130198031727675
Zm_62783	---TSARPHVVLLPSAGMGHLVPFARLAVALSEGGCNVSVAAVQPTVSSAESRLLDALFVAAAPAVRRLDFRLAPESEFPGADPFFLRFEATRRSAPLLGPLLDA------AEASALVTDIVLSVALPVARERGVPCYVLFTSSAAMLSLCAYFPAYLDAHAAAGSVGVGNVDIPGVFRIPKSSVPQALHDPDHLFTQQFVANGRCLVACDGILVNTFDAFEPDAVTALRQGSIPPVFTVGPML------PVRFQAEETADYMRWLSAQPPRSVVYVSFGSRKAIPRDQLRELAAGLEASGKRFLWVVKSTIVDRDDTADLLGDGFLERVQGRAFVTMWVEQEEILQHGSVGLFISHCGWNSLTEAAAFGVPVLAWPRFGDQRVNAALVARSWEEGWTWDGE--EGLTTRKEVAKKIKGMM---GYDAVAEKAAKVGDAAAAAIAKCGTSYQSLEEFVQRCRD---	AbscisicAcid	9	1.75	499.018	246.338	4.76	0	0	0	0	0	0	0	0	0	0	0	0	0	0	0	0.00357738357865176
Zm_85854	---QTPPPHVAMLATPGMGHLIPLAELAKRLAQRGVTSTLITFASTASATQRAFLASMPPA----VASMALPPVDMSDLPRDAAITLMSEECVRAVPALTEALLSLKPTTTGRLVAFVTDLFGADAFDAARAAGVQRYLFFPTNLTALTLMLHLPELDASIPGEFRDLAEPLRLPGCVPLPGTETMKPLQDKSNPSYRWMVHHGAKFREATAILVNSFDAVEPGPAEVLRQPEPPPVRTIGPLV--RAEDGGGSKDDAPCPCVEWLDRQPAKSVIFVSFGSGGTLPAEEMRELALGLELSGQRFLWVVRSPSASKKDPFSYLPQGFLERTKDVGLVVPWAPQPKVLAHQSTGGFLTHCGWNSTLESLVHGVPMLAWPLFADQRQNAVLLCDGVGAALRVPGAK-----GREDIAAVVRELMTAGKGAAVRAKVEELQKAAAEGLRDGGATAAALAEVVKEWTS---	AbscisicAcid	9	1.75	499.018	246.338	4.76	0	0	0	0	0	0	0	0	0	0	0	0	0	0	0	-0.000145804903114551
Gm_88E3	------KDTIVLYPNLGRGHLVSMVELGKLILTHSLSITILILTPPTTPSTTTTTLACDSNTTPSITFHRVPLAAPFNTPFLPPHLLSLELTRHSTQNIAVALQTLA--KASNLKAIVIDFMNNDPKALTENLNVPTYFYYTSGASTLALLLYYPTIHPTLIEKKDDQPLQIQIPGLSTITADDFPNECKDPLSYACQVFLQIAETMMGGAGIIVNTFEAIEEEAIRALSEDATPPLFCVGPVI-------SAPYGEEDKGCLSWLNLQPSQSVVLLCFGSMGRFSRAQLKEIAIGLEKSEQRFLWVVRTESAEELSLDELLPEGFLERTKEKGMVVRWAPQAAILSHDSVGGFVTHCGWNSVLEAVCEGVPMVAWPLYAEQKMNRMVMVKEMKVALAVNENKDG-FVSSTELGDRVRELMESDKGKEIRQRIFKMKMSAAEAMAEGGTSRASLDKLAKLWK----	AbscisicAcid	9	1.75	499.018	246.338	4.76	0	0	0	0	0	0	0	0	0	0	0	0	0	0	0	-0.0019060376528072
Zm_72068	-----GPPHVAMLATPGMGHLIPLAELAKRLAARGATATLITFASAASATQRAFLASLPPS----VAARALPPVDLSDLPRDAAITLMTAECARSLPAIAAVLAELG--ETARLVAFVVDQFGMEAFNAA-GVRAARCLFMPMNLHALSLVLHLPELAASVPGEFRDLAEPVRLPGCVPIPGPDIISPLQDRSNPSYAVMVNLAVRCEAAAAILVNSFDAVEPEAAEALRHPAEPPVYPVGPLIQSESGGTGADGTPPRAACLEWLDRQPARSVVYVSFGSGGALPKEQMHELALGLERSGQRFLWVVRSPAESKKDPFAYLPEGFVGRTKEVGLLVPWAPQTQVLAHGATGGFLTHCGWNSTLESLVHGVPMVAWPLFAEQRLNAVMLSEGAGAAIRLPETK-----DKESIAAVVRELVEGGKGAMVRAKVAQLQKAAAEGLREGGAATTALDEVMDKWEAE--	AbscisicAcid	9	1.75	499.018	246.338	4.76	0	0	0	0	0	0	0	0	0	0	0	0	0	0	0	0.00413543150823559
Lc_72B10	----VVTPHIAILPSPGMGHLIPLVEFSKRLIQNHFSVTLILPTDGPVSNAQKIYLNSLPC---SMDYHLLPPVNFDDLPLDTKMTRISLTVTRSLPSLREVFKTLV--ETKKTVALVVDLFGTDAFDVANDFKVSPYIFYPSTAMALSLFLYLPKLDETVSCEYTDLPDPVQIPGCIPIHGKDLLDPVQDRKNEAYKWVLHHSKRYRMAEGIVANSFKELEGGAIKALQEEEPPPVYPVGPLI---QMDSGSGSKADRSECLTWLDEQPRGSVLYISFGSGGTLSHEQMIELASGLEMSEQRFLWVIRTPVQDSTNPLDFLPKGFLEKTKGLGLVVPWAPQAQILGHGSTSGFLTHCGWNSTLESVVHGVPFIAWPLYAEQKMNAVMLSEDIKVALRPKANENG-IVGRLEIAKVVKGLMEGEEGKVVRSRMRDLKDAAAKVLSEDGSSTKALAELATKLKKK--	AbscisicAcid	9	1.75	499.018	246.338	4.76	0	0	0	0	0	0	0	0	0	0	0	0	0	0	0	0.00316022297867013
Fe_88J1	------EEAIVFYSAPGMGHIVSMAELANLIRRHRVSFTVIYGSQPFEPPTTTTAISQIANSSPSISFLHLPQHPINTFPARSPAAMAFESIRKSAPDFAESLRRIS-DAGTKIRSLVIDLFCGTALPIAAEQGIPVYYFFTSGSAALAAYLHMPTIHQRVGGRVFSPDLLIDIPGLPSIPADEMPEPLLDAKDPAYPEMVYFCECLQKSKGILVNTFDELEPVVTREAS-GACPAVYNIGPLI------EGSKDGDTSHETLSWLNTQPSGSVVFLCFGSRGRFTAAQTKAIAEGLERSGQRFIWVVRNPPDDNSSEIDLLPEGFLRRTKDIGIVVKWAPQVAVLSHDSVGGFVTHCGWNSVLEAVVAGKPMVAWPLYAEQHLNRAVLVKTMGMAVPVEQREGDRFVSGDELASRLIELMNSEKGKEMKEKSRLMRDKALAARNEGGSSMADLQKVVNEWMK---	Quercetin	1	3.55	481.865	205.611	0	5	8.74	6.9	0	8.14	9.94	13.03	0	0	0	0	0	0	0	0	0.00618067843765415
Zm_15991	------APTVVLLPVWGAGHLMSMLDAGKRLLTRALSLTVLVMRAPTEQLAADLDAHIRRESGLDVRFVRLPAVQ-PPTHFHGIEEFISRLVQLHAPHVRAAISSLA----SPVAAVVMDFFCTALLDVTRELAVPAYVYFTASAGMLAFFLRLPSLHEEVTVQFEEMEGAVDVPGLPPVPPSSLPVPVMDKNHPNYTWFMYHGRRFAEADGIIVNTAAELEQSVLAAIADGRCPTVYPIGPVI---SFSPPPTNTEHPHECVRWLDTQPAASVVLLCFGSQGFSAAPQAHEIAHGLERSGHRFLWVLRGPHPSDANLSELLPDGFLERTKGRGLVWPKAPQKEILAHAAVGGFVTHGGWNSVLESLWFGVPMAPWPLYAEQHLNAFTLVAYVGVAVAMKVDRKRNFVEASELERAVKELMGGEEGRKAREKAMEMRDACRNAVEEGGSSYSSLRRLSEKICKV--	Quercetin	1	3.55	481.865	205.611	0	5	8.74	6.9	0	8.14	9.94	13.03	0	0	0	0	0	0	0	0	0.00960270090940731
Fe_72B19	----GQPPHVVIFPSPGMGHLIPLTEFAKRLIPR-FTFTFAVPTAGEPSSAQRSFLSALPA---GIDSVFLPSVSMSDVPSDARITLMSIMVSRSLPSLRDLL--L---SRSPVAVLLVDLFGTDAFDVAFEVGITPYIFFPSTAMGLSLFLHLEKLDESVSCEYADLTEPVKIPGCVPVHGRDLLDPVQDRKNDAYKWVLHHCKRYKLAKGIIVNSFEAVERGAIRALVQAE-PAVYPVGPLV-------QTCSPEQPTECIKWLDRQPRGSVLFVNFGSGGTLSTEQQKELALGLARSEQRFLWVVRSPVDGESDPLQLLPSGFLDETAGRGLVVPWAPQIEVLSHGSTGGFLTHCGWNSILESVVHGVPLITWPLYAEQKMNAVMLTEDLKVGLRPVAGKDG-IIRGDEIARVVRELMEGEEGKRIKDRMVELKVAAKVALSEDGSSTKALIEIAKQWET---	Quercetin	1	3.55	481.865	205.611	0	5	8.74	6.9	0	8.14	9.94	13.03	0	0	0	0	0	0	0	0	0.012631867401367
Ct_71E5	--KTMTNSELVFIPSPGAGHLPPTVELAKLLLRRRLSITIIIMKAPFGGGAYDTA---KLDSTPRLRCVEIPSD-DSTAALISPTAFLTAFIDHHKPHVRNIVRESIPGGTVRLAGFVVDMFCVDMVDVANEFGAPTYAYFTSGAAMLGLMFHLQAKRDDDNLDVTNSRSVISVPSYINVPVNVLLDVL--FDKNGAKMFLDLAKRFRETKGIIVNSFRELESHAIEVLSDDPDPPVFPVGPIL----NLNSTTDDGKVDDIMTWLDEQPERSVVFLCFGSMGTFPEEQIREIASAIESGGHRFLWSLRRPPKEYEDPGEVLPEGFLERTSGVGRVIGWAPQLMVLSHRSVGSFVSHCGWNSTLESIWCGVPIAAWPMYAEQQTNAFQLVSEAGIAAEVRMDYRTNIVTAEEIERGIRRVM---SDGEIKRKAEEMKEKSRLAVSEGGSSYDSIGDFIHHVMN---	Quercetin	1	3.55	481.865	205.611	0	5	8.74	6.9	0	8.14	9.94	13.03	0	0	0	0	0	0	0	0	0.173796833428309
Zm_51683	------QRPVVLYPSPGMGHLVSMIELGKLLGARGLPVTIVVVEPPFNTGATAPFLAGVSAANPSISFHRLPKVERLPLVSTKHQALTFEVIRVSNPHLREFLAAAT------PAVLVVDFFCSIALDVAEELRVPAYFFFTSGAEVLAFFLHLPALHERATASFQMGEEPVQVPGIPPFPATHAILPVMERDDAAYDGFVKGCADLCRSQGVLVNTFRLLEQRAVETVAAGHCPPIYCIGPLI-----KSEEVLGKGGEECLAWLDAQPRASVVLLCFGSIGRFSAEQIREVAAGLEASRQRFLWVVRAPKPPEPDLDALLPEGFLARTKDRGLVVKWAPQRDVLAHASVGGFVTHCGWNSVLEAIMAGVPMVAWPLYAEQRLNRVFLEKEMQLAVAVAGYDSDKLVPAEEVAAKVRWIMDSEGGRMLRERTLAAMRQAKDALREGGESEATLAGLVDDWK----	Quercetin	1	3.55	481.865	205.611	0	5	8.74	6.9	0	8.14	9.94	13.03	0	0	0	0	0	0	0	0	0
Os_88C1	-----ARKPVVLYPSPGMGHLVSMIELGKVFAARGLAVTVVVVDPPYGNTGATPFLAGVTAANPAMTFHRLPKVEVPPVASKHHESLTFEVTRLSNPGLRDFLA------GASPVVLIIDFFCNAALDVADELGVPAYMFYTSGAEILAFFLYLPVLHAQTTANFGMGEELVHAPGIPSFPATHSVLPLMERDDPAYAEFLKASADLCRTQGFLVNTFRSLEPRAVETIAAGSCPPVYCIGPLI-----KSAEVGENRSEECLAWLDTQPNGSVVFLCFGSIGLFSAEQIKEVAAGLEASGQRFLWVVRSPKPPEPDLDALLPKGFLERTKGRGLVVKWAPQRDVLAHAAVGGFVTHCGWNSVLESIVAGVPMLAWPLYAEQRMNRVFLEKEMRLAVAVEGYDDDVTVKAEEVAAKVRWLMESDGGRALLERTLAAMRRAKAALRDGGESEVTLARLVESWRE---	Quercetin	1	3.55	481.865	205.611	0	5	8.74	6.9	0	8.14	9.94	13.03	0	0	0	0	0	0	0	0	0.00408445893322637
Zm_43295	----KQQQTVILYPSPGVGHIVPMVQLAKVFLRHGCDVTMVIAEPAASSPDFRIVDLDRVASNPAITFHVLPPVPYADLAVPGKHLLTLQVLRRYNGELERFLRSVP---RERLHSLVVGMFCTDAVDVGAKLGVPVYTFFASAAATLAVVAQLPALLSGRRAGLKLGDTPLQFLGVPPFPASHLVRELLEDDDELCKTMVDVWKRCTDGSGVLVNTFESLESPAVQALRDPRCPPVYCVGPLIGTRAAAEQERAAETRHECLAWLDEQPENSVVFLCFGSRCAHSAEQLRGIAVGLERSGQRFLWSVRTPDGGSENLGALFPEGFLQRTKDRGLVVRWAPQVEVLRHPSTGAFMTHCGWNSTLEAITAGVPMLCWPFYAEQLMNKVFVTEGMGVGVEMEGYTTG-FIKSEEVEAKVRLVMESEEGRHLRGRAVALKNEAQAALRDDGPSETSFARFLFDA-----	Quercetin	1	3.55	481.865	205.611	0	5	8.74	6.9	0	8.14	9.94	13.03	0	0	0	0	0	0	0	0	0.0333038900645616
Dc_71F5	-----SSTELVIVPAPGMGHLVSTVQLAKVILKKDFSISIFIINLPMHSDKISSYVDSQSRYPTRLLFTTLPPVTTSDPTS---LGFFTDFIKLHKPLVKRAVEERVELGSPKPAGFVLDMFCTTMVDVANELGIPSYLFLTCGVNFLNFVYYVESLADEHGLGARDPEFESVVSGFRNITSKIIPGIF--KGEFGSGMILNLAKEFKKMKGILVNSYVELESFEIQALQNSDDPPIYPVGPIL--DLNRESGSDKEENKSIIEWLNSQPDSSIVFLCFGSMGSFDAEQVKEIANGLEKSGVRFLWALRKPPSDNGTFLEALPEGFIDRTVNRGKIIGWAPQVDVLAHPAIGGFVSHCGWNSTLESLWFGVPIGAWPMYSEQNLNALVLVEQ-KLAVEIRMDYVMDIVSSMEIEEGLKKLM--NMDENMRRNVKDMGEKGRKALEKGGSSCHWLDSFMKDVLTN--	Quercetin	1	3.55	481.865	205.611	0	5	8.74	6.9	0	8.14	9.94	13.03	0	0	0	0	0	0	0	0	0.000676684942173546
Rc_GT1	--------AIVLYPYPGLGHLISMVELGKLLLTHSFSITILASTAPTTIAATAKLVASSNDDNPAINFHHLPTISPEHIEK---LNLPFEYARLQIPNILQVLQ----TLKSSLKALILDMFCDALFDVTKDLNIPTFYFYTSAGRSLAVLLNIPTFHRTTNSLSDFGDVPISISGMPPIPVSAMPKLLFDRSTNFYKSFLSTSTHMAKSNGIILNTFDLLEERALKALRAGLCPPIFTVGPLI------SGKSGDNDEHESLKWLNNQPKDSVVFLCFGSMGVFSIKQLEAMALGLEKSGQRFLWVVRNPPVEEPSLEEILPKGFVERTKDRGLVVRWAPQVEVLSHDSVGGFVTHCGWNSVLEAVCNGVPMVAWPLYAEQKLGRVFLVEEMKVAVGVKESETG-FVSADELEKRVRELMDSESGDEIRGRVSEFSNGGVKAKEEGGSSVASLAKLAQLWKQ---	Quercetin	1	3.55	481.865	205.611	0	5	8.74	6.9	0	8.14	9.94	13.03	0	0	0	0	0	0	0	0	0.00351245901142715
Sl_GT5	------IPHIAILPSPGMGHLIPLVEFAKRIFLHHFSVSLILPTDGPISNAQKIFLNSLPS---SMDYHLLPPVNDDLPEDVKIETRISLTVSRSLTSLRQVLESII--ESKKTVALVVDLFGTDAFDVAIDLKISPYIFFPSTAMGLSLFLHLPNLDETVSCEYRDLPDPIQIPGCTPIHGKDLLDPVQDRNDESYKWLLHHAKRYGMAEGIIVNSFKELEGGAIGALQKDEPPTVYPVGPLI-----QMDSGSKVDGSECMTWLDEQPRGSVLYISYGSGGTLSHEQLIEVAAGLEMSEQRFLWVVRCPVQDSTNPLEFLPKGFLERTKGFGLVLPWAPQARILSHESTGGFLTHCGWNSTLESVVHGVPLIAWPLYAEQKMNAVMLSEDIKVALRPKVNEENGIVGRLEIAKVVKGLMEGEEGKGVRSRMRDLKDAAAKVLSEDGSSTKALAELATKLRKK--	Quercetin	1	3.55	481.865	205.611	0	5	8.74	6.9	0	8.14	9.94	13.03	0	0	0	0	0	0	0	0	0.0358928825976616
Fi_88A10	--------TIVLYPSPGMGHLISMVELGKFILKHSFTIAILIVPPSFNTGSTASYIDRVSAATNSITFHHLPTISLELDSFSSMEALIFEAIRLSNPHVHHALQHIS--LTTTITALIIDFFCTPAISISTKLGIPTYYFFTSGISSLAFFLYLPVIHRNTVKSFKDLNSLVDIPGLPPIPSSDVAKPILDRASTEYACFLDFSLHLPKSAGVIVNSFNSLEPKTLKAISEGSCPPVFCVGPLL---ATEDQQSGTDGVHECLKWLDLQPIQSVVFLCFGSLGLFSDKQLKEIAIGLERSEQRFLWVVRSPAPPEPDLDSLLPIGFLDRTKDLGFVVKWAPQVEVLNHKSIGGFVTHCGWNSVLEAVCAGVPMVAWPLYAEQKFNRVILVEDLKLALRINESEDG-FVTAEEVESRVRELMDSDEGESLRKLAKEKEAEAKAAISEGGSSIVDLAKLVESWK----	Quercetin	1	3.55	481.865	205.611	0	5	8.74	6.9	0	8.14	9.94	13.03	0	0	0	0	0	0	0	0	0.00644942685722918
At_71D1	-----RNVELIFIPTPTVGHLVPFLEFARRLIEQRIRITILLMKLQGQSHLDTYVKSIASS-QPFVRFIDVPELEEKPTLGSTQSAYVYDVIERNIPLVRNIVMDILALDGVKVKGLVVDFFCLPMIDVAKDISLPFYVFLTTNSGFLAMMQYLADRHSRDTSVFVNSEEMLSIPGFVNVPANVLPSAL--FVEDGYDAYVKLAILFTKANGILVNSSFDIEPYSVNHFLQEQNPSVYAVGPIFDLKAQPHPEQDLTRRDELMKWLDDQPEASVVFLCFGSMARLRGSLVKEIAHGLELCQYRFLWSLRKE----EVTKDDLPEGFLDRVDGRGMICGWSPQVEILAHKAVGGFVSHCGWNSIVESLWFGVPIVTWPMYAEQQLNAFLMVKELKLAVELKLDYRVHIVNANEIETAIRYVM-DTDNNVVRKRVMDISQMIQRATKNGGSSFAAIEKFIYDVI----	Quercetin	1	3.55	481.865	205.611	0	5	8.74	6.9	0	8.14	9.94	13.03	0	0	0	0	0	0	0	0	0.0276699854341752
At_71C1	---KQEDAELVIIPFPFSGHILATIELAKRLISQRITITILYWPFIPQADTIAFLRSLVKN-EPRIRLVTLPEVQPPPMELFVEFSYILEYVKKMVPIIREALSTLLESGSVRVAGLVLDFFCVPMIDVGNEFNLPSYIFLTCSAGFLGMMKYLPERHREIKSEFNFNEELNLIPGYVNVPTKVLPSGL--FMKETYEPWVELAERFPEAKGILVNSYTALEPNGFKYFDRCPDPTIYPIGPIL--CSNDRPNLDSSERDRIITWLDDQPESSVVFLCFGSLKNLSATQINEIAQALEIVDCKFIWSFRTNPKEYASPYEALPHGFMDRVMDQGIVCGWAPQVEILAHKAVGGFVSHCGWNSILESLGFGVPIATWPMYAEQQLNAFTMVKELGLALEMRLDYVSEIVKADEIAGTVRSLM--DGVDVPKSKVKEIAEAGKEAV-DGGSSFLAVKRFIGDLI----	Quercetin	1	3.55	481.865	205.611	0	5	8.74	6.9	0	8.14	9.94	13.03	0	0	0	0	0	0	0	0	0.735304247428589
Zm_62783	---TSARPHVVLLPSAGMGHLVPFARLAVALSEGGCNVSVAAVQPTVSSAESRLLDALFVAAAPAVRRLDFRLAPESEFPGADPFFLRFEATRRSAPLLGPLLDA------AEASALVTDIVLSVALPVARERGVPCYVLFTSSAAMLSLCAYFPAYLDAHAAAGSVGVGNVDIPGVFRIPKSSVPQALHDPDHLFTQQFVANGRCLVACDGILVNTFDAFEPDAVTALRQGSIPPVFTVGPML------PVRFQAEETADYMRWLSAQPPRSVVYVSFGSRKAIPRDQLRELAAGLEASGKRFLWVVKSTIVDRDDTADLLGDGFLERVQGRAFVTMWVEQEEILQHGSVGLFISHCGWNSLTEAAAFGVPVLAWPRFGDQRVNAALVARSWEEGWTWDGE--EGLTTRKEVAKKIKGMM---GYDAVAEKAAKVGDAAAAAIAKCGTSYQSLEEFVQRCRD---	Quercetin	1	3.55	481.865	205.611	0	5	8.74	6.9	0	8.14	9.94	13.03	0	0	0	0	0	0	0	0	0.0108192997541551
Zm_85854	---QTPPPHVAMLATPGMGHLIPLAELAKRLAQRGVTSTLITFASTASATQRAFLASMPPA----VASMALPPVDMSDLPRDAAITLMSEECVRAVPALTEALLSLKPTTTGRLVAFVTDLFGADAFDAARAAGVQRYLFFPTNLTALTLMLHLPELDASIPGEFRDLAEPLRLPGCVPLPGTETMKPLQDKSNPSYRWMVHHGAKFREATAILVNSFDAVEPGPAEVLRQPEPPPVRTIGPLV--RAEDGGGSKDDAPCPCVEWLDRQPAKSVIFVSFGSGGTLPAEEMRELALGLELSGQRFLWVVRSPSASKKDPFSYLPQGFLERTKDVGLVVPWAPQPKVLAHQSTGGFLTHCGWNSTLESLVHGVPMLAWPLFADQRQNAVLLCDGVGAALRVPGAK-----GREDIAAVVRELMTAGKGAAVRAKVEELQKAAAEGLRDGGATAAALAEVVKEWTS---	Quercetin	1	3.55	481.865	205.611	0	5	8.74	6.9	0	8.14	9.94	13.03	0	0	0	0	0	0	0	0	0.163025129341444
Gm_88E3	------KDTIVLYPNLGRGHLVSMVELGKLILTHSLSITILILTPPTTPSTTTTTLACDSNTTPSITFHRVPLAAPFNTPFLPPHLLSLELTRHSTQNIAVALQTLA--KASNLKAIVIDFMNNDPKALTENLNVPTYFYYTSGASTLALLLYYPTIHPTLIEKKDDQPLQIQIPGLSTITADDFPNECKDPLSYACQVFLQIAETMMGGAGIIVNTFEAIEEEAIRALSEDATPPLFCVGPVI-------SAPYGEEDKGCLSWLNLQPSQSVVLLCFGSMGRFSRAQLKEIAIGLEKSEQRFLWVVRTESAEELSLDELLPEGFLERTKEKGMVVRWAPQAAILSHDSVGGFVTHCGWNSVLEAVCEGVPMVAWPLYAEQKMNRMVMVKEMKVALAVNENKDG-FVSSTELGDRVRELMESDKGKEIRQRIFKMKMSAAEAMAEGGTSRASLDKLAKLWK----	Quercetin	1	3.55	481.865	205.611	0	5	8.74	6.9	0	8.14	9.94	13.03	0	0	0	0	0	0	0	0	0.258875651549527
Zm_72068	-----GPPHVAMLATPGMGHLIPLAELAKRLAARGATATLITFASAASATQRAFLASLPPS----VAARALPPVDLSDLPRDAAITLMTAECARSLPAIAAVLAELG--ETARLVAFVVDQFGMEAFNAA-GVRAARCLFMPMNLHALSLVLHLPELAASVPGEFRDLAEPVRLPGCVPIPGPDIISPLQDRSNPSYAVMVNLAVRCEAAAAILVNSFDAVEPEAAEALRHPAEPPVYPVGPLIQSESGGTGADGTPPRAACLEWLDRQPARSVVYVSFGSGGALPKEQMHELALGLERSGQRFLWVVRSPAESKKDPFAYLPEGFVGRTKEVGLLVPWAPQTQVLAHGATGGFLTHCGWNSTLESLVHGVPMVAWPLFAEQRLNAVMLSEGAGAAIRLPETK-----DKESIAAVVRELVEGGKGAMVRAKVAQLQKAAAEGLREGGAATTALDEVMDKWEAE--	Quercetin	1	3.55	481.865	205.611	0	5	8.74	6.9	0	8.14	9.94	13.03	0	0	0	0	0	0	0	0	0.0305327648232486
Lc_72B10	----VVTPHIAILPSPGMGHLIPLVEFSKRLIQNHFSVTLILPTDGPVSNAQKIYLNSLPC---SMDYHLLPPVNFDDLPLDTKMTRISLTVTRSLPSLREVFKTLV--ETKKTVALVVDLFGTDAFDVANDFKVSPYIFYPSTAMALSLFLYLPKLDETVSCEYTDLPDPVQIPGCIPIHGKDLLDPVQDRKNEAYKWVLHHSKRYRMAEGIVANSFKELEGGAIKALQEEEPPPVYPVGPLI---QMDSGSGSKADRSECLTWLDEQPRGSVLYISFGSGGTLSHEQMIELASGLEMSEQRFLWVIRTPVQDSTNPLDFLPKGFLEKTKGLGLVVPWAPQAQILGHGSTSGFLTHCGWNSTLESVVHGVPFIAWPLYAEQKMNAVMLSEDIKVALRPKANENG-IVGRLEIAKVVKGLMEGEEGKVVRSRMRDLKDAAAKVLSEDGSSTKALAELATKLKKK--	Quercetin	1	3.55	481.865	205.611	0	5	8.74	6.9	0	8.14	9.94	13.03	0	0	0	0	0	0	0	0	-0.0145238996118901
Fe_88J1	------EEAIVFYSAPGMGHIVSMAELANLIRRHRVSFTVIYGSQPFEPPTTTTAISQIANSSPSISFLHLPQHPINTFPARSPAAMAFESIRKSAPDFAESLRRIS-DAGTKIRSLVIDLFCGTALPIAAEQGIPVYYFFTSGSAALAAYLHMPTIHQRVGGRVFSPDLLIDIPGLPSIPADEMPEPLLDAKDPAYPEMVYFCECLQKSKGILVNTFDELEPVVTREAS-GACPAVYNIGPLI------EGSKDGDTSHETLSWLNTQPSGSVVFLCFGSRGRFTAAQTKAIAEGLERSGQRFIWVVRNPPDDNSSEIDLLPEGFLRRTKDIGIVVKWAPQVAVLSHDSVGGFVTHCGWNSVLEAVVAGKPMVAWPLYAEQHLNRAVLVKTMGMAVPVEQREGDRFVSGDELASRLIELMNSEKGKEMKEKSRLMRDKALAARNEGGSSMADLQKVVNEWMK---	Scopoletin	2	1.28	370.949	138.956	0	1	0	0	0	0	0	0	0	9.14	0	0	0	0	0	0	0.000739068480769887
Zm_15991	------APTVVLLPVWGAGHLMSMLDAGKRLLTRALSLTVLVMRAPTEQLAADLDAHIRRESGLDVRFVRLPAVQ-PPTHFHGIEEFISRLVQLHAPHVRAAISSLA----SPVAAVVMDFFCTALLDVTRELAVPAYVYFTASAGMLAFFLRLPSLHEEVTVQFEEMEGAVDVPGLPPVPPSSLPVPVMDKNHPNYTWFMYHGRRFAEADGIIVNTAAELEQSVLAAIADGRCPTVYPIGPVI---SFSPPPTNTEHPHECVRWLDTQPAASVVLLCFGSQGFSAAPQAHEIAHGLERSGHRFLWVLRGPHPSDANLSELLPDGFLERTKGRGLVWPKAPQKEILAHAAVGGFVTHGGWNSVLESLWFGVPMAPWPLYAEQHLNAFTLVAYVGVAVAMKVDRKRNFVEASELERAVKELMGGEEGRKAREKAMEMRDACRNAVEEGGSSYSSLRRLSEKICKV--	Scopoletin	2	1.28	370.949	138.956	0	1	0	0	0	0	0	0	0	9.14	0	0	0	0	0	0	0.00338969864460326
Fe_72B19	----GQPPHVVIFPSPGMGHLIPLTEFAKRLIPR-FTFTFAVPTAGEPSSAQRSFLSALPA---GIDSVFLPSVSMSDVPSDARITLMSIMVSRSLPSLRDLL--L---SRSPVAVLLVDLFGTDAFDVAFEVGITPYIFFPSTAMGLSLFLHLEKLDESVSCEYADLTEPVKIPGCVPVHGRDLLDPVQDRKNDAYKWVLHHCKRYKLAKGIIVNSFEAVERGAIRALVQAE-PAVYPVGPLV-------QTCSPEQPTECIKWLDRQPRGSVLFVNFGSGGTLSTEQQKELALGLARSEQRFLWVVRSPVDGESDPLQLLPSGFLDETAGRGLVVPWAPQIEVLSHGSTGGFLTHCGWNSILESVVHGVPLITWPLYAEQKMNAVMLTEDLKVGLRPVAGKDG-IIRGDEIARVVRELMEGEEGKRIKDRMVELKVAAKVALSEDGSSTKALIEIAKQWET---	Scopoletin	2	1.28	370.949	138.956	0	1	0	0	0	0	0	0	0	9.14	0	0	0	0	0	0	0.0160307181331179
Ct_71E5	--KTMTNSELVFIPSPGAGHLPPTVELAKLLLRRRLSITIIIMKAPFGGGAYDTA---KLDSTPRLRCVEIPSD-DSTAALISPTAFLTAFIDHHKPHVRNIVRESIPGGTVRLAGFVVDMFCVDMVDVANEFGAPTYAYFTSGAAMLGLMFHLQAKRDDDNLDVTNSRSVISVPSYINVPVNVLLDVL--FDKNGAKMFLDLAKRFRETKGIIVNSFRELESHAIEVLSDDPDPPVFPVGPIL----NLNSTTDDGKVDDIMTWLDEQPERSVVFLCFGSMGTFPEEQIREIASAIESGGHRFLWSLRRPPKEYEDPGEVLPEGFLERTSGVGRVIGWAPQLMVLSHRSVGSFVSHCGWNSTLESIWCGVPIAAWPMYAEQQTNAFQLVSEAGIAAEVRMDYRTNIVTAEEIERGIRRVM---SDGEIKRKAEEMKEKSRLAVSEGGSSYDSIGDFIHHVMN---	Scopoletin	2	1.28	370.949	138.956	0	1	0	0	0	0	0	0	0	9.14	0	0	0	0	0	0	0.189112864832133
Zm_51683	------QRPVVLYPSPGMGHLVSMIELGKLLGARGLPVTIVVVEPPFNTGATAPFLAGVSAANPSISFHRLPKVERLPLVSTKHQALTFEVIRVSNPHLREFLAAAT------PAVLVVDFFCSIALDVAEELRVPAYFFFTSGAEVLAFFLHLPALHERATASFQMGEEPVQVPGIPPFPATHAILPVMERDDAAYDGFVKGCADLCRSQGVLVNTFRLLEQRAVETVAAGHCPPIYCIGPLI-----KSEEVLGKGGEECLAWLDAQPRASVVLLCFGSIGRFSAEQIREVAAGLEASRQRFLWVVRAPKPPEPDLDALLPEGFLARTKDRGLVVKWAPQRDVLAHASVGGFVTHCGWNSVLEAIMAGVPMVAWPLYAEQRLNRVFLEKEMQLAVAVAGYDSDKLVPAEEVAAKVRWIMDSEGGRMLRERTLAAMRQAKDALREGGESEATLAGLVDDWK----	Scopoletin	2	1.28	370.949	138.956	0	1	0	0	0	0	0	0	0	9.14	0	0	0	0	0	0	0.00276725902372846
Os_88C1	-----ARKPVVLYPSPGMGHLVSMIELGKVFAARGLAVTVVVVDPPYGNTGATPFLAGVTAANPAMTFHRLPKVEVPPVASKHHESLTFEVTRLSNPGLRDFLA------GASPVVLIIDFFCNAALDVADELGVPAYMFYTSGAEILAFFLYLPVLHAQTTANFGMGEELVHAPGIPSFPATHSVLPLMERDDPAYAEFLKASADLCRTQGFLVNTFRSLEPRAVETIAAGSCPPVYCIGPLI-----KSAEVGENRSEECLAWLDTQPNGSVVFLCFGSIGLFSAEQIKEVAAGLEASGQRFLWVVRSPKPPEPDLDALLPKGFLERTKGRGLVVKWAPQRDVLAHAAVGGFVTHCGWNSVLESIVAGVPMLAWPLYAEQRMNRVFLEKEMRLAVAVEGYDDDVTVKAEEVAAKVRWLMESDGGRALLERTLAAMRRAKAALRDGGESEVTLARLVESWRE---	Scopoletin	2	1.28	370.949	138.956	0	1	0	0	0	0	0	0	0	9.14	0	0	0	0	0	0	0.00281778047197894
Zm_43295	----KQQQTVILYPSPGVGHIVPMVQLAKVFLRHGCDVTMVIAEPAASSPDFRIVDLDRVASNPAITFHVLPPVPYADLAVPGKHLLTLQVLRRYNGELERFLRSVP---RERLHSLVVGMFCTDAVDVGAKLGVPVYTFFASAAATLAVVAQLPALLSGRRAGLKLGDTPLQFLGVPPFPASHLVRELLEDDDELCKTMVDVWKRCTDGSGVLVNTFESLESPAVQALRDPRCPPVYCVGPLIGTRAAAEQERAAETRHECLAWLDEQPENSVVFLCFGSRCAHSAEQLRGIAVGLERSGQRFLWSVRTPDGGSENLGALFPEGFLQRTKDRGLVVRWAPQVEVLRHPSTGAFMTHCGWNSTLEAITAGVPMLCWPFYAEQLMNKVFVTEGMGVGVEMEGYTTG-FIKSEEVEAKVRLVMESEEGRHLRGRAVALKNEAQAALRDDGPSETSFARFLFDA-----	Scopoletin	2	1.28	370.949	138.956	0	1	0	0	0	0	0	0	0	9.14	0	0	0	0	0	0	0.0428604860583855
Dc_71F5	-----SSTELVIVPAPGMGHLVSTVQLAKVILKKDFSISIFIINLPMHSDKISSYVDSQSRYPTRLLFTTLPPVTTSDPTS---LGFFTDFIKLHKPLVKRAVEERVELGSPKPAGFVLDMFCTTMVDVANELGIPSYLFLTCGVNFLNFVYYVESLADEHGLGARDPEFESVVSGFRNITSKIIPGIF--KGEFGSGMILNLAKEFKKMKGILVNSYVELESFEIQALQNSDDPPIYPVGPIL--DLNRESGSDKEENKSIIEWLNSQPDSSIVFLCFGSMGSFDAEQVKEIANGLEKSGVRFLWALRKPPSDNGTFLEALPEGFIDRTVNRGKIIGWAPQVDVLAHPAIGGFVSHCGWNSTLESLWFGVPIGAWPMYSEQNLNALVLVEQ-KLAVEIRMDYVMDIVSSMEIEEGLKKLM--NMDENMRRNVKDMGEKGRKALEKGGSSCHWLDSFMKDVLTN--	Scopoletin	2	1.28	370.949	138.956	0	1	0	0	0	0	0	0	0	9.14	0	0	0	0	0	0	0.0419028558850858
Rc_GT1	--------AIVLYPYPGLGHLISMVELGKLLLTHSFSITILASTAPTTIAATAKLVASSNDDNPAINFHHLPTISPEHIEK---LNLPFEYARLQIPNILQVLQ----TLKSSLKALILDMFCDALFDVTKDLNIPTFYFYTSAGRSLAVLLNIPTFHRTTNSLSDFGDVPISISGMPPIPVSAMPKLLFDRSTNFYKSFLSTSTHMAKSNGIILNTFDLLEERALKALRAGLCPPIFTVGPLI------SGKSGDNDEHESLKWLNNQPKDSVVFLCFGSMGVFSIKQLEAMALGLEKSGQRFLWVVRNPPVEEPSLEEILPKGFVERTKDRGLVVRWAPQVEVLSHDSVGGFVTHCGWNSVLEAVCNGVPMVAWPLYAEQKLGRVFLVEEMKVAVGVKESETG-FVSADELEKRVRELMDSESGDEIRGRVSEFSNGGVKAKEEGGSSVASLAKLAQLWKQ---	Scopoletin	2	1.28	370.949	138.956	0	1	0	0	0	0	0	0	0	9.14	0	0	0	0	0	0	0.0109016143901399
Sl_GT5	------IPHIAILPSPGMGHLIPLVEFAKRIFLHHFSVSLILPTDGPISNAQKIFLNSLPS---SMDYHLLPPVNDDLPEDVKIETRISLTVSRSLTSLRQVLESII--ESKKTVALVVDLFGTDAFDVAIDLKISPYIFFPSTAMGLSLFLHLPNLDETVSCEYRDLPDPIQIPGCTPIHGKDLLDPVQDRNDESYKWLLHHAKRYGMAEGIIVNSFKELEGGAIGALQKDEPPTVYPVGPLI-----QMDSGSKVDGSECMTWLDEQPRGSVLYISYGSGGTLSHEQLIEVAAGLEMSEQRFLWVVRCPVQDSTNPLEFLPKGFLERTKGFGLVLPWAPQARILSHESTGGFLTHCGWNSTLESVVHGVPLIAWPLYAEQKMNAVMLSEDIKVALRPKVNEENGIVGRLEIAKVVKGLMEGEEGKGVRSRMRDLKDAAAKVLSEDGSSTKALAELATKLRKK--	Scopoletin	2	1.28	370.949	138.956	0	1	0	0	0	0	0	0	0	9.14	0	0	0	0	0	0	0.0588132932358989
Fi_88A10	--------TIVLYPSPGMGHLISMVELGKFILKHSFTIAILIVPPSFNTGSTASYIDRVSAATNSITFHHLPTISLELDSFSSMEALIFEAIRLSNPHVHHALQHIS--LTTTITALIIDFFCTPAISISTKLGIPTYYFFTSGISSLAFFLYLPVIHRNTVKSFKDLNSLVDIPGLPPIPSSDVAKPILDRASTEYACFLDFSLHLPKSAGVIVNSFNSLEPKTLKAISEGSCPPVFCVGPLL---ATEDQQSGTDGVHECLKWLDLQPIQSVVFLCFGSLGLFSDKQLKEIAIGLERSEQRFLWVVRSPAPPEPDLDSLLPIGFLDRTKDLGFVVKWAPQVEVLNHKSIGGFVTHCGWNSVLEAVCAGVPMVAWPLYAEQKFNRVILVEDLKLALRINESEDG-FVTAEEVESRVRELMDSDEGESLRKLAKEKEAEAKAAISEGGSSIVDLAKLVESWK----	Scopoletin	2	1.28	370.949	138.956	0	1	0	0	0	0	0	0	0	9.14	0	0	0	0	0	0	0.0676957430369658
At_71D1	-----RNVELIFIPTPTVGHLVPFLEFARRLIEQRIRITILLMKLQGQSHLDTYVKSIASS-QPFVRFIDVPELEEKPTLGSTQSAYVYDVIERNIPLVRNIVMDILALDGVKVKGLVVDFFCLPMIDVAKDISLPFYVFLTTNSGFLAMMQYLADRHSRDTSVFVNSEEMLSIPGFVNVPANVLPSAL--FVEDGYDAYVKLAILFTKANGILVNSSFDIEPYSVNHFLQEQNPSVYAVGPIFDLKAQPHPEQDLTRRDELMKWLDDQPEASVVFLCFGSMARLRGSLVKEIAHGLELCQYRFLWSLRKE----EVTKDDLPEGFLDRVDGRGMICGWSPQVEILAHKAVGGFVSHCGWNSIVESLWFGVPIVTWPMYAEQQLNAFLMVKELKLAVELKLDYRVHIVNANEIETAIRYVM-DTDNNVVRKRVMDISQMIQRATKNGGSSFAAIEKFIYDVI----	Scopoletin	2	1.28	370.949	138.956	0	1	0	0	0	0	0	0	0	9.14	0	0	0	0	0	0	0.014806189715894
At_71C1	---KQEDAELVIIPFPFSGHILATIELAKRLISQRITITILYWPFIPQADTIAFLRSLVKN-EPRIRLVTLPEVQPPPMELFVEFSYILEYVKKMVPIIREALSTLLESGSVRVAGLVLDFFCVPMIDVGNEFNLPSYIFLTCSAGFLGMMKYLPERHREIKSEFNFNEELNLIPGYVNVPTKVLPSGL--FMKETYEPWVELAERFPEAKGILVNSYTALEPNGFKYFDRCPDPTIYPIGPIL--CSNDRPNLDSSERDRIITWLDDQPESSVVFLCFGSLKNLSATQINEIAQALEIVDCKFIWSFRTNPKEYASPYEALPHGFMDRVMDQGIVCGWAPQVEILAHKAVGGFVSHCGWNSILESLGFGVPIATWPMYAEQQLNAFTMVKELGLALEMRLDYVSEIVKADEIAGTVRSLM--DGVDVPKSKVKEIAEAGKEAV-DGGSSFLAVKRFIGDLI----	Scopoletin	2	1.28	370.949	138.956	0	1	0	0	0	0	0	0	0	9.14	0	0	0	0	0	0	1.8217712561978
Zm_62783	---TSARPHVVLLPSAGMGHLVPFARLAVALSEGGCNVSVAAVQPTVSSAESRLLDALFVAAAPAVRRLDFRLAPESEFPGADPFFLRFEATRRSAPLLGPLLDA------AEASALVTDIVLSVALPVARERGVPCYVLFTSSAAMLSLCAYFPAYLDAHAAAGSVGVGNVDIPGVFRIPKSSVPQALHDPDHLFTQQFVANGRCLVACDGILVNTFDAFEPDAVTALRQGSIPPVFTVGPML------PVRFQAEETADYMRWLSAQPPRSVVYVSFGSRKAIPRDQLRELAAGLEASGKRFLWVVKSTIVDRDDTADLLGDGFLERVQGRAFVTMWVEQEEILQHGSVGLFISHCGWNSLTEAAAFGVPVLAWPRFGDQRVNAALVARSWEEGWTWDGE--EGLTTRKEVAKKIKGMM---GYDAVAEKAAKVGDAAAAAIAKCGTSYQSLEEFVQRCRD---	Scopoletin	2	1.28	370.949	138.956	0	1	0	0	0	0	0	0	0	9.14	0	0	0	0	0	0	0.00631337962124841
Zm_85854	---QTPPPHVAMLATPGMGHLIPLAELAKRLAQRGVTSTLITFASTASATQRAFLASMPPA----VASMALPPVDMSDLPRDAAITLMSEECVRAVPALTEALLSLKPTTTGRLVAFVTDLFGADAFDAARAAGVQRYLFFPTNLTALTLMLHLPELDASIPGEFRDLAEPLRLPGCVPLPGTETMKPLQDKSNPSYRWMVHHGAKFREATAILVNSFDAVEPGPAEVLRQPEPPPVRTIGPLV--RAEDGGGSKDDAPCPCVEWLDRQPAKSVIFVSFGSGGTLPAEEMRELALGLELSGQRFLWVVRSPSASKKDPFSYLPQGFLERTKDVGLVVPWAPQPKVLAHQSTGGFLTHCGWNSTLESLVHGVPMLAWPLFADQRQNAVLLCDGVGAALRVPGAK-----GREDIAAVVRELMTAGKGAAVRAKVEELQKAAAEGLRDGGATAAALAEVVKEWTS---	Scopoletin	2	1.28	370.949	138.956	0	1	0	0	0	0	0	0	0	9.14	0	0	0	0	0	0	0.252981879441699
Gm_88E3	------KDTIVLYPNLGRGHLVSMVELGKLILTHSLSITILILTPPTTPSTTTTTLACDSNTTPSITFHRVPLAAPFNTPFLPPHLLSLELTRHSTQNIAVALQTLA--KASNLKAIVIDFMNNDPKALTENLNVPTYFYYTSGASTLALLLYYPTIHPTLIEKKDDQPLQIQIPGLSTITADDFPNECKDPLSYACQVFLQIAETMMGGAGIIVNTFEAIEEEAIRALSEDATPPLFCVGPVI-------SAPYGEEDKGCLSWLNLQPSQSVVLLCFGSMGRFSRAQLKEIAIGLEKSEQRFLWVVRTESAEELSLDELLPEGFLERTKEKGMVVRWAPQAAILSHDSVGGFVTHCGWNSVLEAVCEGVPMVAWPLYAEQKMNRMVMVKEMKVALAVNENKDG-FVSSTELGDRVRELMESDKGKEIRQRIFKMKMSAAEAMAEGGTSRASLDKLAKLWK----	Scopoletin	2	1.28	370.949	138.956	0	1	0	0	0	0	0	0	0	9.14	0	0	0	0	0	0	0.0234168469910211
Zm_72068	-----GPPHVAMLATPGMGHLIPLAELAKRLAARGATATLITFASAASATQRAFLASLPPS----VAARALPPVDLSDLPRDAAITLMTAECARSLPAIAAVLAELG--ETARLVAFVVDQFGMEAFNAA-GVRAARCLFMPMNLHALSLVLHLPELAASVPGEFRDLAEPVRLPGCVPIPGPDIISPLQDRSNPSYAVMVNLAVRCEAAAAILVNSFDAVEPEAAEALRHPAEPPVYPVGPLIQSESGGTGADGTPPRAACLEWLDRQPARSVVYVSFGSGGALPKEQMHELALGLERSGQRFLWVVRSPAESKKDPFAYLPEGFVGRTKEVGLLVPWAPQTQVLAHGATGGFLTHCGWNSTLESLVHGVPMVAWPLFAEQRLNAVMLSEGAGAAIRLPETK-----DKESIAAVVRELVEGGKGAMVRAKVAQLQKAAAEGLREGGAATTALDEVMDKWEAE--	Scopoletin	2	1.28	370.949	138.956	0	1	0	0	0	0	0	0	0	9.14	0	0	0	0	0	0	0.0435305505654075
Lc_72B10	----VVTPHIAILPSPGMGHLIPLVEFSKRLIQNHFSVTLILPTDGPVSNAQKIYLNSLPC---SMDYHLLPPVNFDDLPLDTKMTRISLTVTRSLPSLREVFKTLV--ETKKTVALVVDLFGTDAFDVANDFKVSPYIFYPSTAMALSLFLYLPKLDETVSCEYTDLPDPVQIPGCIPIHGKDLLDPVQDRKNEAYKWVLHHSKRYRMAEGIVANSFKELEGGAIKALQEEEPPPVYPVGPLI---QMDSGSGSKADRSECLTWLDEQPRGSVLYISFGSGGTLSHEQMIELASGLEMSEQRFLWVIRTPVQDSTNPLDFLPKGFLEKTKGLGLVVPWAPQAQILGHGSTSGFLTHCGWNSTLESVVHGVPFIAWPLYAEQKMNAVMLSEDIKVALRPKANENG-IVGRLEIAKVVKGLMEGEEGKVVRSRMRDLKDAAAKVLSEDGSSTKALAELATKLKKK--	Scopoletin	2	1.28	370.949	138.956	0	1	0	0	0	0	0	0	0	9.14	0	0	0	0	0	0	0.0157401049837008
Fe_88J1	------EEAIVFYSAPGMGHIVSMAELANLIRRHRVSFTVIYGSQPFEPPTTTTAISQIANSSPSISFLHLPQHPINTFPARSPAAMAFESIRKSAPDFAESLRRIS-DAGTKIRSLVIDLFCGTALPIAAEQGIPVYYFFTSGSAALAAYLHMPTIHQRVGGRVFSPDLLIDIPGLPSIPADEMPEPLLDAKDPAYPEMVYFCECLQKSKGILVNTFDELEPVVTREAS-GACPAVYNIGPLI------EGSKDGDTSHETLSWLNTQPSGSVVFLCFGSRGRFTAAQTKAIAEGLERSGQRFIWVVRNPPDDNSSEIDLLPEGFLRRTKDIGIVVKWAPQVAVLSHDSVGGFVTHCGWNSVLEAVVAGKPMVAWPLYAEQHLNRAVLVKTMGMAVPVEQREGDRFVSGDELASRLIELMNSEKGKEMKEKSRLMRDKALAARNEGGSSMADLQKVVNEWMK---	Genistein	1	3.14	461.088	193.664	0	3	0	7.08	0	8.26	0	9.66	0	0	0	0	0	0	0	0	0.220951219300217
Zm_15991	------APTVVLLPVWGAGHLMSMLDAGKRLLTRALSLTVLVMRAPTEQLAADLDAHIRRESGLDVRFVRLPAVQ-PPTHFHGIEEFISRLVQLHAPHVRAAISSLA----SPVAAVVMDFFCTALLDVTRELAVPAYVYFTASAGMLAFFLRLPSLHEEVTVQFEEMEGAVDVPGLPPVPPSSLPVPVMDKNHPNYTWFMYHGRRFAEADGIIVNTAAELEQSVLAAIADGRCPTVYPIGPVI---SFSPPPTNTEHPHECVRWLDTQPAASVVLLCFGSQGFSAAPQAHEIAHGLERSGHRFLWVLRGPHPSDANLSELLPDGFLERTKGRGLVWPKAPQKEILAHAAVGGFVTHGGWNSVLESLWFGVPMAPWPLYAEQHLNAFTLVAYVGVAVAMKVDRKRNFVEASELERAVKELMGGEEGRKAREKAMEMRDACRNAVEEGGSSYSSLRRLSEKICKV--	Genistein	1	3.14	461.088	193.664	0	3	0	7.08	0	8.26	0	9.66	0	0	0	0	0	0	0	0	0.00841693742872999
Fe_72B19	----GQPPHVVIFPSPGMGHLIPLTEFAKRLIPR-FTFTFAVPTAGEPSSAQRSFLSALPA---GIDSVFLPSVSMSDVPSDARITLMSIMVSRSLPSLRDLL--L---SRSPVAVLLVDLFGTDAFDVAFEVGITPYIFFPSTAMGLSLFLHLEKLDESVSCEYADLTEPVKIPGCVPVHGRDLLDPVQDRKNDAYKWVLHHCKRYKLAKGIIVNSFEAVERGAIRALVQAE-PAVYPVGPLV-------QTCSPEQPTECIKWLDRQPRGSVLFVNFGSGGTLSTEQQKELALGLARSEQRFLWVVRSPVDGESDPLQLLPSGFLDETAGRGLVVPWAPQIEVLSHGSTGGFLTHCGWNSILESVVHGVPLITWPLYAEQKMNAVMLTEDLKVGLRPVAGKDG-IIRGDEIARVVRELMEGEEGKRIKDRMVELKVAAKVALSEDGSSTKALIEIAKQWET---	Genistein	1	3.14	461.088	193.664	0	3	0	7.08	0	8.26	0	9.66	0	0	0	0	0	0	0	0	0.0103931912262333
Ct_71E5	--KTMTNSELVFIPSPGAGHLPPTVELAKLLLRRRLSITIIIMKAPFGGGAYDTA---KLDSTPRLRCVEIPSD-DSTAALISPTAFLTAFIDHHKPHVRNIVRESIPGGTVRLAGFVVDMFCVDMVDVANEFGAPTYAYFTSGAAMLGLMFHLQAKRDDDNLDVTNSRSVISVPSYINVPVNVLLDVL--FDKNGAKMFLDLAKRFRETKGIIVNSFRELESHAIEVLSDDPDPPVFPVGPIL----NLNSTTDDGKVDDIMTWLDEQPERSVVFLCFGSMGTFPEEQIREIASAIESGGHRFLWSLRRPPKEYEDPGEVLPEGFLERTSGVGRVIGWAPQLMVLSHRSVGSFVSHCGWNSTLESIWCGVPIAAWPMYAEQQTNAFQLVSEAGIAAEVRMDYRTNIVTAEEIERGIRRVM---SDGEIKRKAEEMKEKSRLAVSEGGSSYDSIGDFIHHVMN---	Genistein	1	3.14	461.088	193.664	0	3	0	7.08	0	8.26	0	9.66	0	0	0	0	0	0	0	0	0.155169998938424
Zm_51683	------QRPVVLYPSPGMGHLVSMIELGKLLGARGLPVTIVVVEPPFNTGATAPFLAGVSAANPSISFHRLPKVERLPLVSTKHQALTFEVIRVSNPHLREFLAAAT------PAVLVVDFFCSIALDVAEELRVPAYFFFTSGAEVLAFFLHLPALHERATASFQMGEEPVQVPGIPPFPATHAILPVMERDDAAYDGFVKGCADLCRSQGVLVNTFRLLEQRAVETVAAGHCPPIYCIGPLI-----KSEEVLGKGGEECLAWLDAQPRASVVLLCFGSIGRFSAEQIREVAAGLEASRQRFLWVVRAPKPPEPDLDALLPEGFLARTKDRGLVVKWAPQRDVLAHASVGGFVTHCGWNSVLEAIMAGVPMVAWPLYAEQRLNRVFLEKEMQLAVAVAGYDSDKLVPAEEVAAKVRWIMDSEGGRMLRERTLAAMRQAKDALREGGESEATLAGLVDDWK----	Genistein	1	3.14	461.088	193.664	0	3	0	7.08	0	8.26	0	9.66	0	0	0	0	0	0	0	0	-0.00276213042478977
Os_88C1	-----ARKPVVLYPSPGMGHLVSMIELGKVFAARGLAVTVVVVDPPYGNTGATPFLAGVTAANPAMTFHRLPKVEVPPVASKHHESLTFEVTRLSNPGLRDFLA------GASPVVLIIDFFCNAALDVADELGVPAYMFYTSGAEILAFFLYLPVLHAQTTANFGMGEELVHAPGIPSFPATHSVLPLMERDDPAYAEFLKASADLCRTQGFLVNTFRSLEPRAVETIAAGSCPPVYCIGPLI-----KSAEVGENRSEECLAWLDTQPNGSVVFLCFGSIGLFSAEQIKEVAAGLEASGQRFLWVVRSPKPPEPDLDALLPKGFLERTKGRGLVVKWAPQRDVLAHAAVGGFVTHCGWNSVLESIVAGVPMLAWPLYAEQRMNRVFLEKEMRLAVAVEGYDDDVTVKAEEVAAKVRWLMESDGGRALLERTLAAMRRAKAALRDGGESEVTLARLVESWRE---	Genistein	1	3.14	461.088	193.664	0	3	0	7.08	0	8.26	0	9.66	0	0	0	0	0	0	0	0	-0.000404133596381647
Zm_43295	----KQQQTVILYPSPGVGHIVPMVQLAKVFLRHGCDVTMVIAEPAASSPDFRIVDLDRVASNPAITFHVLPPVPYADLAVPGKHLLTLQVLRRYNGELERFLRSVP---RERLHSLVVGMFCTDAVDVGAKLGVPVYTFFASAAATLAVVAQLPALLSGRRAGLKLGDTPLQFLGVPPFPASHLVRELLEDDDELCKTMVDVWKRCTDGSGVLVNTFESLESPAVQALRDPRCPPVYCVGPLIGTRAAAEQERAAETRHECLAWLDEQPENSVVFLCFGSRCAHSAEQLRGIAVGLERSGQRFLWSVRTPDGGSENLGALFPEGFLQRTKDRGLVVRWAPQVEVLRHPSTGAFMTHCGWNSTLEAITAGVPMLCWPFYAEQLMNKVFVTEGMGVGVEMEGYTTG-FIKSEEVEAKVRLVMESEEGRHLRGRAVALKNEAQAALRDDGPSETSFARFLFDA-----	Genistein	1	3.14	461.088	193.664	0	3	0	7.08	0	8.26	0	9.66	0	0	0	0	0	0	0	0	0.0140067935533014
Dc_71F5	-----SSTELVIVPAPGMGHLVSTVQLAKVILKKDFSISIFIINLPMHSDKISSYVDSQSRYPTRLLFTTLPPVTTSDPTS---LGFFTDFIKLHKPLVKRAVEERVELGSPKPAGFVLDMFCTTMVDVANELGIPSYLFLTCGVNFLNFVYYVESLADEHGLGARDPEFESVVSGFRNITSKIIPGIF--KGEFGSGMILNLAKEFKKMKGILVNSYVELESFEIQALQNSDDPPIYPVGPIL--DLNRESGSDKEENKSIIEWLNSQPDSSIVFLCFGSMGSFDAEQVKEIANGLEKSGVRFLWALRKPPSDNGTFLEALPEGFIDRTVNRGKIIGWAPQVDVLAHPAIGGFVSHCGWNSTLESLWFGVPIGAWPMYSEQNLNALVLVEQ-KLAVEIRMDYVMDIVSSMEIEEGLKKLM--NMDENMRRNVKDMGEKGRKALEKGGSSCHWLDSFMKDVLTN--	Genistein	1	3.14	461.088	193.664	0	3	0	7.08	0	8.26	0	9.66	0	0	0	0	0	0	0	0	-0.00491947341278572
Rc_GT1	--------AIVLYPYPGLGHLISMVELGKLLLTHSFSITILASTAPTTIAATAKLVASSNDDNPAINFHHLPTISPEHIEK---LNLPFEYARLQIPNILQVLQ----TLKSSLKALILDMFCDALFDVTKDLNIPTFYFYTSAGRSLAVLLNIPTFHRTTNSLSDFGDVPISISGMPPIPVSAMPKLLFDRSTNFYKSFLSTSTHMAKSNGIILNTFDLLEERALKALRAGLCPPIFTVGPLI------SGKSGDNDEHESLKWLNNQPKDSVVFLCFGSMGVFSIKQLEAMALGLEKSGQRFLWVVRNPPVEEPSLEEILPKGFVERTKDRGLVVRWAPQVEVLSHDSVGGFVTHCGWNSVLEAVCNGVPMVAWPLYAEQKLGRVFLVEEMKVAVGVKESETG-FVSADELEKRVRELMDSESGDEIRGRVSEFSNGGVKAKEEGGSSVASLAKLAQLWKQ---	Genistein	1	3.14	461.088	193.664	0	3	0	7.08	0	8.26	0	9.66	0	0	0	0	0	0	0	0	0.113180747463379
Sl_GT5	------IPHIAILPSPGMGHLIPLVEFAKRIFLHHFSVSLILPTDGPISNAQKIFLNSLPS---SMDYHLLPPVNDDLPEDVKIETRISLTVSRSLTSLRQVLESII--ESKKTVALVVDLFGTDAFDVAIDLKISPYIFFPSTAMGLSLFLHLPNLDETVSCEYRDLPDPIQIPGCTPIHGKDLLDPVQDRNDESYKWLLHHAKRYGMAEGIIVNSFKELEGGAIGALQKDEPPTVYPVGPLI-----QMDSGSKVDGSECMTWLDEQPRGSVLYISYGSGGTLSHEQLIEVAAGLEMSEQRFLWVVRCPVQDSTNPLEFLPKGFLERTKGFGLVLPWAPQARILSHESTGGFLTHCGWNSTLESVVHGVPLIAWPLYAEQKMNAVMLSEDIKVALRPKVNEENGIVGRLEIAKVVKGLMEGEEGKGVRSRMRDLKDAAAKVLSEDGSSTKALAELATKLRKK--	Genistein	1	3.14	461.088	193.664	0	3	0	7.08	0	8.26	0	9.66	0	0	0	0	0	0	0	0	0.013198235677514
Fi_88A10	--------TIVLYPSPGMGHLISMVELGKFILKHSFTIAILIVPPSFNTGSTASYIDRVSAATNSITFHHLPTISLELDSFSSMEALIFEAIRLSNPHVHHALQHIS--LTTTITALIIDFFCTPAISISTKLGIPTYYFFTSGISSLAFFLYLPVIHRNTVKSFKDLNSLVDIPGLPPIPSSDVAKPILDRASTEYACFLDFSLHLPKSAGVIVNSFNSLEPKTLKAISEGSCPPVFCVGPLL---ATEDQQSGTDGVHECLKWLDLQPIQSVVFLCFGSLGLFSDKQLKEIAIGLERSEQRFLWVVRSPAPPEPDLDSLLPIGFLDRTKDLGFVVKWAPQVEVLNHKSIGGFVTHCGWNSVLEAVCAGVPMVAWPLYAEQKFNRVILVEDLKLALRINESEDG-FVTAEEVESRVRELMDSDEGESLRKLAKEKEAEAKAAISEGGSSIVDLAKLVESWK----	Genistein	1	3.14	461.088	193.664	0	3	0	7.08	0	8.26	0	9.66	0	0	0	0	0	0	0	0	-0.000591658679664625
At_71D1	-----RNVELIFIPTPTVGHLVPFLEFARRLIEQRIRITILLMKLQGQSHLDTYVKSIASS-QPFVRFIDVPELEEKPTLGSTQSAYVYDVIERNIPLVRNIVMDILALDGVKVKGLVVDFFCLPMIDVAKDISLPFYVFLTTNSGFLAMMQYLADRHSRDTSVFVNSEEMLSIPGFVNVPANVLPSAL--FVEDGYDAYVKLAILFTKANGILVNSSFDIEPYSVNHFLQEQNPSVYAVGPIFDLKAQPHPEQDLTRRDELMKWLDDQPEASVVFLCFGSMARLRGSLVKEIAHGLELCQYRFLWSLRKE----EVTKDDLPEGFLDRVDGRGMICGWSPQVEILAHKAVGGFVSHCGWNSIVESLWFGVPIVTWPMYAEQQLNAFLMVKELKLAVELKLDYRVHIVNANEIETAIRYVM-DTDNNVVRKRVMDISQMIQRATKNGGSSFAAIEKFIYDVI----	Genistein	1	3.14	461.088	193.664	0	3	0	7.08	0	8.26	0	9.66	0	0	0	0	0	0	0	0	0.0229409898293082
At_71C1	---KQEDAELVIIPFPFSGHILATIELAKRLISQRITITILYWPFIPQADTIAFLRSLVKN-EPRIRLVTLPEVQPPPMELFVEFSYILEYVKKMVPIIREALSTLLESGSVRVAGLVLDFFCVPMIDVGNEFNLPSYIFLTCSAGFLGMMKYLPERHREIKSEFNFNEELNLIPGYVNVPTKVLPSGL--FMKETYEPWVELAERFPEAKGILVNSYTALEPNGFKYFDRCPDPTIYPIGPIL--CSNDRPNLDSSERDRIITWLDDQPESSVVFLCFGSLKNLSATQINEIAQALEIVDCKFIWSFRTNPKEYASPYEALPHGFMDRVMDQGIVCGWAPQVEILAHKAVGGFVSHCGWNSILESLGFGVPIATWPMYAEQQLNAFTMVKELGLALEMRLDYVSEIVKADEIAGTVRSLM--DGVDVPKSKVKEIAEAGKEAV-DGGSSFLAVKRFIGDLI----	Genistein	1	3.14	461.088	193.664	0	3	0	7.08	0	8.26	0	9.66	0	0	0	0	0	0	0	0	0.010425586876197
Zm_62783	---TSARPHVVLLPSAGMGHLVPFARLAVALSEGGCNVSVAAVQPTVSSAESRLLDALFVAAAPAVRRLDFRLAPESEFPGADPFFLRFEATRRSAPLLGPLLDA------AEASALVTDIVLSVALPVARERGVPCYVLFTSSAAMLSLCAYFPAYLDAHAAAGSVGVGNVDIPGVFRIPKSSVPQALHDPDHLFTQQFVANGRCLVACDGILVNTFDAFEPDAVTALRQGSIPPVFTVGPML------PVRFQAEETADYMRWLSAQPPRSVVYVSFGSRKAIPRDQLRELAAGLEASGKRFLWVVKSTIVDRDDTADLLGDGFLERVQGRAFVTMWVEQEEILQHGSVGLFISHCGWNSLTEAAAFGVPVLAWPRFGDQRVNAALVARSWEEGWTWDGE--EGLTTRKEVAKKIKGMM---GYDAVAEKAAKVGDAAAAAIAKCGTSYQSLEEFVQRCRD---	Genistein	1	3.14	461.088	193.664	0	3	0	7.08	0	8.26	0	9.66	0	0	0	0	0	0	0	0	0.0258296496810036
Zm_85854	---QTPPPHVAMLATPGMGHLIPLAELAKRLAQRGVTSTLITFASTASATQRAFLASMPPA----VASMALPPVDMSDLPRDAAITLMSEECVRAVPALTEALLSLKPTTTGRLVAFVTDLFGADAFDAARAAGVQRYLFFPTNLTALTLMLHLPELDASIPGEFRDLAEPLRLPGCVPLPGTETMKPLQDKSNPSYRWMVHHGAKFREATAILVNSFDAVEPGPAEVLRQPEPPPVRTIGPLV--RAEDGGGSKDDAPCPCVEWLDRQPAKSVIFVSFGSGGTLPAEEMRELALGLELSGQRFLWVVRSPSASKKDPFSYLPQGFLERTKDVGLVVPWAPQPKVLAHQSTGGFLTHCGWNSTLESLVHGVPMLAWPLFADQRQNAVLLCDGVGAALRVPGAK-----GREDIAAVVRELMTAGKGAAVRAKVEELQKAAAEGLRDGGATAAALAEVVKEWTS---	Genistein	1	3.14	461.088	193.664	0	3	0	7.08	0	8.26	0	9.66	0	0	0	0	0	0	0	0	-0.029476568457963
Gm_88E3	------KDTIVLYPNLGRGHLVSMVELGKLILTHSLSITILILTPPTTPSTTTTTLACDSNTTPSITFHRVPLAAPFNTPFLPPHLLSLELTRHSTQNIAVALQTLA--KASNLKAIVIDFMNNDPKALTENLNVPTYFYYTSGASTLALLLYYPTIHPTLIEKKDDQPLQIQIPGLSTITADDFPNECKDPLSYACQVFLQIAETMMGGAGIIVNTFEAIEEEAIRALSEDATPPLFCVGPVI-------SAPYGEEDKGCLSWLNLQPSQSVVLLCFGSMGRFSRAQLKEIAIGLEKSEQRFLWVVRTESAEELSLDELLPEGFLERTKEKGMVVRWAPQAAILSHDSVGGFVTHCGWNSVLEAVCEGVPMVAWPLYAEQKMNRMVMVKEMKVALAVNENKDG-FVSSTELGDRVRELMESDKGKEIRQRIFKMKMSAAEAMAEGGTSRASLDKLAKLWK----	Genistein	1	3.14	461.088	193.664	0	3	0	7.08	0	8.26	0	9.66	0	0	0	0	0	0	0	0	0.384492027341864
Zm_72068	-----GPPHVAMLATPGMGHLIPLAELAKRLAARGATATLITFASAASATQRAFLASLPPS----VAARALPPVDLSDLPRDAAITLMTAECARSLPAIAAVLAELG--ETARLVAFVVDQFGMEAFNAA-GVRAARCLFMPMNLHALSLVLHLPELAASVPGEFRDLAEPVRLPGCVPIPGPDIISPLQDRSNPSYAVMVNLAVRCEAAAAILVNSFDAVEPEAAEALRHPAEPPVYPVGPLIQSESGGTGADGTPPRAACLEWLDRQPARSVVYVSFGSGGALPKEQMHELALGLERSGQRFLWVVRSPAESKKDPFAYLPEGFVGRTKEVGLLVPWAPQTQVLAHGATGGFLTHCGWNSTLESLVHGVPMVAWPLFAEQRLNAVMLSEGAGAAIRLPETK-----DKESIAAVVRELVEGGKGAMVRAKVAQLQKAAAEGLREGGAATTALDEVMDKWEAE--	Genistein	1	3.14	461.088	193.664	0	3	0	7.08	0	8.26	0	9.66	0	0	0	0	0	0	0	0	0.0399030062663481
Lc_72B10	----VVTPHIAILPSPGMGHLIPLVEFSKRLIQNHFSVTLILPTDGPVSNAQKIYLNSLPC---SMDYHLLPPVNFDDLPLDTKMTRISLTVTRSLPSLREVFKTLV--ETKKTVALVVDLFGTDAFDVANDFKVSPYIFYPSTAMALSLFLYLPKLDETVSCEYTDLPDPVQIPGCIPIHGKDLLDPVQDRKNEAYKWVLHHSKRYRMAEGIVANSFKELEGGAIKALQEEEPPPVYPVGPLI---QMDSGSGSKADRSECLTWLDEQPRGSVLYISFGSGGTLSHEQMIELASGLEMSEQRFLWVIRTPVQDSTNPLDFLPKGFLEKTKGLGLVVPWAPQAQILGHGSTSGFLTHCGWNSTLESVVHGVPFIAWPLYAEQKMNAVMLSEDIKVALRPKANENG-IVGRLEIAKVVKGLMEGEEGKVVRSRMRDLKDAAAKVLSEDGSSTKALAELATKLKKK--	Genistein	1	3.14	461.088	193.664	0	3	0	7.08	0	8.26	0	9.66	0	0	0	0	0	0	0	0	-0.010912330380548
Fe_88J1	------EEAIVFYSAPGMGHIVSMAELANLIRRHRVSFTVIYGSQPFEPPTTTTAISQIANSSPSISFLHLPQHPINTFPARSPAAMAFESIRKSAPDFAESLRRIS-DAGTKIRSLVIDLFCGTALPIAAEQGIPVYYFFTSGSAALAAYLHMPTIHQRVGGRVFSPDLLIDIPGLPSIPADEMPEPLLDAKDPAYPEMVYFCECLQKSKGILVNTFDELEPVVTREAS-GACPAVYNIGPLI------EGSKDGDTSHETLSWLNTQPSGSVVFLCFGSRGRFTAAQTKAIAEGLERSGQRFIWVVRNPPDDNSSEIDLLPEGFLRRTKDIGIVVKWAPQVAVLSHDSVGGFVTHCGWNSVLEAVVAGKPMVAWPLYAEQHLNRAVLVKTMGMAVPVEQREGDRFVSGDELASRLIELMNSEKGKEMKEKSRLMRDKALAARNEGGSSMADLQKVVNEWMK---	BenzylAdenine	3	2.04	439.329	175.351	0	0	0	0	0	0	0	0	0	0	4.1	9.81	0	0	0	0	0.000260038205986815
Zm_15991	------APTVVLLPVWGAGHLMSMLDAGKRLLTRALSLTVLVMRAPTEQLAADLDAHIRRESGLDVRFVRLPAVQ-PPTHFHGIEEFISRLVQLHAPHVRAAISSLA----SPVAAVVMDFFCTALLDVTRELAVPAYVYFTASAGMLAFFLRLPSLHEEVTVQFEEMEGAVDVPGLPPVPPSSLPVPVMDKNHPNYTWFMYHGRRFAEADGIIVNTAAELEQSVLAAIADGRCPTVYPIGPVI---SFSPPPTNTEHPHECVRWLDTQPAASVVLLCFGSQGFSAAPQAHEIAHGLERSGHRFLWVLRGPHPSDANLSELLPDGFLERTKGRGLVWPKAPQKEILAHAAVGGFVTHGGWNSVLESLWFGVPMAPWPLYAEQHLNAFTLVAYVGVAVAMKVDRKRNFVEASELERAVKELMGGEEGRKAREKAMEMRDACRNAVEEGGSSYSSLRRLSEKICKV--	BenzylAdenine	3	2.04	439.329	175.351	0	0	0	0	0	0	0	0	0	0	4.1	9.81	0	0	0	0	0.00222041960301751
Fe_72B19	----GQPPHVVIFPSPGMGHLIPLTEFAKRLIPR-FTFTFAVPTAGEPSSAQRSFLSALPA---GIDSVFLPSVSMSDVPSDARITLMSIMVSRSLPSLRDLL--L---SRSPVAVLLVDLFGTDAFDVAFEVGITPYIFFPSTAMGLSLFLHLEKLDESVSCEYADLTEPVKIPGCVPVHGRDLLDPVQDRKNDAYKWVLHHCKRYKLAKGIIVNSFEAVERGAIRALVQAE-PAVYPVGPLV-------QTCSPEQPTECIKWLDRQPRGSVLFVNFGSGGTLSTEQQKELALGLARSEQRFLWVVRSPVDGESDPLQLLPSGFLDETAGRGLVVPWAPQIEVLSHGSTGGFLTHCGWNSILESVVHGVPLITWPLYAEQKMNAVMLTEDLKVGLRPVAGKDG-IIRGDEIARVVRELMEGEEGKRIKDRMVELKVAAKVALSEDGSSTKALIEIAKQWET---	BenzylAdenine	3	2.04	439.329	175.351	0	0	0	0	0	0	0	0	0	0	4.1	9.81	0	0	0	0	-0.000761084082525609
Ct_71E5	--KTMTNSELVFIPSPGAGHLPPTVELAKLLLRRRLSITIIIMKAPFGGGAYDTA---KLDSTPRLRCVEIPSD-DSTAALISPTAFLTAFIDHHKPHVRNIVRESIPGGTVRLAGFVVDMFCVDMVDVANEFGAPTYAYFTSGAAMLGLMFHLQAKRDDDNLDVTNSRSVISVPSYINVPVNVLLDVL--FDKNGAKMFLDLAKRFRETKGIIVNSFRELESHAIEVLSDDPDPPVFPVGPIL----NLNSTTDDGKVDDIMTWLDEQPERSVVFLCFGSMGTFPEEQIREIASAIESGGHRFLWSLRRPPKEYEDPGEVLPEGFLERTSGVGRVIGWAPQLMVLSHRSVGSFVSHCGWNSTLESIWCGVPIAAWPMYAEQQTNAFQLVSEAGIAAEVRMDYRTNIVTAEEIERGIRRVM---SDGEIKRKAEEMKEKSRLAVSEGGSSYDSIGDFIHHVMN---	BenzylAdenine	3	2.04	439.329	175.351	0	0	0	0	0	0	0	0	0	0	4.1	9.81	0	0	0	0	0.00139066234059438
Zm_51683	------QRPVVLYPSPGMGHLVSMIELGKLLGARGLPVTIVVVEPPFNTGATAPFLAGVSAANPSISFHRLPKVERLPLVSTKHQALTFEVIRVSNPHLREFLAAAT------PAVLVVDFFCSIALDVAEELRVPAYFFFTSGAEVLAFFLHLPALHERATASFQMGEEPVQVPGIPPFPATHAILPVMERDDAAYDGFVKGCADLCRSQGVLVNTFRLLEQRAVETVAAGHCPPIYCIGPLI-----KSEEVLGKGGEECLAWLDAQPRASVVLLCFGSIGRFSAEQIREVAAGLEASRQRFLWVVRAPKPPEPDLDALLPEGFLARTKDRGLVVKWAPQRDVLAHASVGGFVTHCGWNSVLEAIMAGVPMVAWPLYAEQRLNRVFLEKEMQLAVAVAGYDSDKLVPAEEVAAKVRWIMDSEGGRMLRERTLAAMRQAKDALREGGESEATLAGLVDDWK----	BenzylAdenine	3	2.04	439.329	175.351	0	0	0	0	0	0	0	0	0	0	4.1	9.81	0	0	0	0	0.00195090953893404
Os_88C1	-----ARKPVVLYPSPGMGHLVSMIELGKVFAARGLAVTVVVVDPPYGNTGATPFLAGVTAANPAMTFHRLPKVEVPPVASKHHESLTFEVTRLSNPGLRDFLA------GASPVVLIIDFFCNAALDVADELGVPAYMFYTSGAEILAFFLYLPVLHAQTTANFGMGEELVHAPGIPSFPATHSVLPLMERDDPAYAEFLKASADLCRTQGFLVNTFRSLEPRAVETIAAGSCPPVYCIGPLI-----KSAEVGENRSEECLAWLDTQPNGSVVFLCFGSIGLFSAEQIKEVAAGLEASGQRFLWVVRSPKPPEPDLDALLPKGFLERTKGRGLVVKWAPQRDVLAHAAVGGFVTHCGWNSVLESIVAGVPMLAWPLYAEQRMNRVFLEKEMRLAVAVEGYDDDVTVKAEEVAAKVRWLMESDGGRALLERTLAAMRRAKAALRDGGESEVTLARLVESWRE---	BenzylAdenine	3	2.04	439.329	175.351	0	0	0	0	0	0	0	0	0	0	4.1	9.81	0	0	0	0	-0.00131249394510136
Zm_43295	----KQQQTVILYPSPGVGHIVPMVQLAKVFLRHGCDVTMVIAEPAASSPDFRIVDLDRVASNPAITFHVLPPVPYADLAVPGKHLLTLQVLRRYNGELERFLRSVP---RERLHSLVVGMFCTDAVDVGAKLGVPVYTFFASAAATLAVVAQLPALLSGRRAGLKLGDTPLQFLGVPPFPASHLVRELLEDDDELCKTMVDVWKRCTDGSGVLVNTFESLESPAVQALRDPRCPPVYCVGPLIGTRAAAEQERAAETRHECLAWLDEQPENSVVFLCFGSRCAHSAEQLRGIAVGLERSGQRFLWSVRTPDGGSENLGALFPEGFLQRTKDRGLVVRWAPQVEVLRHPSTGAFMTHCGWNSTLEAITAGVPMLCWPFYAEQLMNKVFVTEGMGVGVEMEGYTTG-FIKSEEVEAKVRLVMESEEGRHLRGRAVALKNEAQAALRDDGPSETSFARFLFDA-----	BenzylAdenine	3	2.04	439.329	175.351	0	0	0	0	0	0	0	0	0	0	4.1	9.81	0	0	0	0	0.00140959125521391
Dc_71F5	-----SSTELVIVPAPGMGHLVSTVQLAKVILKKDFSISIFIINLPMHSDKISSYVDSQSRYPTRLLFTTLPPVTTSDPTS---LGFFTDFIKLHKPLVKRAVEERVELGSPKPAGFVLDMFCTTMVDVANELGIPSYLFLTCGVNFLNFVYYVESLADEHGLGARDPEFESVVSGFRNITSKIIPGIF--KGEFGSGMILNLAKEFKKMKGILVNSYVELESFEIQALQNSDDPPIYPVGPIL--DLNRESGSDKEENKSIIEWLNSQPDSSIVFLCFGSMGSFDAEQVKEIANGLEKSGVRFLWALRKPPSDNGTFLEALPEGFIDRTVNRGKIIGWAPQVDVLAHPAIGGFVSHCGWNSTLESLWFGVPIGAWPMYSEQNLNALVLVEQ-KLAVEIRMDYVMDIVSSMEIEEGLKKLM--NMDENMRRNVKDMGEKGRKALEKGGSSCHWLDSFMKDVLTN--	BenzylAdenine	3	2.04	439.329	175.351	0	0	0	0	0	0	0	0	0	0	4.1	9.81	0	0	0	0	0.0275531974855762
Rc_GT1	--------AIVLYPYPGLGHLISMVELGKLLLTHSFSITILASTAPTTIAATAKLVASSNDDNPAINFHHLPTISPEHIEK---LNLPFEYARLQIPNILQVLQ----TLKSSLKALILDMFCDALFDVTKDLNIPTFYFYTSAGRSLAVLLNIPTFHRTTNSLSDFGDVPISISGMPPIPVSAMPKLLFDRSTNFYKSFLSTSTHMAKSNGIILNTFDLLEERALKALRAGLCPPIFTVGPLI------SGKSGDNDEHESLKWLNNQPKDSVVFLCFGSMGVFSIKQLEAMALGLEKSGQRFLWVVRNPPVEEPSLEEILPKGFVERTKDRGLVVRWAPQVEVLSHDSVGGFVTHCGWNSVLEAVCNGVPMVAWPLYAEQKLGRVFLVEEMKVAVGVKESETG-FVSADELEKRVRELMDSESGDEIRGRVSEFSNGGVKAKEEGGSSVASLAKLAQLWKQ---	BenzylAdenine	3	2.04	439.329	175.351	0	0	0	0	0	0	0	0	0	0	4.1	9.81	0	0	0	0	0.00327830938324662
Sl_GT5	------IPHIAILPSPGMGHLIPLVEFAKRIFLHHFSVSLILPTDGPISNAQKIFLNSLPS---SMDYHLLPPVNDDLPEDVKIETRISLTVSRSLTSLRQVLESII--ESKKTVALVVDLFGTDAFDVAIDLKISPYIFFPSTAMGLSLFLHLPNLDETVSCEYRDLPDPIQIPGCTPIHGKDLLDPVQDRNDESYKWLLHHAKRYGMAEGIIVNSFKELEGGAIGALQKDEPPTVYPVGPLI-----QMDSGSKVDGSECMTWLDEQPRGSVLYISYGSGGTLSHEQLIEVAAGLEMSEQRFLWVVRCPVQDSTNPLEFLPKGFLERTKGFGLVLPWAPQARILSHESTGGFLTHCGWNSTLESVVHGVPLIAWPLYAEQKMNAVMLSEDIKVALRPKVNEENGIVGRLEIAKVVKGLMEGEEGKGVRSRMRDLKDAAAKVLSEDGSSTKALAELATKLRKK--	BenzylAdenine	3	2.04	439.329	175.351	0	0	0	0	0	0	0	0	0	0	4.1	9.81	0	0	0	0	-0.000804164313612086
Fi_88A10	--------TIVLYPSPGMGHLISMVELGKFILKHSFTIAILIVPPSFNTGSTASYIDRVSAATNSITFHHLPTISLELDSFSSMEALIFEAIRLSNPHVHHALQHIS--LTTTITALIIDFFCTPAISISTKLGIPTYYFFTSGISSLAFFLYLPVIHRNTVKSFKDLNSLVDIPGLPPIPSSDVAKPILDRASTEYACFLDFSLHLPKSAGVIVNSFNSLEPKTLKAISEGSCPPVFCVGPLL---ATEDQQSGTDGVHECLKWLDLQPIQSVVFLCFGSLGLFSDKQLKEIAIGLERSEQRFLWVVRSPAPPEPDLDSLLPIGFLDRTKDLGFVVKWAPQVEVLNHKSIGGFVTHCGWNSVLEAVCAGVPMVAWPLYAEQKFNRVILVEDLKLALRINESEDG-FVTAEEVESRVRELMDSDEGESLRKLAKEKEAEAKAAISEGGSSIVDLAKLVESWK----	BenzylAdenine	3	2.04	439.329	175.351	0	0	0	0	0	0	0	0	0	0	4.1	9.81	0	0	0	0	0.000947241539424738
At_71D1	-----RNVELIFIPTPTVGHLVPFLEFARRLIEQRIRITILLMKLQGQSHLDTYVKSIASS-QPFVRFIDVPELEEKPTLGSTQSAYVYDVIERNIPLVRNIVMDILALDGVKVKGLVVDFFCLPMIDVAKDISLPFYVFLTTNSGFLAMMQYLADRHSRDTSVFVNSEEMLSIPGFVNVPANVLPSAL--FVEDGYDAYVKLAILFTKANGILVNSSFDIEPYSVNHFLQEQNPSVYAVGPIFDLKAQPHPEQDLTRRDELMKWLDDQPEASVVFLCFGSMARLRGSLVKEIAHGLELCQYRFLWSLRKE----EVTKDDLPEGFLDRVDGRGMICGWSPQVEILAHKAVGGFVSHCGWNSIVESLWFGVPIVTWPMYAEQQLNAFLMVKELKLAVELKLDYRVHIVNANEIETAIRYVM-DTDNNVVRKRVMDISQMIQRATKNGGSSFAAIEKFIYDVI----	BenzylAdenine	3	2.04	439.329	175.351	0	0	0	0	0	0	0	0	0	0	4.1	9.81	0	0	0	0	0.00261734527217604
At_71C1	---KQEDAELVIIPFPFSGHILATIELAKRLISQRITITILYWPFIPQADTIAFLRSLVKN-EPRIRLVTLPEVQPPPMELFVEFSYILEYVKKMVPIIREALSTLLESGSVRVAGLVLDFFCVPMIDVGNEFNLPSYIFLTCSAGFLGMMKYLPERHREIKSEFNFNEELNLIPGYVNVPTKVLPSGL--FMKETYEPWVELAERFPEAKGILVNSYTALEPNGFKYFDRCPDPTIYPIGPIL--CSNDRPNLDSSERDRIITWLDDQPESSVVFLCFGSLKNLSATQINEIAQALEIVDCKFIWSFRTNPKEYASPYEALPHGFMDRVMDQGIVCGWAPQVEILAHKAVGGFVSHCGWNSILESLGFGVPIATWPMYAEQQLNAFTMVKELGLALEMRLDYVSEIVKADEIAGTVRSLM--DGVDVPKSKVKEIAEAGKEAV-DGGSSFLAVKRFIGDLI----	BenzylAdenine	3	2.04	439.329	175.351	0	0	0	0	0	0	0	0	0	0	4.1	9.81	0	0	0	0	0.00292304496519888
Zm_62783	---TSARPHVVLLPSAGMGHLVPFARLAVALSEGGCNVSVAAVQPTVSSAESRLLDALFVAAAPAVRRLDFRLAPESEFPGADPFFLRFEATRRSAPLLGPLLDA------AEASALVTDIVLSVALPVARERGVPCYVLFTSSAAMLSLCAYFPAYLDAHAAAGSVGVGNVDIPGVFRIPKSSVPQALHDPDHLFTQQFVANGRCLVACDGILVNTFDAFEPDAVTALRQGSIPPVFTVGPML------PVRFQAEETADYMRWLSAQPPRSVVYVSFGSRKAIPRDQLRELAAGLEASGKRFLWVVKSTIVDRDDTADLLGDGFLERVQGRAFVTMWVEQEEILQHGSVGLFISHCGWNSLTEAAAFGVPVLAWPRFGDQRVNAALVARSWEEGWTWDGE--EGLTTRKEVAKKIKGMM---GYDAVAEKAAKVGDAAAAAIAKCGTSYQSLEEFVQRCRD---	BenzylAdenine	3	2.04	439.329	175.351	0	0	0	0	0	0	0	0	0	0	4.1	9.81	0	0	0	0	0.00395403829057391
Zm_85854	---QTPPPHVAMLATPGMGHLIPLAELAKRLAQRGVTSTLITFASTASATQRAFLASMPPA----VASMALPPVDMSDLPRDAAITLMSEECVRAVPALTEALLSLKPTTTGRLVAFVTDLFGADAFDAARAAGVQRYLFFPTNLTALTLMLHLPELDASIPGEFRDLAEPLRLPGCVPLPGTETMKPLQDKSNPSYRWMVHHGAKFREATAILVNSFDAVEPGPAEVLRQPEPPPVRTIGPLV--RAEDGGGSKDDAPCPCVEWLDRQPAKSVIFVSFGSGGTLPAEEMRELALGLELSGQRFLWVVRSPSASKKDPFSYLPQGFLERTKDVGLVVPWAPQPKVLAHQSTGGFLTHCGWNSTLESLVHGVPMLAWPLFADQRQNAVLLCDGVGAALRVPGAK-----GREDIAAVVRELMTAGKGAAVRAKVEELQKAAAEGLRDGGATAAALAEVVKEWTS---	BenzylAdenine	3	2.04	439.329	175.351	0	0	0	0	0	0	0	0	0	0	4.1	9.81	0	0	0	0	-0.00273779949390229
Gm_88E3	------KDTIVLYPNLGRGHLVSMVELGKLILTHSLSITILILTPPTTPSTTTTTLACDSNTTPSITFHRVPLAAPFNTPFLPPHLLSLELTRHSTQNIAVALQTLA--KASNLKAIVIDFMNNDPKALTENLNVPTYFYYTSGASTLALLLYYPTIHPTLIEKKDDQPLQIQIPGLSTITADDFPNECKDPLSYACQVFLQIAETMMGGAGIIVNTFEAIEEEAIRALSEDATPPLFCVGPVI-------SAPYGEEDKGCLSWLNLQPSQSVVLLCFGSMGRFSRAQLKEIAIGLEKSEQRFLWVVRTESAEELSLDELLPEGFLERTKEKGMVVRWAPQAAILSHDSVGGFVTHCGWNSVLEAVCEGVPMVAWPLYAEQKMNRMVMVKEMKVALAVNENKDG-FVSSTELGDRVRELMESDKGKEIRQRIFKMKMSAAEAMAEGGTSRASLDKLAKLWK----	BenzylAdenine	3	2.04	439.329	175.351	0	0	0	0	0	0	0	0	0	0	4.1	9.81	0	0	0	0	0.00660940254861427
Zm_72068	-----GPPHVAMLATPGMGHLIPLAELAKRLAARGATATLITFASAASATQRAFLASLPPS----VAARALPPVDLSDLPRDAAITLMTAECARSLPAIAAVLAELG--ETARLVAFVVDQFGMEAFNAA-GVRAARCLFMPMNLHALSLVLHLPELAASVPGEFRDLAEPVRLPGCVPIPGPDIISPLQDRSNPSYAVMVNLAVRCEAAAAILVNSFDAVEPEAAEALRHPAEPPVYPVGPLIQSESGGTGADGTPPRAACLEWLDRQPARSVVYVSFGSGGALPKEQMHELALGLERSGQRFLWVVRSPAESKKDPFAYLPEGFVGRTKEVGLLVPWAPQTQVLAHGATGGFLTHCGWNSTLESLVHGVPMVAWPLFAEQRLNAVMLSEGAGAAIRLPETK-----DKESIAAVVRELVEGGKGAMVRAKVAQLQKAAAEGLREGGAATTALDEVMDKWEAE--	BenzylAdenine	3	2.04	439.329	175.351	0	0	0	0	0	0	0	0	0	0	4.1	9.81	0	0	0	0	0.00297366138750378
Lc_72B10	----VVTPHIAILPSPGMGHLIPLVEFSKRLIQNHFSVTLILPTDGPVSNAQKIYLNSLPC---SMDYHLLPPVNFDDLPLDTKMTRISLTVTRSLPSLREVFKTLV--ETKKTVALVVDLFGTDAFDVANDFKVSPYIFYPSTAMALSLFLYLPKLDETVSCEYTDLPDPVQIPGCIPIHGKDLLDPVQDRKNEAYKWVLHHSKRYRMAEGIVANSFKELEGGAIKALQEEEPPPVYPVGPLI---QMDSGSGSKADRSECLTWLDEQPRGSVLYISFGSGGTLSHEQMIELASGLEMSEQRFLWVIRTPVQDSTNPLDFLPKGFLEKTKGLGLVVPWAPQAQILGHGSTSGFLTHCGWNSTLESVVHGVPFIAWPLYAEQKMNAVMLSEDIKVALRPKANENG-IVGRLEIAKVVKGLMEGEEGKVVRSRMRDLKDAAAKVLSEDGSSTKALAELATKLKKK--	BenzylAdenine	3	2.04	439.329	175.351	0	0	0	0	0	0	0	0	0	0	4.1	9.81	0	0	0	0	-0.0144870236164366
