Protein	Accession	Species	AA	Acceptor	Reactive	KcatPerSec	KcatPerSecStd	Reference
UGT71L2	A0A8F5SQ90	Salix purpurea	MAPAETTTPKKALVFVPAPGIGHLVSVMEFAKRLLERDDSFSITMLLMSPPFAHDVTTYVEKLSASHPEFQFLGLPSVPPPPLEDVIACPEHFVSIFIADHKNHVKDMIVNHVLSNKSVKLAGLILDLFCTPFVDVAKDLGVPPYIFFASGAAFLGSMLYLPDRFDNGGVTYKPTDPDSMIPSYINPVPSTVLPSLLFHDGGYSTFVSHARKFKEAKGIIVNTFAELESHAVSYLNGEASVPQVYTVGPVVDLKGNSPVADGSQREEIMNWLDAQPEKSVVFLCFGSQGSFGVPQLKEIALGLEQSGQRFLWSIRRPPSQESLNPGEVNDYSELLPEGFLGRTKNVGFICGWAPQVEVLGHKATGAFVSHCGWNSILESTWYGVPVVTWPLYGEQQINAFQLVKDAGVAIEIKMDYRKDGGEVVMADKVAKAVTDVIEGGGEVKSKVKAMSETGRKALLKGGSSYAAFETLVGALSGNKA	Salicyl-7-benzoate		27.74	7.99	https://doi.org/10.1093/jxb/eraa562
UGT71L2	A0A8F5SQ90	Salix purpurea	MAPAETTTPKKALVFVPAPGIGHLVSVMEFAKRLLERDDSFSITMLLMSPPFAHDVTTYVEKLSASHPEFQFLGLPSVPPPPLEDVIACPEHFVSIFIADHKNHVKDMIVNHVLSNKSVKLAGLILDLFCTPFVDVAKDLGVPPYIFFASGAAFLGSMLYLPDRFDNGGVTYKPTDPDSMIPSYINPVPSTVLPSLLFHDGGYSTFVSHARKFKEAKGIIVNTFAELESHAVSYLNGEASVPQVYTVGPVVDLKGNSPVADGSQREEIMNWLDAQPEKSVVFLCFGSQGSFGVPQLKEIALGLEQSGQRFLWSIRRPPSQESLNPGEVNDYSELLPEGFLGRTKNVGFICGWAPQVEVLGHKATGAFVSHCGWNSILESTWYGVPVVTWPLYGEQQINAFQLVKDAGVAIEIKMDYRKDGGEVVMADKVAKAVTDVIEGGGEVKSKVKAMSETGRKALLKGGSSYAAFETLVGALSGNKA	Salicyl-2-benzoate	no			https://doi.org/10.1093/jxb/eraa562
UGT71L2	A0A8F5SQ90	Salix purpurea	MAPAETTTPKKALVFVPAPGIGHLVSVMEFAKRLLERDDSFSITMLLMSPPFAHDVTTYVEKLSASHPEFQFLGLPSVPPPPLEDVIACPEHFVSIFIADHKNHVKDMIVNHVLSNKSVKLAGLILDLFCTPFVDVAKDLGVPPYIFFASGAAFLGSMLYLPDRFDNGGVTYKPTDPDSMIPSYINPVPSTVLPSLLFHDGGYSTFVSHARKFKEAKGIIVNTFAELESHAVSYLNGEASVPQVYTVGPVVDLKGNSPVADGSQREEIMNWLDAQPEKSVVFLCFGSQGSFGVPQLKEIALGLEQSGQRFLWSIRRPPSQESLNPGEVNDYSELLPEGFLGRTKNVGFICGWAPQVEVLGHKATGAFVSHCGWNSILESTWYGVPVVTWPLYGEQQINAFQLVKDAGVAIEIKMDYRKDGGEVVMADKVAKAVTDVIEGGGEVKSKVKAMSETGRKALLKGGSSYAAFETLVGALSGNKA	Salicyl alcohol (2-hydroxybenzyl alcohol; saligenin)		5.16	0.08	https://doi.org/10.1093/jxb/eraa562
UGT71L2	A0A8F5SQ90	Salix purpurea	MAPAETTTPKKALVFVPAPGIGHLVSVMEFAKRLLERDDSFSITMLLMSPPFAHDVTTYVEKLSASHPEFQFLGLPSVPPPPLEDVIACPEHFVSIFIADHKNHVKDMIVNHVLSNKSVKLAGLILDLFCTPFVDVAKDLGVPPYIFFASGAAFLGSMLYLPDRFDNGGVTYKPTDPDSMIPSYINPVPSTVLPSLLFHDGGYSTFVSHARKFKEAKGIIVNTFAELESHAVSYLNGEASVPQVYTVGPVVDLKGNSPVADGSQREEIMNWLDAQPEKSVVFLCFGSQGSFGVPQLKEIALGLEQSGQRFLWSIRRPPSQESLNPGEVNDYSELLPEGFLGRTKNVGFICGWAPQVEVLGHKATGAFVSHCGWNSILESTWYGVPVVTWPLYGEQQINAFQLVKDAGVAIEIKMDYRKDGGEVVMADKVAKAVTDVIEGGGEVKSKVKAMSETGRKALLKGGSSYAAFETLVGALSGNKA	Benzyl alcohol	no			https://doi.org/10.1093/jxb/eraa562
UGT71L2	A0A8F5SQ90	Salix purpurea	MAPAETTTPKKALVFVPAPGIGHLVSVMEFAKRLLERDDSFSITMLLMSPPFAHDVTTYVEKLSASHPEFQFLGLPSVPPPPLEDVIACPEHFVSIFIADHKNHVKDMIVNHVLSNKSVKLAGLILDLFCTPFVDVAKDLGVPPYIFFASGAAFLGSMLYLPDRFDNGGVTYKPTDPDSMIPSYINPVPSTVLPSLLFHDGGYSTFVSHARKFKEAKGIIVNTFAELESHAVSYLNGEASVPQVYTVGPVVDLKGNSPVADGSQREEIMNWLDAQPEKSVVFLCFGSQGSFGVPQLKEIALGLEQSGQRFLWSIRRPPSQESLNPGEVNDYSELLPEGFLGRTKNVGFICGWAPQVEVLGHKATGAFVSHCGWNSILESTWYGVPVVTWPLYGEQQINAFQLVKDAGVAIEIKMDYRKDGGEVVMADKVAKAVTDVIEGGGEVKSKVKAMSETGRKALLKGGSSYAAFETLVGALSGNKA	3-hydroxybenzyl alcohol	no			https://doi.org/10.1093/jxb/eraa562
UGT71L2	A0A8F5SQ90	Salix purpurea	MAPAETTTPKKALVFVPAPGIGHLVSVMEFAKRLLERDDSFSITMLLMSPPFAHDVTTYVEKLSASHPEFQFLGLPSVPPPPLEDVIACPEHFVSIFIADHKNHVKDMIVNHVLSNKSVKLAGLILDLFCTPFVDVAKDLGVPPYIFFASGAAFLGSMLYLPDRFDNGGVTYKPTDPDSMIPSYINPVPSTVLPSLLFHDGGYSTFVSHARKFKEAKGIIVNTFAELESHAVSYLNGEASVPQVYTVGPVVDLKGNSPVADGSQREEIMNWLDAQPEKSVVFLCFGSQGSFGVPQLKEIALGLEQSGQRFLWSIRRPPSQESLNPGEVNDYSELLPEGFLGRTKNVGFICGWAPQVEVLGHKATGAFVSHCGWNSILESTWYGVPVVTWPLYGEQQINAFQLVKDAGVAIEIKMDYRKDGGEVVMADKVAKAVTDVIEGGGEVKSKVKAMSETGRKALLKGGSSYAAFETLVGALSGNKA	4-Hydroxybenzyl alcohol	no			https://doi.org/10.1093/jxb/eraa562
UGT71L2	A0A8F5SQ90	Salix purpurea	MAPAETTTPKKALVFVPAPGIGHLVSVMEFAKRLLERDDSFSITMLLMSPPFAHDVTTYVEKLSASHPEFQFLGLPSVPPPPLEDVIACPEHFVSIFIADHKNHVKDMIVNHVLSNKSVKLAGLILDLFCTPFVDVAKDLGVPPYIFFASGAAFLGSMLYLPDRFDNGGVTYKPTDPDSMIPSYINPVPSTVLPSLLFHDGGYSTFVSHARKFKEAKGIIVNTFAELESHAVSYLNGEASVPQVYTVGPVVDLKGNSPVADGSQREEIMNWLDAQPEKSVVFLCFGSQGSFGVPQLKEIALGLEQSGQRFLWSIRRPPSQESLNPGEVNDYSELLPEGFLGRTKNVGFICGWAPQVEVLGHKATGAFVSHCGWNSILESTWYGVPVVTWPLYGEQQINAFQLVKDAGVAIEIKMDYRKDGGEVVMADKVAKAVTDVIEGGGEVKSKVKAMSETGRKALLKGGSSYAAFETLVGALSGNKA	Cinnamyl alcohol	no			https://doi.org/10.1093/jxb/eraa562
UGT71L2	A0A8F5SQ90	Salix purpurea	MAPAETTTPKKALVFVPAPGIGHLVSVMEFAKRLLERDDSFSITMLLMSPPFAHDVTTYVEKLSASHPEFQFLGLPSVPPPPLEDVIACPEHFVSIFIADHKNHVKDMIVNHVLSNKSVKLAGLILDLFCTPFVDVAKDLGVPPYIFFASGAAFLGSMLYLPDRFDNGGVTYKPTDPDSMIPSYINPVPSTVLPSLLFHDGGYSTFVSHARKFKEAKGIIVNTFAELESHAVSYLNGEASVPQVYTVGPVVDLKGNSPVADGSQREEIMNWLDAQPEKSVVFLCFGSQGSFGVPQLKEIALGLEQSGQRFLWSIRRPPSQESLNPGEVNDYSELLPEGFLGRTKNVGFICGWAPQVEVLGHKATGAFVSHCGWNSILESTWYGVPVVTWPLYGEQQINAFQLVKDAGVAIEIKMDYRKDGGEVVMADKVAKAVTDVIEGGGEVKSKVKAMSETGRKALLKGGSSYAAFETLVGALSGNKA	Salicylaldehyde	yes			https://doi.org/10.1093/jxb/eraa562
UGT71L2	A0A8F5SQ90	Salix purpurea	MAPAETTTPKKALVFVPAPGIGHLVSVMEFAKRLLERDDSFSITMLLMSPPFAHDVTTYVEKLSASHPEFQFLGLPSVPPPPLEDVIACPEHFVSIFIADHKNHVKDMIVNHVLSNKSVKLAGLILDLFCTPFVDVAKDLGVPPYIFFASGAAFLGSMLYLPDRFDNGGVTYKPTDPDSMIPSYINPVPSTVLPSLLFHDGGYSTFVSHARKFKEAKGIIVNTFAELESHAVSYLNGEASVPQVYTVGPVVDLKGNSPVADGSQREEIMNWLDAQPEKSVVFLCFGSQGSFGVPQLKEIALGLEQSGQRFLWSIRRPPSQESLNPGEVNDYSELLPEGFLGRTKNVGFICGWAPQVEVLGHKATGAFVSHCGWNSILESTWYGVPVVTWPLYGEQQINAFQLVKDAGVAIEIKMDYRKDGGEVVMADKVAKAVTDVIEGGGEVKSKVKAMSETGRKALLKGGSSYAAFETLVGALSGNKA	Salicylic acid	no			https://doi.org/10.1093/jxb/eraa562
UGT71L2	A0A8F5SQ90	Salix purpurea	MAPAETTTPKKALVFVPAPGIGHLVSVMEFAKRLLERDDSFSITMLLMSPPFAHDVTTYVEKLSASHPEFQFLGLPSVPPPPLEDVIACPEHFVSIFIADHKNHVKDMIVNHVLSNKSVKLAGLILDLFCTPFVDVAKDLGVPPYIFFASGAAFLGSMLYLPDRFDNGGVTYKPTDPDSMIPSYINPVPSTVLPSLLFHDGGYSTFVSHARKFKEAKGIIVNTFAELESHAVSYLNGEASVPQVYTVGPVVDLKGNSPVADGSQREEIMNWLDAQPEKSVVFLCFGSQGSFGVPQLKEIALGLEQSGQRFLWSIRRPPSQESLNPGEVNDYSELLPEGFLGRTKNVGFICGWAPQVEVLGHKATGAFVSHCGWNSILESTWYGVPVVTWPLYGEQQINAFQLVKDAGVAIEIKMDYRKDGGEVVMADKVAKAVTDVIEGGGEVKSKVKAMSETGRKALLKGGSSYAAFETLVGALSGNKA	Benzyl salicylate	yes			https://doi.org/10.1093/jxb/eraa562
UGT71L2	A0A8F5SQ90	Salix purpurea	MAPAETTTPKKALVFVPAPGIGHLVSVMEFAKRLLERDDSFSITMLLMSPPFAHDVTTYVEKLSASHPEFQFLGLPSVPPPPLEDVIACPEHFVSIFIADHKNHVKDMIVNHVLSNKSVKLAGLILDLFCTPFVDVAKDLGVPPYIFFASGAAFLGSMLYLPDRFDNGGVTYKPTDPDSMIPSYINPVPSTVLPSLLFHDGGYSTFVSHARKFKEAKGIIVNTFAELESHAVSYLNGEASVPQVYTVGPVVDLKGNSPVADGSQREEIMNWLDAQPEKSVVFLCFGSQGSFGVPQLKEIALGLEQSGQRFLWSIRRPPSQESLNPGEVNDYSELLPEGFLGRTKNVGFICGWAPQVEVLGHKATGAFVSHCGWNSILESTWYGVPVVTWPLYGEQQINAFQLVKDAGVAIEIKMDYRKDGGEVVMADKVAKAVTDVIEGGGEVKSKVKAMSETGRKALLKGGSSYAAFETLVGALSGNKA	Phenol	yes			https://doi.org/10.1093/jxb/eraa562
UGT71L2	A0A8F5SQ90	Salix purpurea	MAPAETTTPKKALVFVPAPGIGHLVSVMEFAKRLLERDDSFSITMLLMSPPFAHDVTTYVEKLSASHPEFQFLGLPSVPPPPLEDVIACPEHFVSIFIADHKNHVKDMIVNHVLSNKSVKLAGLILDLFCTPFVDVAKDLGVPPYIFFASGAAFLGSMLYLPDRFDNGGVTYKPTDPDSMIPSYINPVPSTVLPSLLFHDGGYSTFVSHARKFKEAKGIIVNTFAELESHAVSYLNGEASVPQVYTVGPVVDLKGNSPVADGSQREEIMNWLDAQPEKSVVFLCFGSQGSFGVPQLKEIALGLEQSGQRFLWSIRRPPSQESLNPGEVNDYSELLPEGFLGRTKNVGFICGWAPQVEVLGHKATGAFVSHCGWNSILESTWYGVPVVTWPLYGEQQINAFQLVKDAGVAIEIKMDYRKDGGEVVMADKVAKAVTDVIEGGGEVKSKVKAMSETGRKALLKGGSSYAAFETLVGALSGNKA	Catechol		4.82	0.74	https://doi.org/10.1093/jxb/eraa562
UGT71L2	A0A8F5SQ90	Salix purpurea	MAPAETTTPKKALVFVPAPGIGHLVSVMEFAKRLLERDDSFSITMLLMSPPFAHDVTTYVEKLSASHPEFQFLGLPSVPPPPLEDVIACPEHFVSIFIADHKNHVKDMIVNHVLSNKSVKLAGLILDLFCTPFVDVAKDLGVPPYIFFASGAAFLGSMLYLPDRFDNGGVTYKPTDPDSMIPSYINPVPSTVLPSLLFHDGGYSTFVSHARKFKEAKGIIVNTFAELESHAVSYLNGEASVPQVYTVGPVVDLKGNSPVADGSQREEIMNWLDAQPEKSVVFLCFGSQGSFGVPQLKEIALGLEQSGQRFLWSIRRPPSQESLNPGEVNDYSELLPEGFLGRTKNVGFICGWAPQVEVLGHKATGAFVSHCGWNSILESTWYGVPVVTWPLYGEQQINAFQLVKDAGVAIEIKMDYRKDGGEVVMADKVAKAVTDVIEGGGEVKSKVKAMSETGRKALLKGGSSYAAFETLVGALSGNKA	2-Ethylphenol	yes			https://doi.org/10.1093/jxb/eraa562
UGT71L2	A0A8F5SQ90	Salix purpurea	MAPAETTTPKKALVFVPAPGIGHLVSVMEFAKRLLERDDSFSITMLLMSPPFAHDVTTYVEKLSASHPEFQFLGLPSVPPPPLEDVIACPEHFVSIFIADHKNHVKDMIVNHVLSNKSVKLAGLILDLFCTPFVDVAKDLGVPPYIFFASGAAFLGSMLYLPDRFDNGGVTYKPTDPDSMIPSYINPVPSTVLPSLLFHDGGYSTFVSHARKFKEAKGIIVNTFAELESHAVSYLNGEASVPQVYTVGPVVDLKGNSPVADGSQREEIMNWLDAQPEKSVVFLCFGSQGSFGVPQLKEIALGLEQSGQRFLWSIRRPPSQESLNPGEVNDYSELLPEGFLGRTKNVGFICGWAPQVEVLGHKATGAFVSHCGWNSILESTWYGVPVVTWPLYGEQQINAFQLVKDAGVAIEIKMDYRKDGGEVVMADKVAKAVTDVIEGGGEVKSKVKAMSETGRKALLKGGSSYAAFETLVGALSGNKA	2-Hydroxycinnamic acid		5.32	1.17	https://doi.org/10.1093/jxb/eraa562
UGT71L2	A0A8F5SQ90	Salix purpurea	MAPAETTTPKKALVFVPAPGIGHLVSVMEFAKRLLERDDSFSITMLLMSPPFAHDVTTYVEKLSASHPEFQFLGLPSVPPPPLEDVIACPEHFVSIFIADHKNHVKDMIVNHVLSNKSVKLAGLILDLFCTPFVDVAKDLGVPPYIFFASGAAFLGSMLYLPDRFDNGGVTYKPTDPDSMIPSYINPVPSTVLPSLLFHDGGYSTFVSHARKFKEAKGIIVNTFAELESHAVSYLNGEASVPQVYTVGPVVDLKGNSPVADGSQREEIMNWLDAQPEKSVVFLCFGSQGSFGVPQLKEIALGLEQSGQRFLWSIRRPPSQESLNPGEVNDYSELLPEGFLGRTKNVGFICGWAPQVEVLGHKATGAFVSHCGWNSILESTWYGVPVVTWPLYGEQQINAFQLVKDAGVAIEIKMDYRKDGGEVVMADKVAKAVTDVIEGGGEVKSKVKAMSETGRKALLKGGSSYAAFETLVGALSGNKA	3-Hydroxycinnamic acid	no			https://doi.org/10.1093/jxb/eraa562
UGT71L2	A0A8F5SQ90	Salix purpurea	MAPAETTTPKKALVFVPAPGIGHLVSVMEFAKRLLERDDSFSITMLLMSPPFAHDVTTYVEKLSASHPEFQFLGLPSVPPPPLEDVIACPEHFVSIFIADHKNHVKDMIVNHVLSNKSVKLAGLILDLFCTPFVDVAKDLGVPPYIFFASGAAFLGSMLYLPDRFDNGGVTYKPTDPDSMIPSYINPVPSTVLPSLLFHDGGYSTFVSHARKFKEAKGIIVNTFAELESHAVSYLNGEASVPQVYTVGPVVDLKGNSPVADGSQREEIMNWLDAQPEKSVVFLCFGSQGSFGVPQLKEIALGLEQSGQRFLWSIRRPPSQESLNPGEVNDYSELLPEGFLGRTKNVGFICGWAPQVEVLGHKATGAFVSHCGWNSILESTWYGVPVVTWPLYGEQQINAFQLVKDAGVAIEIKMDYRKDGGEVVMADKVAKAVTDVIEGGGEVKSKVKAMSETGRKALLKGGSSYAAFETLVGALSGNKA	2-Hydroxyphenyl acetic acid	no			https://doi.org/10.1093/jxb/eraa562
UGT71L2	A0A8F5SQ90	Salix purpurea	MAPAETTTPKKALVFVPAPGIGHLVSVMEFAKRLLERDDSFSITMLLMSPPFAHDVTTYVEKLSASHPEFQFLGLPSVPPPPLEDVIACPEHFVSIFIADHKNHVKDMIVNHVLSNKSVKLAGLILDLFCTPFVDVAKDLGVPPYIFFASGAAFLGSMLYLPDRFDNGGVTYKPTDPDSMIPSYINPVPSTVLPSLLFHDGGYSTFVSHARKFKEAKGIIVNTFAELESHAVSYLNGEASVPQVYTVGPVVDLKGNSPVADGSQREEIMNWLDAQPEKSVVFLCFGSQGSFGVPQLKEIALGLEQSGQRFLWSIRRPPSQESLNPGEVNDYSELLPEGFLGRTKNVGFICGWAPQVEVLGHKATGAFVSHCGWNSILESTWYGVPVVTWPLYGEQQINAFQLVKDAGVAIEIKMDYRKDGGEVVMADKVAKAVTDVIEGGGEVKSKVKAMSETGRKALLKGGSSYAAFETLVGALSGNKA	Homogentisic acid	no			https://doi.org/10.1093/jxb/eraa562
UGT71L2	A0A8F5SQ90	Salix purpurea	MAPAETTTPKKALVFVPAPGIGHLVSVMEFAKRLLERDDSFSITMLLMSPPFAHDVTTYVEKLSASHPEFQFLGLPSVPPPPLEDVIACPEHFVSIFIADHKNHVKDMIVNHVLSNKSVKLAGLILDLFCTPFVDVAKDLGVPPYIFFASGAAFLGSMLYLPDRFDNGGVTYKPTDPDSMIPSYINPVPSTVLPSLLFHDGGYSTFVSHARKFKEAKGIIVNTFAELESHAVSYLNGEASVPQVYTVGPVVDLKGNSPVADGSQREEIMNWLDAQPEKSVVFLCFGSQGSFGVPQLKEIALGLEQSGQRFLWSIRRPPSQESLNPGEVNDYSELLPEGFLGRTKNVGFICGWAPQVEVLGHKATGAFVSHCGWNSILESTWYGVPVVTWPLYGEQQINAFQLVKDAGVAIEIKMDYRKDGGEVVMADKVAKAVTDVIEGGGEVKSKVKAMSETGRKALLKGGSSYAAFETLVGALSGNKA	cis/trans 1,2-Dihydroxycyclohexane	no			https://doi.org/10.1093/jxb/eraa562
UGT71L2	A0A8F5SQ90	Salix purpurea	MAPAETTTPKKALVFVPAPGIGHLVSVMEFAKRLLERDDSFSITMLLMSPPFAHDVTTYVEKLSASHPEFQFLGLPSVPPPPLEDVIACPEHFVSIFIADHKNHVKDMIVNHVLSNKSVKLAGLILDLFCTPFVDVAKDLGVPPYIFFASGAAFLGSMLYLPDRFDNGGVTYKPTDPDSMIPSYINPVPSTVLPSLLFHDGGYSTFVSHARKFKEAKGIIVNTFAELESHAVSYLNGEASVPQVYTVGPVVDLKGNSPVADGSQREEIMNWLDAQPEKSVVFLCFGSQGSFGVPQLKEIALGLEQSGQRFLWSIRRPPSQESLNPGEVNDYSELLPEGFLGRTKNVGFICGWAPQVEVLGHKATGAFVSHCGWNSILESTWYGVPVVTWPLYGEQQINAFQLVKDAGVAIEIKMDYRKDGGEVVMADKVAKAVTDVIEGGGEVKSKVKAMSETGRKALLKGGSSYAAFETLVGALSGNKA	2-Hydroxycylcohexane carboxylic acid	no			https://doi.org/10.1093/jxb/eraa562
UGT71L2	A0A8F5SQ90	Salix purpurea	MAPAETTTPKKALVFVPAPGIGHLVSVMEFAKRLLERDDSFSITMLLMSPPFAHDVTTYVEKLSASHPEFQFLGLPSVPPPPLEDVIACPEHFVSIFIADHKNHVKDMIVNHVLSNKSVKLAGLILDLFCTPFVDVAKDLGVPPYIFFASGAAFLGSMLYLPDRFDNGGVTYKPTDPDSMIPSYINPVPSTVLPSLLFHDGGYSTFVSHARKFKEAKGIIVNTFAELESHAVSYLNGEASVPQVYTVGPVVDLKGNSPVADGSQREEIMNWLDAQPEKSVVFLCFGSQGSFGVPQLKEIALGLEQSGQRFLWSIRRPPSQESLNPGEVNDYSELLPEGFLGRTKNVGFICGWAPQVEVLGHKATGAFVSHCGWNSILESTWYGVPVVTWPLYGEQQINAFQLVKDAGVAIEIKMDYRKDGGEVVMADKVAKAVTDVIEGGGEVKSKVKAMSETGRKALLKGGSSYAAFETLVGALSGNKA	Quercetin	no			https://doi.org/10.1093/jxb/eraa562
UGT71L2	A0A8F5SQ90	Salix purpurea	MAPAETTTPKKALVFVPAPGIGHLVSVMEFAKRLLERDDSFSITMLLMSPPFAHDVTTYVEKLSASHPEFQFLGLPSVPPPPLEDVIACPEHFVSIFIADHKNHVKDMIVNHVLSNKSVKLAGLILDLFCTPFVDVAKDLGVPPYIFFASGAAFLGSMLYLPDRFDNGGVTYKPTDPDSMIPSYINPVPSTVLPSLLFHDGGYSTFVSHARKFKEAKGIIVNTFAELESHAVSYLNGEASVPQVYTVGPVVDLKGNSPVADGSQREEIMNWLDAQPEKSVVFLCFGSQGSFGVPQLKEIALGLEQSGQRFLWSIRRPPSQESLNPGEVNDYSELLPEGFLGRTKNVGFICGWAPQVEVLGHKATGAFVSHCGWNSILESTWYGVPVVTWPLYGEQQINAFQLVKDAGVAIEIKMDYRKDGGEVVMADKVAKAVTDVIEGGGEVKSKVKAMSETGRKALLKGGSSYAAFETLVGALSGNKA	Luteolin	no			https://doi.org/10.1093/jxb/eraa562
UGT71L2	A0A8F5SQ90	Salix purpurea	MAPAETTTPKKALVFVPAPGIGHLVSVMEFAKRLLERDDSFSITMLLMSPPFAHDVTTYVEKLSASHPEFQFLGLPSVPPPPLEDVIACPEHFVSIFIADHKNHVKDMIVNHVLSNKSVKLAGLILDLFCTPFVDVAKDLGVPPYIFFASGAAFLGSMLYLPDRFDNGGVTYKPTDPDSMIPSYINPVPSTVLPSLLFHDGGYSTFVSHARKFKEAKGIIVNTFAELESHAVSYLNGEASVPQVYTVGPVVDLKGNSPVADGSQREEIMNWLDAQPEKSVVFLCFGSQGSFGVPQLKEIALGLEQSGQRFLWSIRRPPSQESLNPGEVNDYSELLPEGFLGRTKNVGFICGWAPQVEVLGHKATGAFVSHCGWNSILESTWYGVPVVTWPLYGEQQINAFQLVKDAGVAIEIKMDYRKDGGEVVMADKVAKAVTDVIEGGGEVKSKVKAMSETGRKALLKGGSSYAAFETLVGALSGNKA	Isorhamnetin	no			https://doi.org/10.1093/jxb/eraa562
UGT72AY1	MT945401.1	Nicotiana benthamiana	MDSSQLHVAIVSSPGMGHLIPVLVLGNRLATHHNIKITILAITTTSSSAETEFLKKTTLTNEEKTIEIIPVPSVDISHLINSSTKIFTQLRLLVREALPKIHSTIASMTHRPDALIVDIFCTQILPIAEEFNISKYTYHPTTAWTLALAIYCQVFDKEIEGEYVELKEPLKIPGCKALRPDDVVDPLLDRSDQQYEEYVKLGKEYTDFDGILINTWEDLEPETINALRYNEKLRLLLKVPVFPIGPLRRKVETTLNDEVIQWLDKQNNESVLFVSFGSGGTLSTKQMTELAWGLELSQQKFVWVVRPPSDGDADSAYLNSAGKDTRDMSEYLPEGFLTRTKDMGLVVPMWANQVEILSHSSVGGFLTHCGWNSTVESLTNGVPMIAWPLHAEQKMNAAMLTEELGVAIRPAVLPTKKLVKREEIQGMVRILMQTKEGKRIKEKAKKLKKSAENALSDGGSSYNSICELVKDIRSREL	α-Ionol		0.013		https://doi.org/10.1104/pp.20.00953
UGT73A24	MT945326.1	Nicotiana benthamiana	MGQLHIFFFPMMAHGHMIPTLDMAKLFASRGVKATIITTPLNESVFSKAIQRNKHLGIEIEIRLIKFPAVENDLPEECERLDQIPSDEKLPNFFKAVAMMQEPLEKLIQECRPNCLVSDMFLPWTTDSAAKFNIPRIVFHGTSFFALCVENSVRLNKPFKNVSSDSETFVVPNLPHEIKLTRTQVSPFERSGEETAMTRMIKTVRESDSKSYGVVFNSFYELETDYVEHYTKVLGRRAWAIGPLSMCNRDIVDKAERGKKSSIDKHECLKWLDSKKPSSVVYICFGSVANFTASQLHELAMGIEASGQEFIWVVRTELDNEDWLPEGFEERTKEKGLIIRGWAPQVLILDHESVGAFVTHCGWNSTLEGVSGGVPMVTWPVFAEQFFNEKLVTVVLKTGAGVGSIQWKRSASEGVKREAIAKAVKRVMVSEEADGFRNRAKAYKEMATKAIEKGGSSYTGLTTLLEDISTYSSTDH	α-Ionol		0.025		https://doi.org/10.1104/pp.20.00953
UGT73A25	MT945327.1	Nicotiana benthamiana	MGQLHFFFFPMMAQGHMIPTLDMAKLVASRGVKATIITTPLNESVFSKSIQRNKHLGIEIEIRLIKFPAIENDLPEECERLDQIPSDEKLPNFFKATAMMQEPLEQLIEECRPNCLVSDMFLPWTTDSAAKFNIPRIVFHGTSFFALCVENSVRLNKPFKNVSSDSETFVVPNLPHEIKLTRTQVSPFEQSGEETTMARMIKTVWESDSRSYGVVFNSFYELETDYVEHYTKVLGRRAWAIGPLSMCNRDIEDKAERGKKSSIDKHECLKWLDSKKPSSVVYICFGSVANFTASQLHELAMGIEASGQEFIWVVRTELDNEDWLPEGFEERTREKGLIIRGWAPQVVILDHESVGAFVTHCGWNSTLEGVSGGVPMVTWPVFAEQFFNEKLVTEVLRTGADVGSIQWKRSASEGVKREAIAKAIQRVMVSEEAEGFRNRAKAYKEMARKAVEEGGSSYTGLTTLLEDISTYSSTGH	α-Ionol		0.086		https://doi.org/10.1104/pp.20.00953
UGT85A73	MT945328.1	Nicotiana benthamiana	MGSIGAELTKPHAVCIPYPAQGHINPMLKLAKILHHKGFHITFVNTEFNHRRLLKSRGPDSLKGLSSFRFETIRDGLPPCEADATQDIPSLCESTTTTCLGPFKDLLAKLNDTNTSNVPPVSCIVSDGVMSFTLAAAQELGVPEVLFWTTSACGLLGYMHYYKVIEKGYAPLKDATDLTNGYLETTLDFIPGMKDVRLRDLPSFLRTTNPDEFMIKFVLQETQRARKASAIILNTFETLEAEVLETLRNLLPPVYPIGPLHFLVKHADDENLKGLRSSLWKEEPECIQWLDTKEPNSVVYVNFGSITVMTPNQLIEFAWGLANSQQTFLWIIRPDIVSGDASILPPEFVEETKNRGMLASWCSQEEVLSHPAIGGFLTHSGWNSTLESISSGVPMICWPFFAEQQTNCWFSVTKWDIGMEIDSDVKRDEVESLVRELMVGEKGIKMKKKAMEWKELAEESAKEHSGLSYVNIEKVVNDILLSSKH	α-Ionol	yes			https://doi.org/10.1104/pp.20.00953
UGT72AY1	MT945401.1	Nicotiana benthamiana	MDSSQLHVAIVSSPGMGHLIPVLVLGNRLATHHNIKITILAITTTSSSAETEFLKKTTLTNEEKTIEIIPVPSVDISHLINSSTKIFTQLRLLVREALPKIHSTIASMTHRPDALIVDIFCTQILPIAEEFNISKYTYHPTTAWTLALAIYCQVFDKEIEGEYVELKEPLKIPGCKALRPDDVVDPLLDRSDQQYEEYVKLGKEYTDFDGILINTWEDLEPETINALRYNEKLRLLLKVPVFPIGPLRRKVETTLNDEVIQWLDKQNNESVLFVSFGSGGTLSTKQMTELAWGLELSQQKFVWVVRPPSDGDADSAYLNSAGKDTRDMSEYLPEGFLTRTKDMGLVVPMWANQVEILSHSSVGGFLTHCGWNSTVESLTNGVPMIAWPLHAEQKMNAAMLTEELGVAIRPAVLPTKKLVKREEIQGMVRILMQTKEGKRIKEKAKKLKKSAENALSDGGSSYNSICELVKDIRSREL	β-Ionol		0.007		https://doi.org/10.1104/pp.20.00953
UGT73A24	MT945326.1	Nicotiana benthamiana	MGQLHIFFFPMMAHGHMIPTLDMAKLFASRGVKATIITTPLNESVFSKAIQRNKHLGIEIEIRLIKFPAVENDLPEECERLDQIPSDEKLPNFFKAVAMMQEPLEKLIQECRPNCLVSDMFLPWTTDSAAKFNIPRIVFHGTSFFALCVENSVRLNKPFKNVSSDSETFVVPNLPHEIKLTRTQVSPFERSGEETAMTRMIKTVRESDSKSYGVVFNSFYELETDYVEHYTKVLGRRAWAIGPLSMCNRDIVDKAERGKKSSIDKHECLKWLDSKKPSSVVYICFGSVANFTASQLHELAMGIEASGQEFIWVVRTELDNEDWLPEGFEERTKEKGLIIRGWAPQVLILDHESVGAFVTHCGWNSTLEGVSGGVPMVTWPVFAEQFFNEKLVTVVLKTGAGVGSIQWKRSASEGVKREAIAKAVKRVMVSEEADGFRNRAKAYKEMATKAIEKGGSSYTGLTTLLEDISTYSSTDH	β-Ionol		0.024		https://doi.org/10.1104/pp.20.00953
UGT73A25	MT945327.1	Nicotiana benthamiana	MGQLHFFFFPMMAQGHMIPTLDMAKLVASRGVKATIITTPLNESVFSKSIQRNKHLGIEIEIRLIKFPAIENDLPEECERLDQIPSDEKLPNFFKATAMMQEPLEQLIEECRPNCLVSDMFLPWTTDSAAKFNIPRIVFHGTSFFALCVENSVRLNKPFKNVSSDSETFVVPNLPHEIKLTRTQVSPFEQSGEETTMARMIKTVWESDSRSYGVVFNSFYELETDYVEHYTKVLGRRAWAIGPLSMCNRDIEDKAERGKKSSIDKHECLKWLDSKKPSSVVYICFGSVANFTASQLHELAMGIEASGQEFIWVVRTELDNEDWLPEGFEERTREKGLIIRGWAPQVVILDHESVGAFVTHCGWNSTLEGVSGGVPMVTWPVFAEQFFNEKLVTEVLRTGADVGSIQWKRSASEGVKREAIAKAIQRVMVSEEAEGFRNRAKAYKEMARKAVEEGGSSYTGLTTLLEDISTYSSTGH	β-Ionol		0.208		https://doi.org/10.1104/pp.20.00953
UGT85A73	MT945328.1	Nicotiana benthamiana	MGSIGAELTKPHAVCIPYPAQGHINPMLKLAKILHHKGFHITFVNTEFNHRRLLKSRGPDSLKGLSSFRFETIRDGLPPCEADATQDIPSLCESTTTTCLGPFKDLLAKLNDTNTSNVPPVSCIVSDGVMSFTLAAAQELGVPEVLFWTTSACGLLGYMHYYKVIEKGYAPLKDATDLTNGYLETTLDFIPGMKDVRLRDLPSFLRTTNPDEFMIKFVLQETQRARKASAIILNTFETLEAEVLETLRNLLPPVYPIGPLHFLVKHADDENLKGLRSSLWKEEPECIQWLDTKEPNSVVYVNFGSITVMTPNQLIEFAWGLANSQQTFLWIIRPDIVSGDASILPPEFVEETKNRGMLASWCSQEEVLSHPAIGGFLTHSGWNSTLESISSGVPMICWPFFAEQQTNCWFSVTKWDIGMEIDSDVKRDEVESLVRELMVGEKGIKMKKKAMEWKELAEESAKEHSGLSYVNIEKVVNDILLSSKH	β-Ionol	yes			https://doi.org/10.1104/pp.20.00953
UGT72AY1	MT945401.1	Nicotiana benthamiana	MDSSQLHVAIVSSPGMGHLIPVLVLGNRLATHHNIKITILAITTTSSSAETEFLKKTTLTNEEKTIEIIPVPSVDISHLINSSTKIFTQLRLLVREALPKIHSTIASMTHRPDALIVDIFCTQILPIAEEFNISKYTYHPTTAWTLALAIYCQVFDKEIEGEYVELKEPLKIPGCKALRPDDVVDPLLDRSDQQYEEYVKLGKEYTDFDGILINTWEDLEPETINALRYNEKLRLLLKVPVFPIGPLRRKVETTLNDEVIQWLDKQNNESVLFVSFGSGGTLSTKQMTELAWGLELSQQKFVWVVRPPSDGDADSAYLNSAGKDTRDMSEYLPEGFLTRTKDMGLVVPMWANQVEILSHSSVGGFLTHCGWNSTVESLTNGVPMIAWPLHAEQKMNAAMLTEELGVAIRPAVLPTKKLVKREEIQGMVRILMQTKEGKRIKEKAKKLKKSAENALSDGGSSYNSICELVKDIRSREL	3-Hydroxy-α-ionol	yes			https://doi.org/10.1104/pp.20.00953
UGT73A24	MT945326.1	Nicotiana benthamiana	MGQLHIFFFPMMAHGHMIPTLDMAKLFASRGVKATIITTPLNESVFSKAIQRNKHLGIEIEIRLIKFPAVENDLPEECERLDQIPSDEKLPNFFKAVAMMQEPLEKLIQECRPNCLVSDMFLPWTTDSAAKFNIPRIVFHGTSFFALCVENSVRLNKPFKNVSSDSETFVVPNLPHEIKLTRTQVSPFERSGEETAMTRMIKTVRESDSKSYGVVFNSFYELETDYVEHYTKVLGRRAWAIGPLSMCNRDIVDKAERGKKSSIDKHECLKWLDSKKPSSVVYICFGSVANFTASQLHELAMGIEASGQEFIWVVRTELDNEDWLPEGFEERTKEKGLIIRGWAPQVLILDHESVGAFVTHCGWNSTLEGVSGGVPMVTWPVFAEQFFNEKLVTVVLKTGAGVGSIQWKRSASEGVKREAIAKAVKRVMVSEEADGFRNRAKAYKEMATKAIEKGGSSYTGLTTLLEDISTYSSTDH	3-Hydroxy-α-ionol	yes			https://doi.org/10.1104/pp.20.00953
UGT73A25	MT945327.1	Nicotiana benthamiana	MGQLHFFFFPMMAQGHMIPTLDMAKLVASRGVKATIITTPLNESVFSKSIQRNKHLGIEIEIRLIKFPAIENDLPEECERLDQIPSDEKLPNFFKATAMMQEPLEQLIEECRPNCLVSDMFLPWTTDSAAKFNIPRIVFHGTSFFALCVENSVRLNKPFKNVSSDSETFVVPNLPHEIKLTRTQVSPFEQSGEETTMARMIKTVWESDSRSYGVVFNSFYELETDYVEHYTKVLGRRAWAIGPLSMCNRDIEDKAERGKKSSIDKHECLKWLDSKKPSSVVYICFGSVANFTASQLHELAMGIEASGQEFIWVVRTELDNEDWLPEGFEERTREKGLIIRGWAPQVVILDHESVGAFVTHCGWNSTLEGVSGGVPMVTWPVFAEQFFNEKLVTEVLRTGADVGSIQWKRSASEGVKREAIAKAIQRVMVSEEAEGFRNRAKAYKEMARKAVEEGGSSYTGLTTLLEDISTYSSTGH	3-Hydroxy-α-ionol	yes			https://doi.org/10.1104/pp.20.00953
UGT85A73	MT945328.1	Nicotiana benthamiana	MGSIGAELTKPHAVCIPYPAQGHINPMLKLAKILHHKGFHITFVNTEFNHRRLLKSRGPDSLKGLSSFRFETIRDGLPPCEADATQDIPSLCESTTTTCLGPFKDLLAKLNDTNTSNVPPVSCIVSDGVMSFTLAAAQELGVPEVLFWTTSACGLLGYMHYYKVIEKGYAPLKDATDLTNGYLETTLDFIPGMKDVRLRDLPSFLRTTNPDEFMIKFVLQETQRARKASAIILNTFETLEAEVLETLRNLLPPVYPIGPLHFLVKHADDENLKGLRSSLWKEEPECIQWLDTKEPNSVVYVNFGSITVMTPNQLIEFAWGLANSQQTFLWIIRPDIVSGDASILPPEFVEETKNRGMLASWCSQEEVLSHPAIGGFLTHSGWNSTLESISSGVPMICWPFFAEQQTNCWFSVTKWDIGMEIDSDVKRDEVESLVRELMVGEKGIKMKKKAMEWKELAEESAKEHSGLSYVNIEKVVNDILLSSKH	3-Hydroxy-α-ionol				https://doi.org/10.1104/pp.20.00953
UGT72AY1	MT945401.1	Nicotiana benthamiana	MDSSQLHVAIVSSPGMGHLIPVLVLGNRLATHHNIKITILAITTTSSSAETEFLKKTTLTNEEKTIEIIPVPSVDISHLINSSTKIFTQLRLLVREALPKIHSTIASMTHRPDALIVDIFCTQILPIAEEFNISKYTYHPTTAWTLALAIYCQVFDKEIEGEYVELKEPLKIPGCKALRPDDVVDPLLDRSDQQYEEYVKLGKEYTDFDGILINTWEDLEPETINALRYNEKLRLLLKVPVFPIGPLRRKVETTLNDEVIQWLDKQNNESVLFVSFGSGGTLSTKQMTELAWGLELSQQKFVWVVRPPSDGDADSAYLNSAGKDTRDMSEYLPEGFLTRTKDMGLVVPMWANQVEILSHSSVGGFLTHCGWNSTVESLTNGVPMIAWPLHAEQKMNAAMLTEELGVAIRPAVLPTKKLVKREEIQGMVRILMQTKEGKRIKEKAKKLKKSAENALSDGGSSYNSICELVKDIRSREL	4-Hydroxy-β-ionol	yes			https://doi.org/10.1104/pp.20.00953
UGT73A24	MT945326.1	Nicotiana benthamiana	MGQLHIFFFPMMAHGHMIPTLDMAKLFASRGVKATIITTPLNESVFSKAIQRNKHLGIEIEIRLIKFPAVENDLPEECERLDQIPSDEKLPNFFKAVAMMQEPLEKLIQECRPNCLVSDMFLPWTTDSAAKFNIPRIVFHGTSFFALCVENSVRLNKPFKNVSSDSETFVVPNLPHEIKLTRTQVSPFERSGEETAMTRMIKTVRESDSKSYGVVFNSFYELETDYVEHYTKVLGRRAWAIGPLSMCNRDIVDKAERGKKSSIDKHECLKWLDSKKPSSVVYICFGSVANFTASQLHELAMGIEASGQEFIWVVRTELDNEDWLPEGFEERTKEKGLIIRGWAPQVLILDHESVGAFVTHCGWNSTLEGVSGGVPMVTWPVFAEQFFNEKLVTVVLKTGAGVGSIQWKRSASEGVKREAIAKAVKRVMVSEEADGFRNRAKAYKEMATKAIEKGGSSYTGLTTLLEDISTYSSTDH	4-Hydroxy-β-ionol	yes			https://doi.org/10.1104/pp.20.00953
UGT73A25	MT945327.1	Nicotiana benthamiana	MGQLHFFFFPMMAQGHMIPTLDMAKLVASRGVKATIITTPLNESVFSKSIQRNKHLGIEIEIRLIKFPAIENDLPEECERLDQIPSDEKLPNFFKATAMMQEPLEQLIEECRPNCLVSDMFLPWTTDSAAKFNIPRIVFHGTSFFALCVENSVRLNKPFKNVSSDSETFVVPNLPHEIKLTRTQVSPFEQSGEETTMARMIKTVWESDSRSYGVVFNSFYELETDYVEHYTKVLGRRAWAIGPLSMCNRDIEDKAERGKKSSIDKHECLKWLDSKKPSSVVYICFGSVANFTASQLHELAMGIEASGQEFIWVVRTELDNEDWLPEGFEERTREKGLIIRGWAPQVVILDHESVGAFVTHCGWNSTLEGVSGGVPMVTWPVFAEQFFNEKLVTEVLRTGADVGSIQWKRSASEGVKREAIAKAIQRVMVSEEAEGFRNRAKAYKEMARKAVEEGGSSYTGLTTLLEDISTYSSTGH	4-Hydroxy-β-ionol	yes			https://doi.org/10.1104/pp.20.00953
UGT85A73	MT945328.1	Nicotiana benthamiana	MGSIGAELTKPHAVCIPYPAQGHINPMLKLAKILHHKGFHITFVNTEFNHRRLLKSRGPDSLKGLSSFRFETIRDGLPPCEADATQDIPSLCESTTTTCLGPFKDLLAKLNDTNTSNVPPVSCIVSDGVMSFTLAAAQELGVPEVLFWTTSACGLLGYMHYYKVIEKGYAPLKDATDLTNGYLETTLDFIPGMKDVRLRDLPSFLRTTNPDEFMIKFVLQETQRARKASAIILNTFETLEAEVLETLRNLLPPVYPIGPLHFLVKHADDENLKGLRSSLWKEEPECIQWLDTKEPNSVVYVNFGSITVMTPNQLIEFAWGLANSQQTFLWIIRPDIVSGDASILPPEFVEETKNRGMLASWCSQEEVLSHPAIGGFLTHSGWNSTLESISSGVPMICWPFFAEQQTNCWFSVTKWDIGMEIDSDVKRDEVESLVRELMVGEKGIKMKKKAMEWKELAEESAKEHSGLSYVNIEKVVNDILLSSKH	4-Hydroxy-β-ionol				https://doi.org/10.1104/pp.20.00953
UGT72AY1	MT945401.1	Nicotiana benthamiana	MDSSQLHVAIVSSPGMGHLIPVLVLGNRLATHHNIKITILAITTTSSSAETEFLKKTTLTNEEKTIEIIPVPSVDISHLINSSTKIFTQLRLLVREALPKIHSTIASMTHRPDALIVDIFCTQILPIAEEFNISKYTYHPTTAWTLALAIYCQVFDKEIEGEYVELKEPLKIPGCKALRPDDVVDPLLDRSDQQYEEYVKLGKEYTDFDGILINTWEDLEPETINALRYNEKLRLLLKVPVFPIGPLRRKVETTLNDEVIQWLDKQNNESVLFVSFGSGGTLSTKQMTELAWGLELSQQKFVWVVRPPSDGDADSAYLNSAGKDTRDMSEYLPEGFLTRTKDMGLVVPMWANQVEILSHSSVGGFLTHCGWNSTVESLTNGVPMIAWPLHAEQKMNAAMLTEELGVAIRPAVLPTKKLVKREEIQGMVRILMQTKEGKRIKEKAKKLKKSAENALSDGGSSYNSICELVKDIRSREL	3-Hydroxy-α-ionone				https://doi.org/10.1104/pp.20.00953
UGT73A24	MT945326.1	Nicotiana benthamiana	MGQLHIFFFPMMAHGHMIPTLDMAKLFASRGVKATIITTPLNESVFSKAIQRNKHLGIEIEIRLIKFPAVENDLPEECERLDQIPSDEKLPNFFKAVAMMQEPLEKLIQECRPNCLVSDMFLPWTTDSAAKFNIPRIVFHGTSFFALCVENSVRLNKPFKNVSSDSETFVVPNLPHEIKLTRTQVSPFERSGEETAMTRMIKTVRESDSKSYGVVFNSFYELETDYVEHYTKVLGRRAWAIGPLSMCNRDIVDKAERGKKSSIDKHECLKWLDSKKPSSVVYICFGSVANFTASQLHELAMGIEASGQEFIWVVRTELDNEDWLPEGFEERTKEKGLIIRGWAPQVLILDHESVGAFVTHCGWNSTLEGVSGGVPMVTWPVFAEQFFNEKLVTVVLKTGAGVGSIQWKRSASEGVKREAIAKAVKRVMVSEEADGFRNRAKAYKEMATKAIEKGGSSYTGLTTLLEDISTYSSTDH	3-Hydroxy-α-ionone				https://doi.org/10.1104/pp.20.00953
UGT73A25	MT945327.1	Nicotiana benthamiana	MGQLHFFFFPMMAQGHMIPTLDMAKLVASRGVKATIITTPLNESVFSKSIQRNKHLGIEIEIRLIKFPAIENDLPEECERLDQIPSDEKLPNFFKATAMMQEPLEQLIEECRPNCLVSDMFLPWTTDSAAKFNIPRIVFHGTSFFALCVENSVRLNKPFKNVSSDSETFVVPNLPHEIKLTRTQVSPFEQSGEETTMARMIKTVWESDSRSYGVVFNSFYELETDYVEHYTKVLGRRAWAIGPLSMCNRDIEDKAERGKKSSIDKHECLKWLDSKKPSSVVYICFGSVANFTASQLHELAMGIEASGQEFIWVVRTELDNEDWLPEGFEERTREKGLIIRGWAPQVVILDHESVGAFVTHCGWNSTLEGVSGGVPMVTWPVFAEQFFNEKLVTEVLRTGADVGSIQWKRSASEGVKREAIAKAIQRVMVSEEAEGFRNRAKAYKEMARKAVEEGGSSYTGLTTLLEDISTYSSTGH	3-Hydroxy-α-ionone				https://doi.org/10.1104/pp.20.00953
UGT85A73	MT945328.1	Nicotiana benthamiana	MGSIGAELTKPHAVCIPYPAQGHINPMLKLAKILHHKGFHITFVNTEFNHRRLLKSRGPDSLKGLSSFRFETIRDGLPPCEADATQDIPSLCESTTTTCLGPFKDLLAKLNDTNTSNVPPVSCIVSDGVMSFTLAAAQELGVPEVLFWTTSACGLLGYMHYYKVIEKGYAPLKDATDLTNGYLETTLDFIPGMKDVRLRDLPSFLRTTNPDEFMIKFVLQETQRARKASAIILNTFETLEAEVLETLRNLLPPVYPIGPLHFLVKHADDENLKGLRSSLWKEEPECIQWLDTKEPNSVVYVNFGSITVMTPNQLIEFAWGLANSQQTFLWIIRPDIVSGDASILPPEFVEETKNRGMLASWCSQEEVLSHPAIGGFLTHSGWNSTLESISSGVPMICWPFFAEQQTNCWFSVTKWDIGMEIDSDVKRDEVESLVRELMVGEKGIKMKKKAMEWKELAEESAKEHSGLSYVNIEKVVNDILLSSKH	3-Hydroxy-α-ionone				https://doi.org/10.1104/pp.20.00953
UGT72AY1	MT945401.1	Nicotiana benthamiana	MDSSQLHVAIVSSPGMGHLIPVLVLGNRLATHHNIKITILAITTTSSSAETEFLKKTTLTNEEKTIEIIPVPSVDISHLINSSTKIFTQLRLLVREALPKIHSTIASMTHRPDALIVDIFCTQILPIAEEFNISKYTYHPTTAWTLALAIYCQVFDKEIEGEYVELKEPLKIPGCKALRPDDVVDPLLDRSDQQYEEYVKLGKEYTDFDGILINTWEDLEPETINALRYNEKLRLLLKVPVFPIGPLRRKVETTLNDEVIQWLDKQNNESVLFVSFGSGGTLSTKQMTELAWGLELSQQKFVWVVRPPSDGDADSAYLNSAGKDTRDMSEYLPEGFLTRTKDMGLVVPMWANQVEILSHSSVGGFLTHCGWNSTVESLTNGVPMIAWPLHAEQKMNAAMLTEELGVAIRPAVLPTKKLVKREEIQGMVRILMQTKEGKRIKEKAKKLKKSAENALSDGGSSYNSICELVKDIRSREL	4-Hydroxy-β-ionone				https://doi.org/10.1104/pp.20.00953
UGT73A24	MT945326.1	Nicotiana benthamiana	MGQLHIFFFPMMAHGHMIPTLDMAKLFASRGVKATIITTPLNESVFSKAIQRNKHLGIEIEIRLIKFPAVENDLPEECERLDQIPSDEKLPNFFKAVAMMQEPLEKLIQECRPNCLVSDMFLPWTTDSAAKFNIPRIVFHGTSFFALCVENSVRLNKPFKNVSSDSETFVVPNLPHEIKLTRTQVSPFERSGEETAMTRMIKTVRESDSKSYGVVFNSFYELETDYVEHYTKVLGRRAWAIGPLSMCNRDIVDKAERGKKSSIDKHECLKWLDSKKPSSVVYICFGSVANFTASQLHELAMGIEASGQEFIWVVRTELDNEDWLPEGFEERTKEKGLIIRGWAPQVLILDHESVGAFVTHCGWNSTLEGVSGGVPMVTWPVFAEQFFNEKLVTVVLKTGAGVGSIQWKRSASEGVKREAIAKAVKRVMVSEEADGFRNRAKAYKEMATKAIEKGGSSYTGLTTLLEDISTYSSTDH	4-Hydroxy-β-ionone	yes			https://doi.org/10.1104/pp.20.00953
UGT73A25	MT945327.1	Nicotiana benthamiana	MGQLHFFFFPMMAQGHMIPTLDMAKLVASRGVKATIITTPLNESVFSKSIQRNKHLGIEIEIRLIKFPAIENDLPEECERLDQIPSDEKLPNFFKATAMMQEPLEQLIEECRPNCLVSDMFLPWTTDSAAKFNIPRIVFHGTSFFALCVENSVRLNKPFKNVSSDSETFVVPNLPHEIKLTRTQVSPFEQSGEETTMARMIKTVWESDSRSYGVVFNSFYELETDYVEHYTKVLGRRAWAIGPLSMCNRDIEDKAERGKKSSIDKHECLKWLDSKKPSSVVYICFGSVANFTASQLHELAMGIEASGQEFIWVVRTELDNEDWLPEGFEERTREKGLIIRGWAPQVVILDHESVGAFVTHCGWNSTLEGVSGGVPMVTWPVFAEQFFNEKLVTEVLRTGADVGSIQWKRSASEGVKREAIAKAIQRVMVSEEAEGFRNRAKAYKEMARKAVEEGGSSYTGLTTLLEDISTYSSTGH	4-Hydroxy-β-ionone	yes			https://doi.org/10.1104/pp.20.00953
UGT85A73	MT945328.1	Nicotiana benthamiana	MGSIGAELTKPHAVCIPYPAQGHINPMLKLAKILHHKGFHITFVNTEFNHRRLLKSRGPDSLKGLSSFRFETIRDGLPPCEADATQDIPSLCESTTTTCLGPFKDLLAKLNDTNTSNVPPVSCIVSDGVMSFTLAAAQELGVPEVLFWTTSACGLLGYMHYYKVIEKGYAPLKDATDLTNGYLETTLDFIPGMKDVRLRDLPSFLRTTNPDEFMIKFVLQETQRARKASAIILNTFETLEAEVLETLRNLLPPVYPIGPLHFLVKHADDENLKGLRSSLWKEEPECIQWLDTKEPNSVVYVNFGSITVMTPNQLIEFAWGLANSQQTFLWIIRPDIVSGDASILPPEFVEETKNRGMLASWCSQEEVLSHPAIGGFLTHSGWNSTLESISSGVPMICWPFFAEQQTNCWFSVTKWDIGMEIDSDVKRDEVESLVRELMVGEKGIKMKKKAMEWKELAEESAKEHSGLSYVNIEKVVNDILLSSKH	4-Hydroxy-β-ionone				https://doi.org/10.1104/pp.20.00953
UGT72AY1	MT945401.1	Nicotiana benthamiana	MDSSQLHVAIVSSPGMGHLIPVLVLGNRLATHHNIKITILAITTTSSSAETEFLKKTTLTNEEKTIEIIPVPSVDISHLINSSTKIFTQLRLLVREALPKIHSTIASMTHRPDALIVDIFCTQILPIAEEFNISKYTYHPTTAWTLALAIYCQVFDKEIEGEYVELKEPLKIPGCKALRPDDVVDPLLDRSDQQYEEYVKLGKEYTDFDGILINTWEDLEPETINALRYNEKLRLLLKVPVFPIGPLRRKVETTLNDEVIQWLDKQNNESVLFVSFGSGGTLSTKQMTELAWGLELSQQKFVWVVRPPSDGDADSAYLNSAGKDTRDMSEYLPEGFLTRTKDMGLVVPMWANQVEILSHSSVGGFLTHCGWNSTVESLTNGVPMIAWPLHAEQKMNAAMLTEELGVAIRPAVLPTKKLVKREEIQGMVRILMQTKEGKRIKEKAKKLKKSAENALSDGGSSYNSICELVKDIRSREL	3-Hydroxy-α-damascone				https://doi.org/10.1104/pp.20.00953
UGT73A24	MT945326.1	Nicotiana benthamiana	MGQLHIFFFPMMAHGHMIPTLDMAKLFASRGVKATIITTPLNESVFSKAIQRNKHLGIEIEIRLIKFPAVENDLPEECERLDQIPSDEKLPNFFKAVAMMQEPLEKLIQECRPNCLVSDMFLPWTTDSAAKFNIPRIVFHGTSFFALCVENSVRLNKPFKNVSSDSETFVVPNLPHEIKLTRTQVSPFERSGEETAMTRMIKTVRESDSKSYGVVFNSFYELETDYVEHYTKVLGRRAWAIGPLSMCNRDIVDKAERGKKSSIDKHECLKWLDSKKPSSVVYICFGSVANFTASQLHELAMGIEASGQEFIWVVRTELDNEDWLPEGFEERTKEKGLIIRGWAPQVLILDHESVGAFVTHCGWNSTLEGVSGGVPMVTWPVFAEQFFNEKLVTVVLKTGAGVGSIQWKRSASEGVKREAIAKAVKRVMVSEEADGFRNRAKAYKEMATKAIEKGGSSYTGLTTLLEDISTYSSTDH	3-Hydroxy-α-damascone	yes			https://doi.org/10.1104/pp.20.00953
UGT73A25	MT945327.1	Nicotiana benthamiana	MGQLHFFFFPMMAQGHMIPTLDMAKLVASRGVKATIITTPLNESVFSKSIQRNKHLGIEIEIRLIKFPAIENDLPEECERLDQIPSDEKLPNFFKATAMMQEPLEQLIEECRPNCLVSDMFLPWTTDSAAKFNIPRIVFHGTSFFALCVENSVRLNKPFKNVSSDSETFVVPNLPHEIKLTRTQVSPFEQSGEETTMARMIKTVWESDSRSYGVVFNSFYELETDYVEHYTKVLGRRAWAIGPLSMCNRDIEDKAERGKKSSIDKHECLKWLDSKKPSSVVYICFGSVANFTASQLHELAMGIEASGQEFIWVVRTELDNEDWLPEGFEERTREKGLIIRGWAPQVVILDHESVGAFVTHCGWNSTLEGVSGGVPMVTWPVFAEQFFNEKLVTEVLRTGADVGSIQWKRSASEGVKREAIAKAIQRVMVSEEAEGFRNRAKAYKEMARKAVEEGGSSYTGLTTLLEDISTYSSTGH	3-Hydroxy-α-damascone	yes			https://doi.org/10.1104/pp.20.00953
UGT85A73	MT945328.1	Nicotiana benthamiana	MGSIGAELTKPHAVCIPYPAQGHINPMLKLAKILHHKGFHITFVNTEFNHRRLLKSRGPDSLKGLSSFRFETIRDGLPPCEADATQDIPSLCESTTTTCLGPFKDLLAKLNDTNTSNVPPVSCIVSDGVMSFTLAAAQELGVPEVLFWTTSACGLLGYMHYYKVIEKGYAPLKDATDLTNGYLETTLDFIPGMKDVRLRDLPSFLRTTNPDEFMIKFVLQETQRARKASAIILNTFETLEAEVLETLRNLLPPVYPIGPLHFLVKHADDENLKGLRSSLWKEEPECIQWLDTKEPNSVVYVNFGSITVMTPNQLIEFAWGLANSQQTFLWIIRPDIVSGDASILPPEFVEETKNRGMLASWCSQEEVLSHPAIGGFLTHSGWNSTLESISSGVPMICWPFFAEQQTNCWFSVTKWDIGMEIDSDVKRDEVESLVRELMVGEKGIKMKKKAMEWKELAEESAKEHSGLSYVNIEKVVNDILLSSKH	3-Hydroxy-α-damascone	yes			https://doi.org/10.1104/pp.20.00953
UGT72AY1	MT945401.1	Nicotiana benthamiana	MDSSQLHVAIVSSPGMGHLIPVLVLGNRLATHHNIKITILAITTTSSSAETEFLKKTTLTNEEKTIEIIPVPSVDISHLINSSTKIFTQLRLLVREALPKIHSTIASMTHRPDALIVDIFCTQILPIAEEFNISKYTYHPTTAWTLALAIYCQVFDKEIEGEYVELKEPLKIPGCKALRPDDVVDPLLDRSDQQYEEYVKLGKEYTDFDGILINTWEDLEPETINALRYNEKLRLLLKVPVFPIGPLRRKVETTLNDEVIQWLDKQNNESVLFVSFGSGGTLSTKQMTELAWGLELSQQKFVWVVRPPSDGDADSAYLNSAGKDTRDMSEYLPEGFLTRTKDMGLVVPMWANQVEILSHSSVGGFLTHCGWNSTVESLTNGVPMIAWPLHAEQKMNAAMLTEELGVAIRPAVLPTKKLVKREEIQGMVRILMQTKEGKRIKEKAKKLKKSAENALSDGGSSYNSICELVKDIRSREL	4-Hydroxy-β-damascone	no			https://doi.org/10.1104/pp.20.00953
UGT73A24	MT945326.1	Nicotiana benthamiana	MGQLHIFFFPMMAHGHMIPTLDMAKLFASRGVKATIITTPLNESVFSKAIQRNKHLGIEIEIRLIKFPAVENDLPEECERLDQIPSDEKLPNFFKAVAMMQEPLEKLIQECRPNCLVSDMFLPWTTDSAAKFNIPRIVFHGTSFFALCVENSVRLNKPFKNVSSDSETFVVPNLPHEIKLTRTQVSPFERSGEETAMTRMIKTVRESDSKSYGVVFNSFYELETDYVEHYTKVLGRRAWAIGPLSMCNRDIVDKAERGKKSSIDKHECLKWLDSKKPSSVVYICFGSVANFTASQLHELAMGIEASGQEFIWVVRTELDNEDWLPEGFEERTKEKGLIIRGWAPQVLILDHESVGAFVTHCGWNSTLEGVSGGVPMVTWPVFAEQFFNEKLVTVVLKTGAGVGSIQWKRSASEGVKREAIAKAVKRVMVSEEADGFRNRAKAYKEMATKAIEKGGSSYTGLTTLLEDISTYSSTDH	4-Hydroxy-β-damascone	no			https://doi.org/10.1104/pp.20.00953
UGT73A25	MT945327.1	Nicotiana benthamiana	MGQLHFFFFPMMAQGHMIPTLDMAKLVASRGVKATIITTPLNESVFSKSIQRNKHLGIEIEIRLIKFPAIENDLPEECERLDQIPSDEKLPNFFKATAMMQEPLEQLIEECRPNCLVSDMFLPWTTDSAAKFNIPRIVFHGTSFFALCVENSVRLNKPFKNVSSDSETFVVPNLPHEIKLTRTQVSPFEQSGEETTMARMIKTVWESDSRSYGVVFNSFYELETDYVEHYTKVLGRRAWAIGPLSMCNRDIEDKAERGKKSSIDKHECLKWLDSKKPSSVVYICFGSVANFTASQLHELAMGIEASGQEFIWVVRTELDNEDWLPEGFEERTREKGLIIRGWAPQVVILDHESVGAFVTHCGWNSTLEGVSGGVPMVTWPVFAEQFFNEKLVTEVLRTGADVGSIQWKRSASEGVKREAIAKAIQRVMVSEEAEGFRNRAKAYKEMARKAVEEGGSSYTGLTTLLEDISTYSSTGH	4-Hydroxy-β-damascone				https://doi.org/10.1104/pp.20.00953
UGT85A73	MT945328.1	Nicotiana benthamiana	MGSIGAELTKPHAVCIPYPAQGHINPMLKLAKILHHKGFHITFVNTEFNHRRLLKSRGPDSLKGLSSFRFETIRDGLPPCEADATQDIPSLCESTTTTCLGPFKDLLAKLNDTNTSNVPPVSCIVSDGVMSFTLAAAQELGVPEVLFWTTSACGLLGYMHYYKVIEKGYAPLKDATDLTNGYLETTLDFIPGMKDVRLRDLPSFLRTTNPDEFMIKFVLQETQRARKASAIILNTFETLEAEVLETLRNLLPPVYPIGPLHFLVKHADDENLKGLRSSLWKEEPECIQWLDTKEPNSVVYVNFGSITVMTPNQLIEFAWGLANSQQTFLWIIRPDIVSGDASILPPEFVEETKNRGMLASWCSQEEVLSHPAIGGFLTHSGWNSTLESISSGVPMICWPFFAEQQTNCWFSVTKWDIGMEIDSDVKRDEVESLVRELMVGEKGIKMKKKAMEWKELAEESAKEHSGLSYVNIEKVVNDILLSSKH	4-Hydroxy-β-damascone	yes			https://doi.org/10.1104/pp.20.00953
UGT72AY1	MT945401.1	Nicotiana benthamiana	MDSSQLHVAIVSSPGMGHLIPVLVLGNRLATHHNIKITILAITTTSSSAETEFLKKTTLTNEEKTIEIIPVPSVDISHLINSSTKIFTQLRLLVREALPKIHSTIASMTHRPDALIVDIFCTQILPIAEEFNISKYTYHPTTAWTLALAIYCQVFDKEIEGEYVELKEPLKIPGCKALRPDDVVDPLLDRSDQQYEEYVKLGKEYTDFDGILINTWEDLEPETINALRYNEKLRLLLKVPVFPIGPLRRKVETTLNDEVIQWLDKQNNESVLFVSFGSGGTLSTKQMTELAWGLELSQQKFVWVVRPPSDGDADSAYLNSAGKDTRDMSEYLPEGFLTRTKDMGLVVPMWANQVEILSHSSVGGFLTHCGWNSTVESLTNGVPMIAWPLHAEQKMNAAMLTEELGVAIRPAVLPTKKLVKREEIQGMVRILMQTKEGKRIKEKAKKLKKSAENALSDGGSSYNSICELVKDIRSREL	3-Oxo-α-ionol	yes			https://doi.org/10.1104/pp.20.00953
UGT73A24	MT945326.1	Nicotiana benthamiana	MGQLHIFFFPMMAHGHMIPTLDMAKLFASRGVKATIITTPLNESVFSKAIQRNKHLGIEIEIRLIKFPAVENDLPEECERLDQIPSDEKLPNFFKAVAMMQEPLEKLIQECRPNCLVSDMFLPWTTDSAAKFNIPRIVFHGTSFFALCVENSVRLNKPFKNVSSDSETFVVPNLPHEIKLTRTQVSPFERSGEETAMTRMIKTVRESDSKSYGVVFNSFYELETDYVEHYTKVLGRRAWAIGPLSMCNRDIVDKAERGKKSSIDKHECLKWLDSKKPSSVVYICFGSVANFTASQLHELAMGIEASGQEFIWVVRTELDNEDWLPEGFEERTKEKGLIIRGWAPQVLILDHESVGAFVTHCGWNSTLEGVSGGVPMVTWPVFAEQFFNEKLVTVVLKTGAGVGSIQWKRSASEGVKREAIAKAVKRVMVSEEADGFRNRAKAYKEMATKAIEKGGSSYTGLTTLLEDISTYSSTDH	3-Oxo-α-ionol	yes			https://doi.org/10.1104/pp.20.00953
UGT73A25	MT945327.1	Nicotiana benthamiana	MGQLHFFFFPMMAQGHMIPTLDMAKLVASRGVKATIITTPLNESVFSKSIQRNKHLGIEIEIRLIKFPAIENDLPEECERLDQIPSDEKLPNFFKATAMMQEPLEQLIEECRPNCLVSDMFLPWTTDSAAKFNIPRIVFHGTSFFALCVENSVRLNKPFKNVSSDSETFVVPNLPHEIKLTRTQVSPFEQSGEETTMARMIKTVWESDSRSYGVVFNSFYELETDYVEHYTKVLGRRAWAIGPLSMCNRDIEDKAERGKKSSIDKHECLKWLDSKKPSSVVYICFGSVANFTASQLHELAMGIEASGQEFIWVVRTELDNEDWLPEGFEERTREKGLIIRGWAPQVVILDHESVGAFVTHCGWNSTLEGVSGGVPMVTWPVFAEQFFNEKLVTEVLRTGADVGSIQWKRSASEGVKREAIAKAIQRVMVSEEAEGFRNRAKAYKEMARKAVEEGGSSYTGLTTLLEDISTYSSTGH	3-Oxo-α-ionol	yes			https://doi.org/10.1104/pp.20.00953
UGT85A73	MT945328.1	Nicotiana benthamiana	MGSIGAELTKPHAVCIPYPAQGHINPMLKLAKILHHKGFHITFVNTEFNHRRLLKSRGPDSLKGLSSFRFETIRDGLPPCEADATQDIPSLCESTTTTCLGPFKDLLAKLNDTNTSNVPPVSCIVSDGVMSFTLAAAQELGVPEVLFWTTSACGLLGYMHYYKVIEKGYAPLKDATDLTNGYLETTLDFIPGMKDVRLRDLPSFLRTTNPDEFMIKFVLQETQRARKASAIILNTFETLEAEVLETLRNLLPPVYPIGPLHFLVKHADDENLKGLRSSLWKEEPECIQWLDTKEPNSVVYVNFGSITVMTPNQLIEFAWGLANSQQTFLWIIRPDIVSGDASILPPEFVEETKNRGMLASWCSQEEVLSHPAIGGFLTHSGWNSTLESISSGVPMICWPFFAEQQTNCWFSVTKWDIGMEIDSDVKRDEVESLVRELMVGEKGIKMKKKAMEWKELAEESAKEHSGLSYVNIEKVVNDILLSSKH	3-Oxo-α-ionol	no			https://doi.org/10.1104/pp.20.00953
UGT74B1	O48676	Arabidopsis thaliana	MAETTPKVKGHVVILPYPVQGHLNPMVQFAKRLVSKNVKVTIATTTYTASSITTPSLSVEPISDGFDFIPIGIPGFSVDTYSESFKLNGSETLTLLIEKFKSTDSPIDCLIYDSFLPWGLEVARSMELSAASFFTNNLTVCSVLRKFSNGDFPLPADPNSAPFRIRGLPSLSYDELPSFVGRHWLTHPEHGRVLLNQFPNHENADWLFVNGFEGLEETQDCENGESDAMKATLIGPMIPSAYLDDRMEDDKDYGASLLKPISKECMEWLETKQAQSVAFVSFGSFGILFEKQLAEVAIALQESDLNFLWVIKEAHIAKLPEGFVESTKDRALLVSWCNQLEVLAHESIGCFLTHCGWNSTLEGLSLGVPMVGVPQWSDQMNDAKFVEEVWKVGYRAKEEAGEVIVKSEELVRCLKGVMEGESSVKIRESSKKWKDLAVKAMSEGGSSDRSINEFIESLGK	phenylacetothiohydroximate		4.66666666666667	0.966666666666667	
UGT74B1	O48676	Arabidopsis thaliana	MAETTPKVKGHVVILPYPVQGHLNPMVQFAKRLVSKNVKVTIATTTYTASSITTPSLSVEPISDGFDFIPIGIPGFSVDTYSESFKLNGSETLTLLIEKFKSTDSPIDCLIYDSFLPWGLEVARSMELSAASFFTNNLTVCSVLRKFSNGDFPLPADPNSAPFRIRGLPSLSYDELPSFVGRHWLTHPEHGRVLLNQFPNHENADWLFVNGFEGLEETQDCENGESDAMKATLIGPMIPSAYLDDRMEDDKDYGASLLKPISKECMEWLETKQAQSVAFVSFGSFGILFEKQLAEVAIALQESDLNFLWVIKEAHIAKLPEGFVESTKDRALLVSWCNQLEVLAHESIGCFLTHCGWNSTLEGLSLGVPMVGVPQWSDQMNDAKFVEEVWKVGYRAKEEAGEVIVKSEELVRCLKGVMEGESSVKIRESSKKWKDLAVKAMSEGGSSDRSINEFIESLGK	phenylpropanothiohydroximate		5.43333333333333	1.58333333333333	
UGT74B1 mut H22A	O48676 (mut)	Arabidopsis thaliana	MAETTPKVKGHVVILPYPVQGALNPMVQFAKRLVSKNVKVTIATTTYTASSITTPSLSVEPISDGFDFIPIGIPGFSVDTYSESFKLNGSETLTLLIEKFKSTDSPIDCLIYDSFLPWGLEVARSMELSAASFFTNNLTVCSVLRKFSNGDFPLPADPNSAPFRIRGLPSLSYDELPSFVGRHWLTHPEHGRVLLNQFPNHENADWLFVNGFEGLEETQDCENGESDAMKATLIGPMIPSAYLDDRMEDDKDYGASLLKPISKECMEWLETKQAQSVAFVSFGSFGILFEKQLAEVAIALQESDLNFLWVIKEAHIAKLPEGFVESTKDRALLVSWCNQLEVLAHESIGCFLTHCGWNSTLEGLSLGVPMVGVPQWSDQMNDAKFVEEVWKVGYRAKEEAGEVIVKSEELVRCLKGVMEGESSVKIRESSKKWKDLAVKAMSEGGSSDRSINEFIESLGK	phenylacetothiohydroximate		0	0	
UGT74B1 mut H22A	O48676 (mut)	Arabidopsis thaliana	MAETTPKVKGHVVILPYPVQGALNPMVQFAKRLVSKNVKVTIATTTYTASSITTPSLSVEPISDGFDFIPIGIPGFSVDTYSESFKLNGSETLTLLIEKFKSTDSPIDCLIYDSFLPWGLEVARSMELSAASFFTNNLTVCSVLRKFSNGDFPLPADPNSAPFRIRGLPSLSYDELPSFVGRHWLTHPEHGRVLLNQFPNHENADWLFVNGFEGLEETQDCENGESDAMKATLIGPMIPSAYLDDRMEDDKDYGASLLKPISKECMEWLETKQAQSVAFVSFGSFGILFEKQLAEVAIALQESDLNFLWVIKEAHIAKLPEGFVESTKDRALLVSWCNQLEVLAHESIGCFLTHCGWNSTLEGLSLGVPMVGVPQWSDQMNDAKFVEEVWKVGYRAKEEAGEVIVKSEELVRCLKGVMEGESSVKIRESSKKWKDLAVKAMSEGGSSDRSINEFIESLGK	phenylpropanothiohydroximate		0	0	
UGT74B1 mut D113A	O48676 (mut)	Arabidopsis thaliana	MAETTPKVKGHVVILPYPVQGHLNPMVQFAKRLVSKNVKVTIATTTYTASSITTPSLSVEPISDGFDFIPIGIPGFSVDTYSESFKLNGSETLTLLIEKFKSTDSPIDCLIYASFLPWGLEVARSMELSAASFFTNNLTVCSVLRKFSNGDFPLPADPNSAPFRIRGLPSLSYDELPSFVGRHWLTHPEHGRVLLNQFPNHENADWLFVNGFEGLEETQDCENGESDAMKATLIGPMIPSAYLDDRMEDDKDYGASLLKPISKECMEWLETKQAQSVAFVSFGSFGILFEKQLAEVAIALQESDLNFLWVIKEAHIAKLPEGFVESTKDRALLVSWCNQLEVLAHESIGCFLTHCGWNSTLEGLSLGVPMVGVPQWSDQMNDAKFVEEVWKVGYRAKEEAGEVIVKSEELVRCLKGVMEGESSVKIRESSKKWKDLAVKAMSEGGSSDRSINEFIESLGK	phenylacetothiohydroximate		0.02	0.00166666666666667	
UGT74B1 mut D113A	O48676 (mut)	Arabidopsis thaliana	MAETTPKVKGHVVILPYPVQGHLNPMVQFAKRLVSKNVKVTIATTTYTASSITTPSLSVEPISDGFDFIPIGIPGFSVDTYSESFKLNGSETLTLLIEKFKSTDSPIDCLIYASFLPWGLEVARSMELSAASFFTNNLTVCSVLRKFSNGDFPLPADPNSAPFRIRGLPSLSYDELPSFVGRHWLTHPEHGRVLLNQFPNHENADWLFVNGFEGLEETQDCENGESDAMKATLIGPMIPSAYLDDRMEDDKDYGASLLKPISKECMEWLETKQAQSVAFVSFGSFGILFEKQLAEVAIALQESDLNFLWVIKEAHIAKLPEGFVESTKDRALLVSWCNQLEVLAHESIGCFLTHCGWNSTLEGLSLGVPMVGVPQWSDQMNDAKFVEEVWKVGYRAKEEAGEVIVKSEELVRCLKGVMEGESSVKIRESSKKWKDLAVKAMSEGGSSDRSINEFIESLGK	phenylpropanothiohydroximate		0.04	0.00166666666666667	
UGT74B1	O48676	Arabidopsis thaliana	MAETTPKVKGHVVILPYPVQGHLNPMVQFAKRLVSKNVKVTIATTTYTASSITTPSLSVEPISDGFDFIPIGIPGFSVDTYSESFKLNGSETLTLLIEKFKSTDSPIDCLIYDSFLPWGLEVARSMELSAASFFTNNLTVCSVLRKFSNGDFPLPADPNSAPFRIRGLPSLSYDELPSFVGRHWLTHPEHGRVLLNQFPNHENADWLFVNGFEGLEETQDCENGESDAMKATLIGPMIPSAYLDDRMEDDKDYGASLLKPISKECMEWLETKQAQSVAFVSFGSFGILFEKQLAEVAIALQESDLNFLWVIKEAHIAKLPEGFVESTKDRALLVSWCNQLEVLAHESIGCFLTHCGWNSTLEGLSLGVPMVGVPQWSDQMNDAKFVEEVWKVGYRAKEEAGEVIVKSEELVRCLKGVMEGESSVKIRESSKKWKDLAVKAMSEGGSSDRSINEFIESLGK	phenylacetohydroximate		0.065	0.0216666666666667	
UGT74B1	O48676	Arabidopsis thaliana	MAETTPKVKGHVVILPYPVQGHLNPMVQFAKRLVSKNVKVTIATTTYTASSITTPSLSVEPISDGFDFIPIGIPGFSVDTYSESFKLNGSETLTLLIEKFKSTDSPIDCLIYDSFLPWGLEVARSMELSAASFFTNNLTVCSVLRKFSNGDFPLPADPNSAPFRIRGLPSLSYDELPSFVGRHWLTHPEHGRVLLNQFPNHENADWLFVNGFEGLEETQDCENGESDAMKATLIGPMIPSAYLDDRMEDDKDYGASLLKPISKECMEWLETKQAQSVAFVSFGSFGILFEKQLAEVAIALQESDLNFLWVIKEAHIAKLPEGFVESTKDRALLVSWCNQLEVLAHESIGCFLTHCGWNSTLEGLSLGVPMVGVPQWSDQMNDAKFVEEVWKVGYRAKEEAGEVIVKSEELVRCLKGVMEGESSVKIRESSKKWKDLAVKAMSEGGSSDRSINEFIESLGK	phenylpropanohydroximate		0.0716666666666667	0.02	
UGT74B1	O48676	Arabidopsis thaliana	MAETTPKVKGHVVILPYPVQGHLNPMVQFAKRLVSKNVKVTIATTTYTASSITTPSLSVEPISDGFDFIPIGIPGFSVDTYSESFKLNGSETLTLLIEKFKSTDSPIDCLIYDSFLPWGLEVARSMELSAASFFTNNLTVCSVLRKFSNGDFPLPADPNSAPFRIRGLPSLSYDELPSFVGRHWLTHPEHGRVLLNQFPNHENADWLFVNGFEGLEETQDCENGESDAMKATLIGPMIPSAYLDDRMEDDKDYGASLLKPISKECMEWLETKQAQSVAFVSFGSFGILFEKQLAEVAIALQESDLNFLWVIKEAHIAKLPEGFVESTKDRALLVSWCNQLEVLAHESIGCFLTHCGWNSTLEGLSLGVPMVGVPQWSDQMNDAKFVEEVWKVGYRAKEEAGEVIVKSEELVRCLKGVMEGESSVKIRESSKKWKDLAVKAMSEGGSSDRSINEFIESLGK	thiophenol		0.181666666666667	0.025	
UGT74B1	O48676	Arabidopsis thaliana	MAETTPKVKGHVVILPYPVQGHLNPMVQFAKRLVSKNVKVTIATTTYTASSITTPSLSVEPISDGFDFIPIGIPGFSVDTYSESFKLNGSETLTLLIEKFKSTDSPIDCLIYDSFLPWGLEVARSMELSAASFFTNNLTVCSVLRKFSNGDFPLPADPNSAPFRIRGLPSLSYDELPSFVGRHWLTHPEHGRVLLNQFPNHENADWLFVNGFEGLEETQDCENGESDAMKATLIGPMIPSAYLDDRMEDDKDYGASLLKPISKECMEWLETKQAQSVAFVSFGSFGILFEKQLAEVAIALQESDLNFLWVIKEAHIAKLPEGFVESTKDRALLVSWCNQLEVLAHESIGCFLTHCGWNSTLEGLSLGVPMVGVPQWSDQMNDAKFVEEVWKVGYRAKEEAGEVIVKSEELVRCLKGVMEGESSVKIRESSKKWKDLAVKAMSEGGSSDRSINEFIESLGK	4-chlorothiophenol (4-CTP)		2.31666666666667	0.0933333333333333	
UGT74B1	O48676	Arabidopsis thaliana	MAETTPKVKGHVVILPYPVQGHLNPMVQFAKRLVSKNVKVTIATTTYTASSITTPSLSVEPISDGFDFIPIGIPGFSVDTYSESFKLNGSETLTLLIEKFKSTDSPIDCLIYDSFLPWGLEVARSMELSAASFFTNNLTVCSVLRKFSNGDFPLPADPNSAPFRIRGLPSLSYDELPSFVGRHWLTHPEHGRVLLNQFPNHENADWLFVNGFEGLEETQDCENGESDAMKATLIGPMIPSAYLDDRMEDDKDYGASLLKPISKECMEWLETKQAQSVAFVSFGSFGILFEKQLAEVAIALQESDLNFLWVIKEAHIAKLPEGFVESTKDRALLVSWCNQLEVLAHESIGCFLTHCGWNSTLEGLSLGVPMVGVPQWSDQMNDAKFVEEVWKVGYRAKEEAGEVIVKSEELVRCLKGVMEGESSVKIRESSKKWKDLAVKAMSEGGSSDRSINEFIESLGK	4-chlorophenol (4-CP)		0.01	0.00333333333333333	
UGT74B1	O48676	Arabidopsis thaliana	MAETTPKVKGHVVILPYPVQGHLNPMVQFAKRLVSKNVKVTIATTTYTASSITTPSLSVEPISDGFDFIPIGIPGFSVDTYSESFKLNGSETLTLLIEKFKSTDSPIDCLIYDSFLPWGLEVARSMELSAASFFTNNLTVCSVLRKFSNGDFPLPADPNSAPFRIRGLPSLSYDELPSFVGRHWLTHPEHGRVLLNQFPNHENADWLFVNGFEGLEETQDCENGESDAMKATLIGPMIPSAYLDDRMEDDKDYGASLLKPISKECMEWLETKQAQSVAFVSFGSFGILFEKQLAEVAIALQESDLNFLWVIKEAHIAKLPEGFVESTKDRALLVSWCNQLEVLAHESIGCFLTHCGWNSTLEGLSLGVPMVGVPQWSDQMNDAKFVEEVWKVGYRAKEEAGEVIVKSEELVRCLKGVMEGESSVKIRESSKKWKDLAVKAMSEGGSSDRSINEFIESLGK	2,3-dichlorophenol		0.0316666666666667	0.005	
UGT74B1	O48676	Arabidopsis thaliana	MAETTPKVKGHVVILPYPVQGHLNPMVQFAKRLVSKNVKVTIATTTYTASSITTPSLSVEPISDGFDFIPIGIPGFSVDTYSESFKLNGSETLTLLIEKFKSTDSPIDCLIYDSFLPWGLEVARSMELSAASFFTNNLTVCSVLRKFSNGDFPLPADPNSAPFRIRGLPSLSYDELPSFVGRHWLTHPEHGRVLLNQFPNHENADWLFVNGFEGLEETQDCENGESDAMKATLIGPMIPSAYLDDRMEDDKDYGASLLKPISKECMEWLETKQAQSVAFVSFGSFGILFEKQLAEVAIALQESDLNFLWVIKEAHIAKLPEGFVESTKDRALLVSWCNQLEVLAHESIGCFLTHCGWNSTLEGLSLGVPMVGVPQWSDQMNDAKFVEEVWKVGYRAKEEAGEVIVKSEELVRCLKGVMEGESSVKIRESSKKWKDLAVKAMSEGGSSDRSINEFIESLGK	2,4-dichlorophenol		0.0366666666666667	0.005	
UGT74B1	O48676	Arabidopsis thaliana	MAETTPKVKGHVVILPYPVQGHLNPMVQFAKRLVSKNVKVTIATTTYTASSITTPSLSVEPISDGFDFIPIGIPGFSVDTYSESFKLNGSETLTLLIEKFKSTDSPIDCLIYDSFLPWGLEVARSMELSAASFFTNNLTVCSVLRKFSNGDFPLPADPNSAPFRIRGLPSLSYDELPSFVGRHWLTHPEHGRVLLNQFPNHENADWLFVNGFEGLEETQDCENGESDAMKATLIGPMIPSAYLDDRMEDDKDYGASLLKPISKECMEWLETKQAQSVAFVSFGSFGILFEKQLAEVAIALQESDLNFLWVIKEAHIAKLPEGFVESTKDRALLVSWCNQLEVLAHESIGCFLTHCGWNSTLEGLSLGVPMVGVPQWSDQMNDAKFVEEVWKVGYRAKEEAGEVIVKSEELVRCLKGVMEGESSVKIRESSKKWKDLAVKAMSEGGSSDRSINEFIESLGK	2,5-dichlorophenol		0.07	0.00333333333333333	
UGT74B1	O48676	Arabidopsis thaliana	MAETTPKVKGHVVILPYPVQGHLNPMVQFAKRLVSKNVKVTIATTTYTASSITTPSLSVEPISDGFDFIPIGIPGFSVDTYSESFKLNGSETLTLLIEKFKSTDSPIDCLIYDSFLPWGLEVARSMELSAASFFTNNLTVCSVLRKFSNGDFPLPADPNSAPFRIRGLPSLSYDELPSFVGRHWLTHPEHGRVLLNQFPNHENADWLFVNGFEGLEETQDCENGESDAMKATLIGPMIPSAYLDDRMEDDKDYGASLLKPISKECMEWLETKQAQSVAFVSFGSFGILFEKQLAEVAIALQESDLNFLWVIKEAHIAKLPEGFVESTKDRALLVSWCNQLEVLAHESIGCFLTHCGWNSTLEGLSLGVPMVGVPQWSDQMNDAKFVEEVWKVGYRAKEEAGEVIVKSEELVRCLKGVMEGESSVKIRESSKKWKDLAVKAMSEGGSSDRSINEFIESLGK	2,4,6-trichlorophenol		0.241666666666667	0.0216666666666667	
UGT74B1	O48676	Arabidopsis thaliana	MAETTPKVKGHVVILPYPVQGHLNPMVQFAKRLVSKNVKVTIATTTYTASSITTPSLSVEPISDGFDFIPIGIPGFSVDTYSESFKLNGSETLTLLIEKFKSTDSPIDCLIYDSFLPWGLEVARSMELSAASFFTNNLTVCSVLRKFSNGDFPLPADPNSAPFRIRGLPSLSYDELPSFVGRHWLTHPEHGRVLLNQFPNHENADWLFVNGFEGLEETQDCENGESDAMKATLIGPMIPSAYLDDRMEDDKDYGASLLKPISKECMEWLETKQAQSVAFVSFGSFGILFEKQLAEVAIALQESDLNFLWVIKEAHIAKLPEGFVESTKDRALLVSWCNQLEVLAHESIGCFLTHCGWNSTLEGLSLGVPMVGVPQWSDQMNDAKFVEEVWKVGYRAKEEAGEVIVKSEELVRCLKGVMEGESSVKIRESSKKWKDLAVKAMSEGGSSDRSINEFIESLGK	2,3,4-trichlorophenol		0.11	0.015	
UGT74B1	O48676	Arabidopsis thaliana	MAETTPKVKGHVVILPYPVQGHLNPMVQFAKRLVSKNVKVTIATTTYTASSITTPSLSVEPISDGFDFIPIGIPGFSVDTYSESFKLNGSETLTLLIEKFKSTDSPIDCLIYDSFLPWGLEVARSMELSAASFFTNNLTVCSVLRKFSNGDFPLPADPNSAPFRIRGLPSLSYDELPSFVGRHWLTHPEHGRVLLNQFPNHENADWLFVNGFEGLEETQDCENGESDAMKATLIGPMIPSAYLDDRMEDDKDYGASLLKPISKECMEWLETKQAQSVAFVSFGSFGILFEKQLAEVAIALQESDLNFLWVIKEAHIAKLPEGFVESTKDRALLVSWCNQLEVLAHESIGCFLTHCGWNSTLEGLSLGVPMVGVPQWSDQMNDAKFVEEVWKVGYRAKEEAGEVIVKSEELVRCLKGVMEGESSVKIRESSKKWKDLAVKAMSEGGSSDRSINEFIESLGK	2,4,5-trichlorophenol		0.101666666666667	0.0183333333333333	
